"smart_sources:handover/HANDOVER_20260628.md": {"path":"handover/HANDOVER_20260628.md","last_embed":{"hash":"87vy59","at":1782975375816},"embeddings":{"TaylorAI/bge-micro-v2":{"vec":[-0.05569959,-0.02612585,0.0464849,-0.06421457,-0.01110916,0.00058731,-0.06124121,0.0015701,0.00468681,0.00902697,0.01815809,-0.0441822,0.03253892,0.02277233,0.00050177,-0.02813558,0.01317233,-0.01109752,-0.02602005,-0.01281956,0.13388258,-0.04167913,0.03104685,-0.03686346,0.03600776,0.02322082,0.03145767,-0.06634335,0.01526764,-0.16507047,-0.01921993,0.02194314,-0.03474965,-0.01806474,-0.00753871,-0.03065411,-0.0210812,0.02528082,-0.06310579,0.02319174,-0.02493273,0.05228865,0.03733464,-0.03677952,0.00814909,-0.06010066,-0.06719879,-0.04376595,0.01335762,-0.04424564,-0.0116502,-0.03094566,0.03107899,0.01127998,0.04694368,0.00873572,0.04883276,0.01514418,0.04754357,0.03291964,0.04154627,0.0090415,-0.22491732,0.06058475,-0.00302657,0.01098831,0.00321505,0.01085681,0.02321686,0.0349158,-0.03520638,0.00270988,0.0071915,0.05574641,0.01173492,-0.00094287,0.00554779,-0.04254545,-0.02218841,-0.04542984,-0.03557263,0.02119635,0.03308778,0.0034793,-0.01549904,0.0044945,0.03513444,-0.00567833,-0.02012371,0.07431128,-0.04359931,-0.03651074,0.07591019,0.05903108,-0.04939427,0.00557418,0.08006436,0.0492561,-0.09213034,0.10553604,-0.08967752,0.02215136,0.00054127,-0.04025542,0.06695946,0.0059923,-0.01361845,-0.04190554,-0.02172704,-0.05772989,-0.01615663,-0.02753869,-0.00315279,-0.08816174,0.02717246,0.02948824,0.04470091,0.01618492,0.02083986,0.01087257,0.04976146,-0.00432175,0.01699749,-0.03891823,-0.02320077,0.0004052,0.01530493,0.02177914,-0.00431175,0.05658603,0.04783275,-0.00373841,-0.05031952,-0.02382036,0.00055775,0.03042587,-0.05564464,-0.05345632,0.02965224,-0.02340999,-0.05125768,-0.09017063,-0.01605034,-0.09993865,-0.06206314,0.09762362,-0.04335928,0.01118503,0.02430269,-0.03744231,-0.03713762,0.04915258,-0.00177595,-0.05584146,0.00024783,0.02653287,0.02000853,0.09592693,-0.01044453,0.02310484,0.0018869,-0.06318068,-0.07585912,0.06772216,0.03145438,-0.1195802,-0.01327104,0.05252846,0.01812598,-0.0523227,-0.01573448,0.00353848,0.01169368,-0.00076491,0.10162383,0.02003244,0.06908629,-0.01779279,-0.07812492,0.0134657,0.02518729,-0.01601419,-0.05521769,0.02931094,-0.00999153,-0.05529826,-0.0217339,-0.04002434,0.05598284,-0.06344955,-0.06339975,0.04183228,-0.06050393,0.02972167,-0.00095638,-0.01876027,-0.03443537,-0.02295303,0.04963733,-0.06195917,0.13396965,0.05931486,-0.03923025,-0.04737568,-0.01433489,-0.00835743,0.00746168,-0.04021324,-0.06030763,0.06800733,-0.02771827,-0.00532354,0.08428231,0.0302859,-0.00704334,0.00333134,-0.01909209,0.02034229,0.00932662,0.0467681,0.02814428,0.00840431,0.00223124,-0.22568259,0.04153205,0.02908066,-0.0400706,-0.00975424,-0.05032049,0.0465976,-0.05194189,0.07830369,0.07609503,0.10182777,0.07108025,-0.03121661,0.03215411,-0.05140597,0.03040694,0.0256068,0.02686833,-0.04109944,0.0182571,-0.01269805,0.03787481,-0.02298253,-0.03454462,0.04351509,-0.03645784,0.11463898,0.00504236,-0.02761988,-0.02125548,0.08024588,0.05485491,-0.0240617,-0.10496158,0.07761435,0.07891251,-0.01585262,0.0361764,-0.00454948,-0.0606676,0.02154905,0.08379484,-0.02738226,-0.10390975,-0.05281922,-0.03781686,-0.04471132,-0.05732478,-0.00128011,0.04359731,-0.01162102,0.03215163,-0.00507847,0.04534267,0.03923678,-0.02878507,-0.06306509,0.00991806,0.04651783,0.09860071,-0.02801146,-0.03751162,0.02503036,0.0231218,0.00791145,0.04416652,0.0115163,0.03974061,0.04259485,0.02050165,0.00723881,0.09139726,-0.00378834,0.0100501,0.00596525,-0.01827102,-0.01948123,0.00023931,0.02860364,-0.00629235,0.01559669,0.00906469,0.03536699,0.05518523,-0.00239651,0.02197647,0.03791208,0.0424602,0.04163198,-0.00442419,-0.04586758,0.02227928,-0.03794256,0.00612693,0.06602103,0.01595572,-0.34739509,0.03797733,0.00745378,-0.00912127,0.00046439,0.02990848,0.03661048,0.02234881,-0.05790831,0.03240096,-0.07030593,0.05862851,0.0494285,-0.00513161,0.0073086,-0.04118053,0.04557034,0.00076218,0.00063092,-0.09117717,-0.03984638,0.03834398,0.1919945,0.01841494,0.00434449,-0.01845834,0.01999013,0.02613368,0.05277964,0.00940688,-0.07408306,0.02857982,0.09237158,-0.04196141,0.02108326,0.04848961,-0.00903111,0.02700632,-0.01616461,-0.0318355,-0.0417573,0.00627226,-0.00953808,-0.01931529,0.11394043,0.03474718,-0.06564177,-0.04441265,0.02572544,-0.00525863,-0.03433711,0.0082437,-0.01854789,-0.05187529,0.04312256,0.01762758,0.08241886,-0.02819731,-0.04188722,0.02960138,0.02098651,0.04407427,0.0241449,0.01149561,0.00951317],"last_embed":{"tokens":478,"hash":"87vy59"}}},"last_read":{"hash":"87vy59","at":1782975375816},"class_name":"SmartSource","last_import":{"mtime":1782645023359,"size":8109,"at":1782975375543,"hash":"87vy59"},"blocks":{"#引継ぎログ：2026年6月28日（日）":[1,196],"#引継ぎログ：2026年6月28日（日）#{1}":[3,9],"#引継ぎログ：2026年6月28日（日）#1. 本日（6/28）の達成事項":[10,29],"#引継ぎログ：2026年6月28日（日）#1. 本日（6/28）の達成事項#✅ 文字数バリデーション機能の実装完了（フェーズ1.5β）":[12,29],"#引継ぎログ：2026年6月28日（日）#1. 本日（6/28）の達成事項#✅ 文字数バリデーション機能の実装完了（フェーズ1.5β）#{1}":[14,15],"#引継ぎログ：2026年6月28日（日）#1. 本日（6/28）の達成事項#✅ 文字数バリデーション機能の実装完了（フェーズ1.5β）#完了タスク（全7項目）":[16,29],"#引継ぎログ：2026年6月28日（日）#1. 本日（6/28）の達成事項#✅ 文字数バリデーション機能の実装完了（フェーズ1.5β）#完了タスク（全7項目）#{1}":[18,29],"#引継ぎログ：2026年6月28日（日）#2. 文字数規定（design_system.md §1 準拠）":[30,77],"#引継ぎログ：2026年6月28日（日）#2. 文字数規定（design_system.md §1 準拠）#C-1 スコアカード":[32,40],"#引継ぎログ：2026年6月28日（日）#2. 文字数規定（design_system.md §1 準拠）#C-1 スコアカード#{1}":[34,40],"#引継ぎログ：2026年6月28日（日）#2. 文字数規定（design_system.md §1 準拠）#C-2 改善提案リスト":[41,49],"#引継ぎログ：2026年6月28日（日）#2. 文字数規定（design_system.md §1 準拠）#C-2 改善提案リスト#{1}":[43,49],"#引継ぎログ：2026年6月28日（日）#2. 文字数規定（design_system.md §1 準拠）#C-3 ビジュアル診断ボード":[50,61],"#引継ぎログ：2026年6月28日（日）#2. 文字数規定（design_system.md §1 準拠）#C-3 ビジュアル診断ボード#{1}":[52,61],"#引継ぎログ：2026年6月28日（日）#2. 文字数規定（design_system.md §1 準拠）#バリデーション失敗時の挙動":[62,77],"#引継ぎログ：2026年6月28日（日）#2. 文字数規定（design_system.md §1 準拠）#バリデーション失敗時の挙動#{1}":[64,77],"#引継ぎログ：2026年6月28日（日）#3. 本日確定した方針":[78,87],"#引継ぎログ：2026年6月28日（日）#3. 本日確定した方針#{1}":[80,87],"#引継ぎログ：2026年6月28日（日）#4. 動作確認テスト結果":[88,110],"#引継ぎログ：2026年6月28日（日）#4. 動作確認テスト結果#バリデーション単体テスト：6/6 PASS":[90,100],"#引継ぎログ：2026年6月28日（日）#4. 動作確認テスト結果#バリデーション単体テスト：6/6 PASS#{1}":[92,100],"#引継ぎログ：2026年6月28日（日）#4. 動作確認テスト結果#実PPTX生成テスト（スピークアップ英会話・正常系）":[101,110],"#引継ぎログ：2026年6月28日（日）#4. 動作確認テスト結果#実PPTX生成テスト（スピークアップ英会話・正常系）#{1}":[103,103],"#引継ぎログ：2026年6月28日（日）#4. 動作確認テスト結果#実PPTX生成テスト（スピークアップ英会話・正常系）#{2}":[104,104],"#引継ぎログ：2026年6月28日（日）#4. 動作確認テスト結果#実PPTX生成テスト（スピークアップ英会話・正常系）#{3}":[105,106],"#引継ぎログ：2026年6月28日（日）#4. 動作確認テスト結果#実PPTX生成テスト（スピークアップ英会話・正常系）#{4}":[107,110],"#引継ぎログ：2026年6月28日（日）#5. 変更ファイル一覧":[111,123],"#引継ぎログ：2026年6月28日（日）#5. 変更ファイル一覧#{1}":[113,123],"#引継ぎログ：2026年6月28日（日）#6. 明日（6/29）以降のタスク":[124,147],"#引継ぎログ：2026年6月28日（日）#6. 明日（6/29）以降のタスク#🔴 HIGH（フェーズ1.5本体：ビジュアル強化）":[126,135],"#引継ぎログ：2026年6月28日（日）#6. 明日（6/29）以降のタスク#🔴 HIGH（フェーズ1.5本体：ビジュアル強化）#{1}":[128,129],"#引継ぎログ：2026年6月28日（日）#6. 明日（6/29）以降のタスク#🔴 HIGH（フェーズ1.5本体：ビジュアル強化）#{2}":[130,130],"#引継ぎログ：2026年6月28日（日）#6. 明日（6/29）以降のタスク#🔴 HIGH（フェーズ1.5本体：ビジュアル強化）#{3}":[131,131],"#引継ぎログ：2026年6月28日（日）#6. 明日（6/29）以降のタスク#🔴 HIGH（フェーズ1.5本体：ビジュアル強化）#{4}":[132,132],"#引継ぎログ：2026年6月28日（日）#6. 明日（6/29）以降のタスク#🔴 HIGH（フェーズ1.5本体：ビジュアル強化）#{5}":[133,133],"#引継ぎログ：2026年6月28日（日）#6. 明日（6/29）以降のタスク#🔴 HIGH（フェーズ1.5本体：ビジュアル強化）#{6}":[134,135],"#引継ぎログ：2026年6月28日（日）#6. 明日（6/29）以降のタスク#🟡 MEDIUM":[136,141],"#引継ぎログ：2026年6月28日（日）#6. 明日（6/29）以降のタスク#🟡 MEDIUM#{1}":[138,138],"#引継ぎログ：2026年6月28日（日）#6. 明日（6/29）以降のタスク#🟡 MEDIUM#{2}":[139,139],"#引継ぎログ：2026年6月28日（日）#6. 明日（6/29）以降のタスク#🟡 MEDIUM#{3}":[140,141],"#引継ぎログ：2026年6月28日（日）#6. 明日（6/29）以降のタスク#🟢 LOW":[142,147],"#引継ぎログ：2026年6月28日（日）#6. 明日（6/29）以降のタスク#🟢 LOW#{1}":[144,145],"#引継ぎログ：2026年6月28日（日）#6. 明日（6/29）以降のタスク#🟢 LOW#{2}":[146,147],"#引継ぎログ：2026年6月28日（日）#7. 未解決論点":[148,158],"#引継ぎログ：2026年6月28日（日）#7. 未解決論点#なし（本日タスクは100%完了）":[150,158],"#引継ぎログ：2026年6月28日（日）#7. 未解決論点#なし（本日タスクは100%完了）#{1}":[152,152],"#引継ぎログ：2026年6月28日（日）#7. 未解決論点#なし（本日タスクは100%完了）#{2}":[153,153],"#引継ぎログ：2026年6月28日（日）#7. 未解決論点#なし（本日タスクは100%完了）#{3}":[154,154],"#引継ぎログ：2026年6月28日（日）#7. 未解決論点#なし（本日タスクは100%完了）#{4}":[155,156],"#引継ぎログ：2026年6月28日（日）#7. 未解決論点#なし（本日タスクは100%完了）#{5}":[157,158],"#引継ぎログ：2026年6月28日（日）#8. GitHub 同期状況":[159,168],"#引継ぎログ：2026年6月28日（日）#8. GitHub 同期状況#{1}":[161,161],"#引継ぎログ：2026年6月28日（日）#8. GitHub 同期状況#{2}":[162,162],"#引継ぎログ：2026年6月28日（日）#8. GitHub 同期状況#{3}":[163,163],"#引継ぎログ：2026年6月28日（日）#8. GitHub 同期状況#{4}":[164,164],"#引継ぎログ：2026年6月28日（日）#8. GitHub 同期状況#{5}":[165,166],"#引継ぎログ：2026年6月28日（日）#8. GitHub 同期状況#{6}":[167,168],"#引継ぎログ：2026年6月28日（日）#9. 次回再開時の指示テンプレート":[169,184],"#引継ぎログ：2026年6月28日（日）#9. 次回再開時の指示テンプレート#{1}":[171,184],"#引継ぎログ：2026年6月28日（日）#10. ユーザー（入江さん）へのメッセージ":[185,196],"#引継ぎログ：2026年6月28日（日）#10. ユーザー（入江さん）へのメッセージ#{1}":[187,196]},"outlinks":[],"task_lines":[],"tasks":{},"codeblock_ranges":[[64,72],[92,99],[171,181]],"key":"handover/HANDOVER_20260628.md"},
"smart_blocks:handover/HANDOVER_20260628.md#引継ぎログ：2026年6月28日（日）": {"path":null,"last_embed":{"hash":"87vy59","at":1782971693890},"embeddings":{"TaylorAI/bge-micro-v2":{"vec":[-0.05155929,-0.02438698,0.0527145,-0.06798007,-0.00413683,-0.00459831,-0.05439098,-0.00302577,0.0040659,0.00399717,0.01552171,-0.0446416,0.03447196,0.02319542,-0.00578488,-0.02862799,0.02125056,-0.00867998,-0.02211397,-0.01207523,0.13426374,-0.03987061,0.02974403,-0.04337145,0.03626106,0.02705445,0.03182958,-0.06273222,0.01686399,-0.16535816,-0.02288737,0.01754731,-0.03399858,-0.0162278,0.00015333,-0.03839207,-0.02609484,0.02381838,-0.05772198,0.02949451,-0.02125503,0.0562304,0.03800544,-0.03961734,0.00977612,-0.05953211,-0.07589668,-0.03975091,0.02066129,-0.04508222,-0.01406666,-0.02746275,0.03204143,0.01611968,0.04769163,0.00507413,0.04923386,0.0167541,0.04574545,0.02802695,0.03518839,0.00949504,-0.22447167,0.05956127,-0.00060168,0.01064597,0.00350515,0.01178828,0.01916195,0.03167064,-0.03905498,0.00540531,0.00332004,0.05320798,0.01188802,0.00257466,0.00880737,-0.04527187,-0.02946893,-0.04191534,-0.02981856,0.018432,0.03645093,0.00386834,-0.01543401,0.00675137,0.03862488,-0.00072893,-0.01996183,0.07422519,-0.0482608,-0.03875925,0.0758661,0.06161938,-0.04526351,0.00758147,0.08300658,0.05387237,-0.08643881,0.10465942,-0.08412796,0.02239205,-0.00155937,-0.03838929,0.07070392,0.01239279,-0.01076999,-0.03218418,-0.02307811,-0.06055419,-0.01544306,-0.02341788,0.00399432,-0.09236092,0.02945623,0.03234698,0.04256443,0.0175334,0.02145151,0.01571452,0.04943613,-0.00258751,0.0193147,-0.04705356,-0.01760011,0.00111511,0.01268014,0.01990101,-0.00868226,0.05838956,0.04242744,-0.00164437,-0.0543782,-0.02946844,0.00350501,0.02828166,-0.05179015,-0.05428869,0.0294469,-0.01900712,-0.05418422,-0.09323969,-0.01363811,-0.09562099,-0.06672903,0.09177626,-0.05032494,0.0128046,0.03068149,-0.04360395,-0.04095816,0.05154777,0.00193536,-0.05516294,-0.00189332,0.02807425,0.01898422,0.09898718,-0.01451298,0.01817076,-0.00420121,-0.0666979,-0.07265816,0.06737129,0.03495911,-0.11423222,-0.00913299,0.05548549,0.01833802,-0.05287877,-0.01137531,-0.00184906,0.00784179,-0.00099748,0.09933781,0.00525,0.06415851,-0.01527003,-0.08280456,0.01525694,0.02292459,-0.02220526,-0.05818062,0.03111367,-0.01063389,-0.05345562,-0.02259918,-0.03687008,0.05977973,-0.06284208,-0.05494104,0.03606769,-0.06343443,0.0292563,0.00295423,-0.01198872,-0.03497504,-0.02381153,0.04756923,-0.06267311,0.13699497,0.05095859,-0.03774153,-0.04308835,-0.01841074,-0.0047282,0.00310088,-0.03905933,-0.06910144,0.06725902,-0.02420206,-0.01119051,0.08179947,0.02431188,-0.00772169,-0.00263565,-0.01909661,0.02369589,0.00052672,0.04773271,0.0221514,0.00556183,-0.00444884,-0.22454548,0.04907988,0.03021828,-0.04279725,-0.01467246,-0.04778206,0.04482853,-0.04903255,0.09177605,0.07425556,0.10513344,0.07518733,-0.03355687,0.0287745,-0.06185579,0.02938727,0.0253716,0.03060509,-0.04525561,0.01999164,-0.01018488,0.0280576,-0.02341549,-0.0348899,0.04296299,-0.04141527,0.11415882,0.00244635,-0.02446341,-0.02292226,0.07592611,0.05375249,-0.02210956,-0.10543913,0.08265944,0.07442705,-0.01561166,0.04509009,-0.01679781,-0.05726389,0.01980559,0.08346326,-0.02339271,-0.10210787,-0.04783949,-0.04223666,-0.04057641,-0.05968156,-0.00605545,0.043099,-0.00354284,0.0398974,-0.00442307,0.0457812,0.03376693,-0.03037752,-0.06207759,0.00858641,0.04639954,0.09636514,-0.02472396,-0.04438143,0.01702093,0.02435064,0.00364555,0.03643533,0.01191154,0.03662177,0.04760038,0.02432537,0.00780459,0.0905554,-0.00678248,0.00730664,0.00411062,-0.02335846,-0.01821647,0.00064467,0.033639,-0.0061067,0.01683601,0.01867816,0.040469,0.05663634,0.00414858,0.01426357,0.03881977,0.04375736,0.048388,-0.00253534,-0.0410062,0.02146147,-0.03937474,-0.00029974,0.06418508,0.02079274,-0.34858814,0.04098861,0.01192032,-0.01351811,0.00617167,0.02528172,0.03727379,0.01921019,-0.06013501,0.03442104,-0.06413516,0.05602648,0.05166067,-0.00714044,0.00264241,-0.03271131,0.04819033,0.00108847,-0.00140556,-0.07980923,-0.04044911,0.04171418,0.18639232,0.02043232,0.0106809,-0.02506903,0.01644056,0.03037141,0.05060542,0.01706084,-0.07189652,0.03178853,0.1006235,-0.041224,0.02221483,0.04789571,-0.00720906,0.03089014,-0.01320281,-0.03166348,-0.0363308,0.00197803,-0.01173376,-0.01922668,0.11056451,0.03169439,-0.0706108,-0.0520955,0.03054307,-0.00357295,-0.03476581,0.00931184,-0.01899883,-0.05064705,0.03702131,0.01956132,0.07402913,-0.02975607,-0.03363284,0.0300236,0.02251711,0.04239371,0.016176,0.00982062,0.00385915],"last_embed":{"tokens":439,"hash":"87vy59"}}},"text":null,"length":0,"last_read":{"hash":"87vy59","at":1782971693890},"key":"handover/HANDOVER_20260628.md#引継ぎログ：2026年6月28日（日）","lines":[1,196],"size":4418,"outlinks":[],"class_name":"SmartBlock"},
"smart_blocks:handover/HANDOVER_20260628.md#引継ぎログ：2026年6月28日（日）#{1}": {"path":null,"last_embed":{"hash":null},"embeddings":{},"text":null,"length":0,"last_read":{"hash":"cpm4jp","at":1782971691383},"key":"handover/HANDOVER_20260628.md#引継ぎログ：2026年6月28日（日）#{1}","lines":[3,9],"size":173,"outlinks":[],"class_name":"SmartBlock"},
"smart_blocks:handover/HANDOVER_20260628.md#引継ぎログ：2026年6月28日（日）#1. 本日（6/28）の達成事項": {"path":null,"last_embed":{"hash":"6rxs6t","at":1782971694009},"embeddings":{"TaylorAI/bge-micro-v2":{"vec":[-0.05325895,-0.03788196,0.03230549,-0.07056154,-0.010415,0.0048237,-0.05255872,0.00227176,0.04350871,-0.02557236,0.00035598,-0.05029191,0.053252,0.00952214,0.01897045,-0.04301948,0.01790425,-0.02039816,-0.05290911,-0.01490727,0.10993449,-0.04676509,0.0113015,-0.061973,0.04686726,0.03488896,0.01114604,-0.0642423,0.00072394,-0.16135843,-0.03207579,0.01722588,0.00428298,-0.0189255,-0.02372616,-0.02739649,-0.01871245,0.0340158,-0.04073762,0.01365675,-0.03794905,0.05428362,0.02388929,-0.02028018,0.02764809,-0.05996109,-0.04962474,-0.04906892,0.0172515,-0.04315637,-0.02689493,-0.01412801,0.0400638,0.00393573,0.03900757,0.01375483,0.04086721,0.01599369,0.04057085,0.03287491,0.05485134,0.00948007,-0.22102456,0.07548409,-0.0006687,-0.00995316,-0.02082072,0.01887074,0.04169672,0.02490797,-0.06488824,-0.01818798,0.00800148,0.05325649,-0.00718992,-0.00409797,-0.00762047,-0.04709556,-0.03557342,-0.04048661,-0.02820825,-0.01016746,0.01805227,-0.00442361,-0.0312166,0.00415214,0.03461605,-0.0158278,-0.01886776,0.07214419,-0.03114861,-0.04243346,0.06532161,0.05866513,-0.05203479,-0.02524168,0.06673735,0.05284826,-0.09990405,0.09878025,-0.10200022,0.01504823,-0.00219337,-0.02033455,0.06869266,-0.01364178,0.00468526,-0.02875252,-0.02181269,-0.09120708,-0.02352214,-0.03936454,0.00573861,-0.06643315,0.00897106,0.06072735,0.04110511,-0.00626333,0.04551039,0.00964647,0.03117936,-0.03355114,0.02102527,-0.01818521,-0.02824309,-0.00965058,-0.00208169,0.02649137,-0.02886088,0.06409764,0.05011656,0.01098792,-0.06530806,-0.02266497,0.02229599,0.03341643,-0.03925707,-0.02106905,0.04181447,-0.03873222,-0.04599468,-0.10478184,-0.01032691,-0.09297828,-0.05368802,0.09166969,-0.05606266,0.00889698,0.0458122,-0.03091021,-0.01668089,0.05021664,0.0030368,-0.05420018,-0.00025981,0.01288474,0.05682785,0.07556079,-0.00524424,0.02432411,-0.01683914,-0.03448406,-0.09847984,0.08965837,0.04004799,-0.1206385,0.00714401,0.05515148,0.01483648,-0.0671536,-0.00879723,-0.00153572,0.01151362,0.00000433,0.08477892,0.00816294,0.04682357,0.02328066,-0.05277264,0.01012025,0.02848434,-0.02536045,-0.04735446,0.03226234,-0.00515031,-0.0305321,-0.01002839,-0.04867179,0.07932357,-0.01652974,-0.06558559,0.02802864,-0.04133425,0.02858646,-0.01337748,-0.01188845,-0.07582149,-0.01340631,0.05371867,-0.07465841,0.12592627,0.05098897,-0.05297654,-0.05202519,0.00539507,0.00048664,0.02194216,-0.03812866,-0.03727819,0.06643604,-0.0272025,-0.00434079,0.09833151,0.03670328,0.0005191,-0.00670853,-0.02251616,0.03310004,0.00807476,0.02547554,0.01291928,-0.00530086,-0.02037434,-0.22388606,0.03991596,0.02181249,-0.03624626,-0.00405349,-0.04664946,0.0228185,-0.04132863,0.07456055,0.06479795,0.12525418,0.06372114,-0.04158825,0.01702449,-0.04093758,0.02641105,0.01722363,0.03793922,-0.04403025,0.00850452,-0.01171273,0.05643867,-0.00853358,0.01267984,0.06171151,-0.03478184,0.11489244,0.00300203,-0.00873506,-0.02076557,0.07740684,0.05125661,-0.0337927,-0.07673832,0.072868,0.07931625,-0.01212143,0.02853265,0.01946257,-0.0467682,0.0367836,0.07186528,-0.03027906,-0.08351343,-0.063903,-0.07740589,-0.01570543,-0.03891068,-0.00503909,0.05391524,0.00178374,0.01326955,0.02206645,0.02558521,0.04958556,-0.04578076,-0.06955745,0.034203,0.01832307,0.07239944,-0.00470384,-0.04029479,0.02184013,0.00301721,-0.00120683,0.04105621,0.0131601,0.03823144,0.02890272,0.01440222,0.03053701,0.08070488,0.01482253,0.01862717,-0.00851274,-0.00132647,0.01441522,-0.02507663,0.02117364,-0.04797281,-0.00816689,0.03049457,0.03837657,0.05035746,0.02172238,0.01022227,0.03848278,0.02779304,0.06669208,-0.01151327,-0.05323917,0.02312057,-0.03186073,0.02043235,0.05427214,0.01530035,-0.34327865,0.00731116,-0.03281678,0.01365358,0.00569964,0.04408837,0.01479065,0.01084486,-0.0820431,0.04514915,-0.08809035,0.05563155,0.04777838,-0.01361736,0.0112009,-0.04226913,0.04685646,-0.00486092,0.009804,-0.07879793,-0.04296559,0.03504192,0.18688838,0.02159501,0.00984023,-0.03157173,0.04419577,0.01308167,0.06616572,0.02691517,-0.05350095,0.02306722,0.09377613,-0.06201254,0.02882859,0.06149947,-0.01291879,0.01973458,-0.01120641,-0.04119518,-0.03017177,-0.00345707,-0.00507595,-0.0194417,0.09913022,0.02579468,-0.08152332,-0.03636531,0.03255447,-0.00498456,-0.02916863,0.00909692,-0.003062,-0.05370292,0.05008068,0.01544757,0.10251659,-0.01289976,-0.04587468,0.04420446,0.05032614,0.01589536,0.04174887,0.04272746,0.0291358],"last_embed":{"tokens":467,"hash":"6rxs6t"}}},"text":null,"length":0,"last_read":{"hash":"6rxs6t","at":1782971694009},"key":"handover/HANDOVER_20260628.md#引継ぎログ：2026年6月28日（日）#1. 本日（6/28）の達成事項","lines":[10,29],"size":656,"outlinks":[],"class_name":"SmartBlock"},
"smart_blocks:handover/HANDOVER_20260628.md#引継ぎログ：2026年6月28日（日）#1. 本日（6/28）の達成事項#✅ 文字数バリデーション機能の実装完了（フェーズ1.5β）": {"path":null,"last_embed":{"hash":"7s8rjx","at":1782971694142},"embeddings":{"TaylorAI/bge-micro-v2":{"vec":[-0.05723719,-0.03631465,0.03035293,-0.07119591,-0.01344728,0.00598522,-0.05261594,0.00200622,0.04780993,-0.02623959,0.00310996,-0.0523513,0.05552623,0.00842101,0.01869185,-0.04194049,0.01710882,-0.01782256,-0.05105651,-0.01586117,0.11017789,-0.04712001,0.01064816,-0.05995685,0.04871785,0.03764315,0.00806082,-0.06518867,0.00192729,-0.16114829,-0.03117957,0.01742508,0.00131858,-0.02026324,-0.02719301,-0.02428623,-0.02064339,0.0340995,-0.0404539,0.01383949,-0.03795102,0.0545643,0.02258668,-0.02100129,0.029528,-0.06342488,-0.05040017,-0.04965172,0.01884048,-0.0434618,-0.02746255,-0.01108396,0.04078437,0.00213317,0.0393853,0.0106861,0.04109334,0.01924998,0.04037517,0.02926555,0.05627866,0.00846856,-0.22267479,0.07531953,0.00164344,-0.01064743,-0.02207581,0.0206861,0.04598451,0.02599582,-0.06567715,-0.01854075,0.00726463,0.05442649,-0.01298577,-0.00385311,-0.0051836,-0.04549378,-0.03777149,-0.04053656,-0.02963074,-0.01213055,0.01683311,-0.00552743,-0.03000304,0.00519469,0.03671774,-0.01673017,-0.01966297,0.07273619,-0.03247258,-0.04360589,0.06500312,0.05774572,-0.05358962,-0.0217782,0.06721036,0.05232781,-0.09833877,0.0976392,-0.09992527,0.01377787,-0.00151688,-0.01450841,0.06826416,-0.01126636,0.00480391,-0.03036288,-0.02358895,-0.09010617,-0.02261366,-0.04051926,0.00603316,-0.06479632,0.00927658,0.06275907,0.03990151,-0.00794544,0.04529161,0.0063256,0.03196015,-0.03710696,0.0205673,-0.01697008,-0.02985157,-0.01259741,0.00071844,0.02411275,-0.0247596,0.0639931,0.05353026,0.01172462,-0.06358092,-0.02364735,0.0284025,0.0331974,-0.03715852,-0.01627306,0.04145951,-0.03989067,-0.0450524,-0.10507768,-0.01017914,-0.09501433,-0.04993158,0.09173517,-0.05416203,0.0072779,0.04453857,-0.03326665,-0.01983502,0.05197307,0.00268411,-0.05590306,-0.00301472,0.01245681,0.06219562,0.07747184,-0.00301145,0.02210265,-0.01740099,-0.03209779,-0.09661172,0.08960801,0.04149288,-0.12267765,0.00681638,0.0580381,0.01275384,-0.06770739,-0.00742495,-0.00024163,0.01304346,-0.00137482,0.0822733,0.00592575,0.04563809,0.02351574,-0.04728895,0.01154172,0.03200129,-0.02562279,-0.04684152,0.0296224,-0.00658445,-0.0310061,-0.01423332,-0.04879744,0.07756487,-0.01777082,-0.06553814,0.02820447,-0.04119822,0.03411289,-0.01323687,-0.01374241,-0.07796818,-0.01259794,0.05154373,-0.07132583,0.12452269,0.04812233,-0.05702553,-0.04841313,0.00475899,-0.00039391,0.01971759,-0.03709054,-0.03615835,0.0643901,-0.02458786,-0.00206539,0.09608682,0.03913129,0.0007139,-0.00411998,-0.02691382,0.03845154,0.00586838,0.02540841,0.01315037,-0.00531117,-0.01906013,-0.2241575,0.03660723,0.0228618,-0.03798981,-0.00584694,-0.04663912,0.02582098,-0.04123121,0.07192928,0.06340076,0.12665156,0.06151515,-0.04233924,0.01342222,-0.03951294,0.02926967,0.01721501,0.04046061,-0.04171236,0.00476885,-0.00975398,0.05549954,-0.00792995,0.01489064,0.06144471,-0.0368484,0.11536452,0.0038184,-0.0069769,-0.01971992,0.07831078,0.05230821,-0.03304797,-0.07477927,0.0697756,0.08002172,-0.00997401,0.03026414,0.01978372,-0.04909486,0.03720856,0.07116336,-0.02751607,-0.08198802,-0.06321032,-0.07672463,-0.01213759,-0.03769326,-0.00459006,0.05479999,0.00361719,0.01090441,0.02382225,0.02745248,0.04829564,-0.04465362,-0.06887128,0.03628722,0.01478942,0.07082851,-0.00265014,-0.03881336,0.02184427,0.00323958,-0.00412378,0.0427091,0.01416959,0.03463204,0.02776212,0.01409158,0.03269539,0.08316123,0.01702496,0.01680498,-0.01009838,0.00143875,0.01520756,-0.0250203,0.01930884,-0.05015907,-0.00619621,0.0322409,0.0377751,0.05183642,0.01956895,0.00567689,0.03969311,0.02248349,0.06456099,-0.01256122,-0.05500217,0.02176554,-0.03114156,0.01959865,0.05467686,0.01374892,-0.34400284,0.0066746,-0.03405046,0.01367649,0.00544184,0.04169258,0.01117794,0.0096114,-0.08123525,0.04344267,-0.0895725,0.05714575,0.04550458,-0.0135594,0.00718078,-0.03820784,0.04717156,-0.00266237,0.010835,-0.07933108,-0.04142436,0.03829481,0.18187794,0.02624584,0.01541314,-0.03146347,0.04157292,0.00927483,0.06541177,0.02695298,-0.05291638,0.02247144,0.09480897,-0.0639599,0.03241397,0.06324717,-0.01103744,0.01819107,-0.0097976,-0.04180232,-0.03080106,-0.00567024,-0.00306929,-0.02220196,0.1000241,0.02562041,-0.08336816,-0.0386168,0.02977228,-0.00367117,-0.03096535,0.01021429,-0.00376399,-0.051977,0.05504072,0.01686597,0.09842347,-0.01412315,-0.04777157,0.04181629,0.05303734,0.01442579,0.04402862,0.04084399,0.02849773],"last_embed":{"tokens":466,"hash":"7s8rjx"}}},"text":null,"length":0,"last_read":{"hash":"7s8rjx","at":1782971694142},"key":"handover/HANDOVER_20260628.md#引継ぎログ：2026年6月28日（日）#1. 本日（6/28）の達成事項#✅ 文字数バリデーション機能の実装完了（フェーズ1.5β）","lines":[12,29],"size":635,"outlinks":[],"class_name":"SmartBlock"},
"smart_blocks:handover/HANDOVER_20260628.md#引継ぎログ：2026年6月28日（日）#1. 本日（6/28）の達成事項#✅ 文字数バリデーション機能の実装完了（フェーズ1.5β）#{1}": {"path":null,"last_embed":{"hash":null},"embeddings":{},"text":null,"length":0,"last_read":{"hash":"zd81zx","at":1782971691383},"key":"handover/HANDOVER_20260628.md#引継ぎログ：2026年6月28日（日）#1. 本日（6/28）の達成事項#✅ 文字数バリデーション機能の実装完了（フェーズ1.5β）#{1}","lines":[14,15],"size":126,"outlinks":[],"class_name":"SmartBlock"},
"smart_blocks:handover/HANDOVER_20260628.md#引継ぎログ：2026年6月28日（日）#1. 本日（6/28）の達成事項#✅ 文字数バリデーション機能の実装完了（フェーズ1.5β）#完了タスク（全7項目）": {"path":null,"last_embed":{"hash":"1qj2ar7","at":1782971694269},"embeddings":{"TaylorAI/bge-micro-v2":{"vec":[-0.04367984,-0.04504668,0.0253833,-0.06258462,-0.00837645,0.02686327,-0.07206348,0.00642336,0.04056331,-0.01725628,0.00404002,-0.02484921,0.04056069,0.01620199,-0.00401964,-0.05640046,0.01725903,-0.02225279,-0.04076569,-0.0085551,0.11257067,-0.04414347,-0.029432,-0.06188578,0.03042055,0.02679975,0.00250248,-0.09294334,-0.02202326,-0.15869075,-0.05148969,0.02060487,0.0186448,-0.01301163,-0.02525309,-0.01768755,-0.00731929,0.0473942,-0.04781951,0.01848176,-0.02772712,0.05750335,0.02520366,-0.01497831,0.02009786,-0.07026044,-0.04594751,-0.04442918,0.01632571,-0.04886752,-0.04360555,-0.01523027,0.02675685,0.01300291,0.02745353,0.02001131,0.03668368,-0.00075923,0.03737818,0.01080237,0.06268853,0.00615211,-0.22249734,0.06604165,-0.01678742,-0.00612633,-0.01505676,0.02402003,0.03157116,0.04464774,-0.04861474,-0.0176881,0.0231596,0.0604109,-0.00148185,-0.00998514,-0.03243888,-0.04127709,-0.04364623,-0.0228551,-0.03185129,-0.01858762,0.02143014,-0.01388329,-0.03335042,-0.01242386,0.02151021,-0.02284198,-0.0326595,0.07631635,-0.02460507,-0.04753189,0.06273378,0.05644735,-0.06648652,-0.03478887,0.05587602,0.02772848,-0.08470368,0.10442887,-0.0970615,0.03144915,0.0237754,-0.0264226,0.06224046,-0.01833233,0.00178836,-0.00886769,-0.01221666,-0.07557168,-0.02947958,-0.03919372,-0.00056753,-0.06312993,0.00185969,0.05633945,0.03930099,-0.00309461,0.03779327,0.00622144,0.02733713,-0.00777778,0.0173175,-0.00926946,-0.02765126,-0.00569937,0.00841383,0.03521392,-0.01654292,0.07112098,0.04224319,0.02031805,-0.07683212,-0.00405802,0.00428288,0.02857958,-0.00754299,-0.00884628,0.03818024,-0.033171,-0.04811214,-0.08643018,-0.03040919,-0.08190113,-0.05388794,0.10348485,-0.04621452,0.0121492,0.03180458,-0.03296709,-0.0033823,0.05963921,-0.00151666,-0.04258183,0.00515582,0.00317144,0.0583645,0.05377232,-0.00391306,0.02605014,0.00095653,-0.02603694,-0.07679459,0.09469244,0.04026863,-0.09892774,-0.0017326,0.05176105,0.03185673,-0.0697964,-0.01566471,0.00515197,0.02018638,0.02243022,0.1095549,0.02644411,0.0830992,0.02572668,-0.05811932,-0.00199887,0.03867414,0.01110773,-0.06939165,0.04289266,0.00789969,-0.04890666,-0.02672926,-0.05280622,0.06395262,-0.01432369,-0.08511348,0.0276299,-0.04457637,0.03958106,-0.02921282,-0.03954768,-0.08717895,-0.00161415,0.0504155,-0.09786665,0.13094155,0.05526615,-0.05092414,-0.0539412,0.01775836,-0.00152795,0.01559368,-0.03791956,-0.0483212,0.05936545,-0.05056699,0.01424513,0.09673388,0.05776091,0.01567513,0.00180032,-0.01766109,0.02318522,0.00798782,0.01147646,0.03094526,0.00243024,-0.00827114,-0.22296835,0.01958632,0.02659618,-0.04639062,-0.00715558,-0.03644731,0.01869307,-0.0322436,0.07162741,0.07054279,0.10456086,0.04620431,-0.03531167,0.03049652,-0.03978902,0.01220549,0.02715132,0.02261076,-0.03771536,-0.01311522,-0.01699986,0.05323675,-0.02281694,0.01432892,0.0767129,-0.0265837,0.10703859,0.00550629,-0.03303083,-0.00807477,0.07860707,0.04407367,-0.04166095,-0.07289122,0.06723458,0.06660487,-0.02287223,0.00801306,0.01624319,-0.04783108,0.03039259,0.06438158,-0.05825117,-0.08538283,-0.08473557,-0.05554454,-0.02020309,-0.03973769,-0.00658576,0.05294408,-0.01098989,-0.01150978,0.03848853,0.03665188,0.06535387,-0.0312947,-0.0534937,0.0277706,0.02132352,0.08183201,-0.0005906,-0.02794182,0.00764551,-0.00028473,-0.00081713,0.05202891,0.00547725,0.03882441,0.03014893,0.0100052,0.03240832,0.07526557,0.01568625,0.01602827,0.02609066,-0.00150336,0.0048924,-0.0512124,0.0333792,-0.05109923,-0.01393675,0.00974744,0.03865292,0.05323015,0.00948064,0.02743681,0.02863424,0.02319474,0.04575043,-0.02071771,-0.05785856,0.02954556,-0.03025223,0.01440438,0.06245234,0.00650187,-0.33340091,0.01786187,-0.03866838,0.01266194,0.01308114,0.04820753,0.00701389,0.0281592,-0.07213593,0.02692029,-0.08072483,0.07166097,0.04366376,-0.0092303,0.00160964,-0.05266621,0.04901131,-0.00220145,0.03338644,-0.10162471,-0.03917967,0.00531914,0.19520892,0.03477601,-0.01745982,-0.03049696,0.04927881,0.0028314,0.06243726,0.03031959,-0.04862223,0.05029928,0.09822234,-0.04992542,0.0426964,0.07747255,-0.02358322,0.02135089,-0.01569615,-0.03269664,-0.01993469,-0.01091526,-0.01390263,-0.01884275,0.10226467,0.0136464,-0.07575142,-0.02698101,0.045609,0.00854117,-0.01816569,0.00737685,-0.00979674,-0.03839212,0.04807341,0.00426364,0.08307975,-0.00829627,-0.03999883,0.03963139,0.04881275,0.02029634,0.04166713,0.03842117,0.04750228],"last_embed":{"tokens":371,"hash":"1qj2ar7"}}},"text":null,"length":0,"last_read":{"hash":"1qj2ar7","at":1782971694269},"key":"handover/HANDOVER_20260628.md#引継ぎログ：2026年6月28日（日）#1. 本日（6/28）の達成事項#✅ 文字数バリデーション機能の実装完了（フェーズ1.5β）#完了タスク（全7項目）","lines":[16,29],"size":473,"outlinks":[],"class_name":"SmartBlock"},
"smart_blocks:handover/HANDOVER_20260628.md#引継ぎログ：2026年6月28日（日）#1. 本日（6/28）の達成事項#✅ 文字数バリデーション機能の実装完了（フェーズ1.5β）#完了タスク（全7項目）#{1}": {"path":null,"last_embed":{"hash":"p8u3fz","at":1782971694373},"embeddings":{"TaylorAI/bge-micro-v2":{"vec":[-0.04508968,-0.04380943,0.02469547,-0.06315631,-0.00856716,0.03111992,-0.07329663,0.00632741,0.04088242,-0.01930396,0.00678989,-0.02297566,0.04191979,0.01480533,-0.00291221,-0.05446791,0.01970701,-0.02180341,-0.04007674,-0.01081052,0.11572702,-0.04064535,-0.02633068,-0.05519084,0.03086854,0.02755919,0.00714313,-0.09539934,-0.02201775,-0.15889174,-0.04959117,0.02511058,0.01645157,-0.01336645,-0.02474211,-0.01593843,-0.009535,0.04802592,-0.04399605,0.02063411,-0.02818793,0.0585576,0.02935118,-0.01643848,0.01727615,-0.06985156,-0.04629597,-0.04548221,0.0194659,-0.04569739,-0.04386011,-0.01491209,0.0270579,0.01642002,0.02670562,0.02096322,0.03575757,0.00376574,0.03791738,0.01098502,0.06230884,0.00569788,-0.22150561,0.06504226,-0.01908045,-0.00624334,-0.01521595,0.0293498,0.0328062,0.04041923,-0.04824464,-0.0184462,0.02595848,0.06009658,-0.00073665,-0.01003971,-0.03300622,-0.04184422,-0.04245691,-0.02446542,-0.02970561,-0.02164731,0.02128578,-0.01295704,-0.03238388,-0.017895,0.02026152,-0.02795342,-0.02942779,0.07336103,-0.02578355,-0.04040048,0.06138071,0.05610537,-0.06896299,-0.03887562,0.05335222,0.02879762,-0.08903919,0.10308556,-0.09614595,0.03285134,0.01926164,-0.02882251,0.06250633,-0.01723254,0.00151255,-0.00954399,-0.01267339,-0.07612161,-0.03483447,-0.03832387,-0.00069877,-0.06490818,0.0029027,0.05473482,0.04031989,-0.00647174,0.03525406,0.00394543,0.03265775,-0.00908214,0.01785897,-0.01296925,-0.02794388,-0.0044686,0.01065776,0.03434607,-0.01344445,0.07407761,0.04375692,0.02109603,-0.07627904,-0.00606889,0.00445022,0.03045354,-0.00820039,-0.01045095,0.03789701,-0.035574,-0.05080793,-0.0865271,-0.0305731,-0.08129054,-0.05439268,0.1048566,-0.04741649,0.0162447,0.02555984,-0.02840659,-0.00574732,0.05507958,0.0000422,-0.04257756,0.00779842,0.0013751,0.05925464,0.05206494,-0.00702244,0.02378525,-0.00089629,-0.02583949,-0.07574004,0.09242917,0.04147633,-0.09549936,0.00019728,0.05148538,0.03393514,-0.07099639,-0.01621274,0.00390553,0.01826953,0.02329063,0.11024126,0.02856132,0.08025774,0.02505032,-0.05538566,-0.00048478,0.04105853,0.00767516,-0.06904262,0.03781146,0.00609722,-0.04893173,-0.0240003,-0.05327087,0.06221464,-0.01413359,-0.08797029,0.03062232,-0.04356186,0.04002089,-0.03138162,-0.04239971,-0.0842559,0.00181976,0.05293089,-0.09775519,0.13355413,0.05205603,-0.0507627,-0.05332056,0.01703173,-0.00344344,0.01620725,-0.03897871,-0.04531039,0.0600063,-0.0523857,0.01336331,0.10149473,0.05963258,0.01416854,0.00549735,-0.0176199,0.02693846,0.00780959,0.01235435,0.03377102,0.00482286,-0.00578693,-0.2265332,0.02303507,0.03065777,-0.04755189,-0.0089654,-0.03249936,0.01816466,-0.03698052,0.06856502,0.06683976,0.10254823,0.04604105,-0.03947307,0.02783021,-0.03960348,0.01272461,0.02641721,0.02414983,-0.03967375,-0.01524079,-0.01541302,0.05188144,-0.02588588,0.01513929,0.07229198,-0.02537124,0.10313728,-0.00188313,-0.03198781,-0.00764122,0.0809897,0.04294812,-0.04103151,-0.07143573,0.06931648,0.06777512,-0.02341067,0.00632234,0.01697663,-0.04916778,0.02871354,0.06436045,-0.06168924,-0.08699171,-0.08432739,-0.05614594,-0.01990503,-0.04254737,-0.0055433,0.04676824,-0.00944186,-0.00463403,0.03659468,0.03597753,0.06514564,-0.03072656,-0.05372143,0.02777423,0.01821166,0.08138175,-0.00071722,-0.02410422,0.00652073,-0.00417792,-0.00393692,0.05272304,0.00725666,0.03950682,0.03106546,0.01093573,0.03252555,0.07540184,0.01370328,0.0160844,0.02550984,-0.00160477,0.00309756,-0.05028374,0.03230333,-0.05146238,-0.01379309,0.00818376,0.03517245,0.05300907,0.0096471,0.0240784,0.03088667,0.01911252,0.04493051,-0.01854711,-0.05760284,0.02845896,-0.02752419,0.01484386,0.06152482,0.01015116,-0.333947,0.02042058,-0.03523866,0.0124786,0.01113655,0.05204295,0.00786176,0.02906973,-0.07077508,0.02781871,-0.07829588,0.07201701,0.0407778,-0.00983744,0.00574687,-0.05058491,0.04649495,-0.00002666,0.03724726,-0.10028557,-0.0414646,0.00536785,0.19456989,0.03203732,-0.01839455,-0.02705956,0.05000188,0.00542408,0.06469936,0.02466581,-0.04541611,0.04927355,0.09627258,-0.05039055,0.0416102,0.07904085,-0.02409494,0.02257775,-0.01565535,-0.03386639,-0.01819508,-0.01621816,-0.01101166,-0.01785167,0.10371292,0.01382581,-0.07942925,-0.02880609,0.04296108,0.00970198,-0.01748281,0.01035898,-0.01090422,-0.03609749,0.05094623,0.0083477,0.08419086,-0.0091277,-0.04071445,0.03866634,0.05062298,0.01764054,0.04129709,0.03759256,0.05167397],"last_embed":{"tokens":368,"hash":"p8u3fz"}}},"text":null,"length":0,"last_read":{"hash":"p8u3fz","at":1782971694373},"key":"handover/HANDOVER_20260628.md#引継ぎログ：2026年6月28日（日）#1. 本日（6/28）の達成事項#✅ 文字数バリデーション機能の実装完了（フェーズ1.5β）#完了タスク（全7項目）#{1}","lines":[18,29],"size":455,"outlinks":[],"class_name":"SmartBlock"},
"smart_blocks:handover/HANDOVER_20260628.md#引継ぎログ：2026年6月28日（日）#2. 文字数規定（design_system.md §1 準拠）": {"path":null,"last_embed":{"hash":"w7s2u5","at":1782971694450},"embeddings":{"TaylorAI/bge-micro-v2":{"vec":[-0.03456556,-0.04880909,0.01242567,-0.06784981,0.01099619,0.0081626,-0.03715771,0.00409259,0.05554031,0.00338979,-0.01658095,-0.03784666,0.05555145,0.02236939,-0.01109539,-0.01834022,0.00991852,0.01680037,-0.05301623,-0.01025838,0.13365936,-0.0566096,-0.02690914,-0.07293487,0.04308522,0.015015,0.01224486,-0.05475327,-0.02033432,-0.14540233,-0.04162891,0.03377894,-0.00024724,-0.02094841,-0.01630503,-0.00226204,0.00338593,0.04622758,-0.04406966,0.02853117,-0.02307319,0.0408094,0.01356208,-0.02464522,0.00058236,-0.02811133,-0.05950234,-0.045895,-0.01109978,-0.06908303,-0.04594184,-0.02659509,0.00290058,0.00882831,0.01091863,0.04547475,0.02201136,-0.00529674,0.04717486,0.00297512,0.04638124,0.01029158,-0.22179075,0.05683883,-0.01698202,-0.02525689,0.01564333,0.00268535,0.04254181,0.04290695,-0.04187328,-0.01444857,0.00040936,0.06453922,-0.00461469,-0.02889958,-0.01673804,-0.04306579,-0.04439792,-0.05460947,-0.03148995,0.01801645,0.0311456,0.00292593,-0.04473078,0.00301235,0.00391742,-0.02333666,-0.03609875,0.08289588,-0.02664119,-0.05054281,0.06757956,0.07021639,-0.07061077,-0.01493365,0.03612444,0.02418437,-0.1055568,0.09862271,-0.08487885,0.03994329,0.02985157,-0.03073956,0.06347463,-0.02401569,-0.0301093,-0.03429,-0.01970849,-0.0487368,-0.0294213,-0.02470758,0.01434742,-0.07125761,-0.00814791,0.02218996,0.05111142,0.01387433,0.02709184,-0.00408542,0.03656595,0.02112281,0.03064521,-0.01338333,-0.04175609,0.01320621,0.01814845,0.02625798,0.00982819,0.06814145,0.04650929,0.00954732,-0.07644349,-0.01040217,0.00196971,0.02954309,-0.00510395,-0.03587336,0.01943163,-0.01594448,-0.02842252,-0.08982947,-0.03096642,-0.09257224,-0.03379973,0.1041656,-0.06801,0.01918088,0.03388464,-0.04386378,0.00555615,0.04966983,0.01796953,-0.0433629,-0.02886473,0.01511396,0.05119695,0.07783864,-0.00146733,0.03562333,0.01602194,-0.03862681,-0.11687049,0.09590246,0.04474566,-0.09054346,-0.02900406,0.01110137,0.01706238,-0.03175706,-0.03319674,0.01649738,0.00955426,-0.00377359,0.11839672,0.03543624,0.0717999,0.02056598,-0.05817351,-0.00217492,0.04175636,0.02074851,-0.04091823,0.0551258,0.01260498,-0.07657114,-0.02333713,-0.04054656,0.04666514,-0.03037829,-0.08183614,0.0426222,-0.01659483,0.0144376,-0.02215144,-0.04470127,-0.06314696,-0.0057514,0.04483796,-0.09271637,0.11726345,0.06886803,-0.06252657,-0.07426987,-0.00277536,-0.01021143,-0.01304125,-0.01150708,-0.06593171,0.0656547,-0.04443284,0.01463498,0.09389409,0.02154478,0.0162016,-0.0134003,-0.01641826,0.03989125,0.01706301,0.0110459,0.03593107,0.02643243,-0.01627737,-0.22128443,0.01216955,0.04089317,-0.05567548,0.00541156,-0.02889511,0.01549645,-0.03913957,0.05065865,0.06675978,0.12972692,0.04405302,-0.05046276,0.03330681,-0.01931564,0.01518018,0.02579458,0.02517329,-0.03611632,0.00523791,0.0300234,0.04016441,-0.00435818,-0.00948768,0.04614666,-0.0308024,0.09736145,-0.00608662,-0.03874894,-0.01119769,0.06673386,0.04299583,-0.03989461,-0.04802497,0.07110249,0.06198344,-0.03404389,0.02264854,0.01605663,-0.05151116,0.02973532,0.07758498,-0.04801015,-0.07614299,-0.04548631,-0.05518629,-0.0372633,-0.05414758,-0.00757033,0.04649792,-0.01491483,0.00391118,0.02505432,0.04055328,0.07009322,-0.01526072,-0.04554067,0.01100837,0.02354996,0.06790749,-0.01361476,-0.02035638,0.02101558,-0.00604836,0.00016442,0.03036331,0.01087476,0.06521013,0.01308544,0.04072539,0.01152622,0.09377668,0.02286927,0.01800563,0.03244166,0.00845944,-0.02632432,-0.02252594,0.02030135,-0.04690221,-0.02353885,0.0044273,0.01821364,0.01796844,0.00124185,0.04136882,0.0168517,0.01284978,0.03426617,-0.03456553,-0.0720005,0.02153446,-0.04422073,0.02012139,0.08638056,0.01814681,-0.32553002,0.04363085,-0.02261742,0.01259277,0.00510518,0.05231943,-0.01358161,0.01527433,-0.08205067,0.06442264,-0.08478813,0.05429289,0.05716175,-0.00493496,0.00070136,-0.05426446,0.04937438,0.00006433,0.03666951,-0.09707422,-0.04253494,0.02434157,0.21005754,0.01768741,0.00622407,-0.04323767,0.02636822,0.02629257,0.07520574,0.05357531,-0.04904679,0.03890176,0.09492522,-0.04312646,0.03396396,0.04710364,-0.03149649,0.03482876,-0.00661199,-0.02228538,-0.03161802,0.0232298,-0.01424376,-0.03336674,0.1101559,0.02257184,-0.05561771,-0.05333271,0.06010644,0.01345246,-0.02277268,0.00662951,-0.02557218,-0.02550466,0.05943872,-0.02550289,0.07879574,-0.02577751,-0.04990048,0.03225,0.05283985,0.02179772,0.05347694,0.02428582,0.05221079],"last_embed":{"tokens":486,"hash":"w7s2u5"}}},"text":null,"length":0,"last_read":{"hash":"w7s2u5","at":1782971694450},"key":"handover/HANDOVER_20260628.md#引継ぎログ：2026年6月28日（日）#2. 文字数規定（design_system.md §1 準拠）","lines":[30,77],"size":818,"outlinks":[],"class_name":"SmartBlock"},
"smart_blocks:handover/HANDOVER_20260628.md#引継ぎログ：2026年6月28日（日）#2. 文字数規定（design_system.md §1 準拠）#C-1 スコアカード": {"path":null,"last_embed":{"hash":null},"embeddings":{},"text":null,"length":0,"last_read":{"hash":"zssv4z","at":1782971691383},"key":"handover/HANDOVER_20260628.md#引継ぎログ：2026年6月28日（日）#2. 文字数規定（design_system.md §1 準拠）#C-1 スコアカード","lines":[32,40],"size":128,"outlinks":[],"class_name":"SmartBlock"},
"smart_blocks:handover/HANDOVER_20260628.md#引継ぎログ：2026年6月28日（日）#2. 文字数規定（design_system.md §1 準拠）#C-1 スコアカード#{1}": {"path":null,"last_embed":{"hash":null},"embeddings":{},"text":null,"length":0,"last_read":{"hash":"1le131d","at":1782971691383},"key":"handover/HANDOVER_20260628.md#引継ぎログ：2026年6月28日（日）#2. 文字数規定（design_system.md §1 準拠）#C-1 スコアカード#{1}","lines":[34,40],"size":112,"outlinks":[],"class_name":"SmartBlock"},
"smart_blocks:handover/HANDOVER_20260628.md#引継ぎログ：2026年6月28日（日）#2. 文字数規定（design_system.md §1 準拠）#C-2 改善提案リスト": {"path":null,"last_embed":{"hash":null},"embeddings":{},"text":null,"length":0,"last_read":{"hash":"1qtajvp","at":1782971691383},"key":"handover/HANDOVER_20260628.md#引継ぎログ：2026年6月28日（日）#2. 文字数規定（design_system.md §1 準拠）#C-2 改善提案リスト","lines":[41,49],"size":146,"outlinks":[],"class_name":"SmartBlock"},
"smart_blocks:handover/HANDOVER_20260628.md#引継ぎログ：2026年6月28日（日）#2. 文字数規定（design_system.md §1 準拠）#C-2 改善提案リスト#{1}": {"path":null,"last_embed":{"hash":null},"embeddings":{},"text":null,"length":0,"last_read":{"hash":"1h7s5ac","at":1782971691383},"key":"handover/HANDOVER_20260628.md#引継ぎログ：2026年6月28日（日）#2. 文字数規定（design_system.md §1 準拠）#C-2 改善提案リスト#{1}","lines":[43,49],"size":129,"outlinks":[],"class_name":"SmartBlock"},
"smart_blocks:handover/HANDOVER_20260628.md#引継ぎログ：2026年6月28日（日）#2. 文字数規定（design_system.md §1 準拠）#C-3 ビジュアル診断ボード": {"path":null,"last_embed":{"hash":"186u9is","at":1782971694584},"embeddings":{"TaylorAI/bge-micro-v2":{"vec":[-0.05432287,-0.05795792,0.02683553,-0.03285479,0.01280702,0.01906611,-0.02723164,0.00629811,0.0386885,-0.00109881,-0.01612556,-0.01064507,0.05001567,0.00392545,-0.00668811,-0.00444717,0.02162277,0.00261203,-0.05454249,-0.03566917,0.13451168,-0.02786331,-0.02663616,-0.03599805,0.04100469,0.02541175,0.02838776,-0.04019234,-0.0039177,-0.16620743,-0.04347699,0.04265117,0.00042562,-0.02438644,-0.0159617,-0.02430491,-0.03065696,0.03835252,-0.03229788,0.01456647,-0.0316138,0.05570797,0.04108655,-0.04002613,-0.00152297,-0.00831944,-0.03566416,-0.04115329,0.01735871,-0.06610039,-0.02410194,-0.04852223,0.00899753,0.00704947,0.0451897,0.04957788,0.0344729,-0.02090427,0.05081145,0.0255981,0.05088054,-0.005168,-0.22207996,0.06243385,-0.0237965,-0.03239118,0.0161408,0.00800562,0.03192163,0.0802945,-0.04089816,-0.02597344,-0.00479891,0.03553817,0.00056466,-0.03669995,-0.00991065,-0.05682773,-0.04688127,-0.06965551,-0.02320712,0.0203145,0.0097902,-0.01983679,-0.05544399,0.00763957,0.02050101,-0.03658542,-0.03742201,0.05933626,-0.03357328,-0.02330141,0.05510468,0.07089798,-0.05858357,-0.04039469,0.02847612,0.01827561,-0.06789956,0.09834274,-0.08438322,0.06311164,0.03369897,-0.04100283,0.0566062,-0.03284216,-0.00266283,-0.01704036,-0.01469126,-0.06617077,-0.0343173,-0.02123983,0.02513662,-0.0841861,0.01961987,0.01147479,0.06144244,0.0230265,0.03845861,-0.01560542,0.05056005,0.01238811,0.04650014,-0.02628075,-0.04111787,0.01940882,0.03986037,0.03460217,0.00574833,0.06941798,0.07499395,0.01973094,-0.05317643,-0.00101654,-0.02238884,0.00353492,-0.01459984,-0.0460449,0.02901904,-0.03961584,-0.03179817,-0.0564374,0.0068161,-0.12901972,-0.04054856,0.12067552,-0.06797405,0.01216574,0.02349773,-0.04554753,0.00236038,0.04658369,0.0156443,-0.04344,-0.03144823,0.02622508,0.04201735,0.09031405,-0.01550819,0.03906953,0.00087082,-0.05590548,-0.10486129,0.09516377,0.02524302,-0.09528205,-0.0011356,0.0205085,0.02260676,-0.02758056,-0.04070834,0.00911104,-0.01223134,0.03309922,0.13506624,0.04244412,0.07412767,0.00229232,-0.06313174,-0.00805672,0.05803907,0.00802391,-0.03393116,0.03498931,0.03369608,-0.06126074,-0.01670911,-0.0259441,0.02949658,0.00695845,-0.06415782,0.04380713,0.00774344,0.03428337,-0.04906881,-0.03750799,-0.03743615,0.00684986,0.03828938,-0.11552192,0.11351614,0.04824099,-0.0492348,-0.06605251,-0.00316107,0.00113629,-0.01093599,-0.01969365,-0.04056818,0.04202231,-0.06651825,0.02446869,0.10462444,0.00155686,0.04069726,-0.01912977,-0.0094998,0.03558029,-0.00084884,0.01698831,0.03310607,0.0107468,-0.04355599,-0.23201478,0.03380814,0.04990747,-0.03051575,-0.0060566,-0.01021716,0.00502688,-0.02335908,0.07644626,0.06536742,0.11540066,0.04745702,-0.05610001,0.01901843,-0.02421788,0.02577305,0.06067509,0.0071813,-0.02895508,0.00451676,0.01484147,0.03643203,-0.01052113,-0.01033556,0.03254591,-0.06316782,0.08813943,-0.01270089,-0.04061679,-0.01519678,0.05984377,0.02294717,-0.04420264,-0.04641419,0.07368384,0.05491996,-0.06210195,-0.02399432,-0.00735523,-0.06878751,0.01962618,0.05179235,-0.03223094,-0.07679699,-0.03238301,-0.05572465,-0.04881601,-0.06601893,-0.02465522,0.01377871,0.00058896,-0.00884208,0.0147385,0.04467492,0.0510019,0.00338107,-0.02931651,0.00284202,-0.00977062,0.06352934,-0.00923796,-0.00532884,0.02755138,-0.02064371,-0.00180937,0.07218951,-0.02225018,0.06573447,0.02353578,0.03365403,-0.03065666,0.07809345,0.0223941,-0.00241492,0.04831496,0.025579,-0.02581172,-0.0149076,0.02880101,-0.03709325,0.00782252,-0.01919769,0.0332876,0.01965102,0.01721454,0.05187726,0.00502737,-0.02439828,0.03287472,-0.04026543,-0.04040064,0.02462442,-0.04359857,0.01216753,0.07019009,0.04100304,-0.31610656,0.04606843,-0.0004074,0.01733969,-0.00422016,0.04832061,0.01021546,0.0166835,-0.07224148,0.03985459,-0.08085082,0.04309993,0.03825566,-0.00593794,-0.001449,-0.050523,0.04950197,0.00715394,0.05724762,-0.11285815,-0.06354173,0.01405875,0.21613933,0.0448075,0.00778861,-0.05938207,-0.00917205,0.03007235,0.04331812,0.04572027,-0.00320101,0.02946914,0.10160612,-0.01916635,0.01605625,0.04769648,-0.03517949,0.04913988,-0.01787488,-0.02063699,-0.02739573,0.00420588,-0.03169182,-0.0262849,0.09079222,0.01039079,-0.05525099,-0.04114688,0.0565476,0.01529527,-0.02113467,0.01883058,-0.0289381,0.0116269,0.07007988,-0.00800583,0.06629238,-0.04189916,-0.07090186,0.02538204,0.04370141,0.01150259,0.04005168,0.02803524,0.06760306],"last_embed":{"tokens":156,"hash":"186u9is"}}},"text":null,"length":0,"last_read":{"hash":"186u9is","at":1782971694584},"key":"handover/HANDOVER_20260628.md#引継ぎログ：2026年6月28日（日）#2. 文字数規定（design_system.md §1 準拠）#C-3 ビジュアル診断ボード","lines":[50,61],"size":238,"outlinks":[],"class_name":"SmartBlock"},
"smart_blocks:handover/HANDOVER_20260628.md#引継ぎログ：2026年6月28日（日）#2. 文字数規定（design_system.md §1 準拠）#C-3 ビジュアル診断ボード#{1}": {"path":null,"last_embed":{"hash":"1ygu155","at":1782971694617},"embeddings":{"TaylorAI/bge-micro-v2":{"vec":[-0.05502573,-0.05365591,0.02669728,-0.02680646,0.01296622,0.02048937,-0.02978704,0.00450222,0.03748887,-0.00019898,-0.01287115,-0.0067741,0.05124453,0.00177277,-0.00274774,0.00073105,0.02076882,0.004582,-0.05287679,-0.03703296,0.13518895,-0.02513755,-0.02916364,-0.03189108,0.04150354,0.02670509,0.02536746,-0.04024469,-0.0075262,-0.16600686,-0.04485781,0.04174504,-0.00142311,-0.0273295,-0.01592777,-0.02704962,-0.03237765,0.04222074,-0.02923031,0.01622441,-0.03140028,0.05936256,0.04001705,-0.04084775,-0.00581312,-0.00710759,-0.03312173,-0.03922608,0.01879149,-0.06445653,-0.02120248,-0.04846109,0.01136041,0.00561672,0.04107243,0.05092499,0.03289494,-0.02363917,0.05461171,0.02816007,0.04958476,-0.00204109,-0.22390243,0.06109286,-0.02504499,-0.03247776,0.01764467,0.0079833,0.02863967,0.0809608,-0.04048152,-0.02570005,-0.0055338,0.03358979,0.00299098,-0.03774036,-0.01007426,-0.05743814,-0.04905072,-0.07155599,-0.02003128,0.02123557,0.01028816,-0.01755456,-0.05547528,0.00409576,0.02064697,-0.03853634,-0.03888347,0.05854671,-0.03112456,-0.02315242,0.05460453,0.07061283,-0.05868996,-0.04010247,0.03017177,0.01775919,-0.0689554,0.09818375,-0.08214048,0.06275718,0.03316655,-0.0388342,0.0567489,-0.0331576,-0.00584859,-0.01590557,-0.01464451,-0.06671409,-0.0362393,-0.01767694,0.02507745,-0.08432138,0.01711481,0.0120373,0.06378926,0.02000915,0.0362954,-0.01570588,0.05118139,0.01664738,0.04945718,-0.02728268,-0.0378025,0.01990628,0.03743728,0.03383768,0.00570393,0.0690458,0.07844651,0.01892631,-0.05232854,0.00147478,-0.02390569,0.0049358,-0.01296135,-0.04652449,0.02734107,-0.04344635,-0.032823,-0.05543743,0.00735094,-0.13130732,-0.04005382,0.12234581,-0.06870238,0.01256759,0.02023717,-0.04763519,0.00687491,0.04635518,0.01906028,-0.04140628,-0.03457624,0.02449572,0.04283326,0.08836392,-0.0172023,0.04208509,-0.00160201,-0.05581602,-0.10120836,0.0935045,0.02728497,-0.09203447,0.00050828,0.02124404,0.02142697,-0.02377832,-0.04178103,0.01244386,-0.01530331,0.03361586,0.13678664,0.04322122,0.07188042,0.00462214,-0.06030218,-0.00809949,0.05707862,0.00782351,-0.0350548,0.03698026,0.03257317,-0.05912626,-0.01746232,-0.02349141,0.02793741,0.00641842,-0.06646549,0.04423903,0.00698124,0.03852725,-0.05238375,-0.03716878,-0.03683404,0.00817348,0.03944084,-0.11597311,0.11310019,0.04432607,-0.04669673,-0.06646361,-0.00504428,-0.00203868,-0.01107508,-0.02229133,-0.03764669,0.04027724,-0.06421673,0.02490508,0.1044175,-0.00050001,0.04079083,-0.01866906,-0.01168731,0.03665732,-0.00351843,0.01629569,0.03116026,0.01269399,-0.04430563,-0.23398612,0.03151964,0.05011563,-0.03342726,-0.00392504,-0.00717855,0.00464109,-0.02080442,0.07476493,0.06381444,0.11509972,0.04922758,-0.05420452,0.01795135,-0.02495497,0.02652505,0.06072064,0.00786757,-0.03029699,0.00494859,0.01443422,0.03595497,-0.01230517,-0.00802712,0.03570566,-0.06487171,0.08773825,-0.01375219,-0.04465299,-0.01342964,0.05895368,0.01934158,-0.04528728,-0.04515435,0.07422296,0.05599387,-0.06055612,-0.02623344,-0.00830378,-0.07177683,0.01929213,0.05059109,-0.03002018,-0.0741987,-0.02623134,-0.0573271,-0.04606763,-0.06318396,-0.02190065,0.01361899,0.00194166,-0.00531842,0.01206854,0.04699742,0.05138428,0.00314413,-0.03238611,0.00480856,-0.01419373,0.06061205,-0.00860426,-0.00798534,0.02568663,-0.02179156,-0.00436391,0.07086936,-0.02026628,0.0662475,0.02039889,0.03595452,-0.02944413,0.0758848,0.02362619,-0.00676109,0.04966179,0.02488289,-0.02523849,-0.01640052,0.03011861,-0.04048939,0.0086359,-0.01923827,0.03130163,0.01624564,0.01963563,0.05231801,0.00379238,-0.02943472,0.02790977,-0.04164736,-0.03963479,0.02530629,-0.04124773,0.01275516,0.07086278,0.04286274,-0.31576988,0.04493117,-0.00163848,0.01758819,-0.0005878,0.04720549,0.0071677,0.01662488,-0.07375097,0.04067057,-0.07947206,0.04262201,0.03793637,-0.00717245,-0.00175883,-0.0515622,0.0487308,0.00536292,0.05716954,-0.11123609,-0.06571421,0.01171811,0.21505776,0.04383888,0.00556974,-0.05920643,-0.00678853,0.03309213,0.03998684,0.04548383,-0.00375206,0.0289898,0.10511967,-0.02152412,0.01658783,0.05154415,-0.03229463,0.04796696,-0.02018641,-0.01994106,-0.02581729,0.0045593,-0.03422173,-0.02804201,0.09106204,0.01209132,-0.05632705,-0.04155577,0.05737857,0.01376927,-0.022625,0.01912376,-0.03149986,0.0099023,0.07097298,-0.00804273,0.06459474,-0.04206622,-0.07051913,0.02471247,0.04328004,0.0110098,0.03899428,0.03056299,0.07038648],"last_embed":{"tokens":154,"hash":"1ygu155"}}},"text":null,"length":0,"last_read":{"hash":"1ygu155","at":1782971694617},"key":"handover/HANDOVER_20260628.md#引継ぎログ：2026年6月28日（日）#2. 文字数規定（design_system.md §1 準拠）#C-3 ビジュアル診断ボード#{1}","lines":[52,61],"size":218,"outlinks":[],"class_name":"SmartBlock"},
"smart_blocks:handover/HANDOVER_20260628.md#引継ぎログ：2026年6月28日（日）#2. 文字数規定（design_system.md §1 準拠）#バリデーション失敗時の挙動": {"path":null,"last_embed":{"hash":"3i4ebl","at":1782971694653},"embeddings":{"TaylorAI/bge-micro-v2":{"vec":[-0.06625485,-0.01499773,0.01638064,-0.05479934,0.00396254,0.00642504,-0.02047805,0.01386004,0.05177309,-0.00282972,-0.00581861,-0.03625348,0.05413643,0.01350466,-0.03472364,-0.02871693,0.0035147,0.00100764,-0.02141173,0.02174037,0.13750233,-0.05131918,-0.02338395,-0.08796191,0.0267092,0.01693252,0.00378925,-0.07711203,-0.00939837,-0.15791403,-0.04796284,0.03400061,-0.00591509,-0.03234385,-0.02374138,0.00782274,0.00873824,0.04972811,-0.05060848,0.01679446,-0.03426177,0.06313373,0.02978804,-0.02033716,0.02712055,-0.03029983,-0.08096322,-0.02255352,0.0071191,-0.06650499,-0.05210242,0.00462644,0.01861211,-0.00810459,0.00114668,0.03910901,0.02529243,-0.0013179,0.0330271,0.00376435,0.04576856,0.00810643,-0.23578973,0.05140865,-0.0087208,-0.02275477,0.0206643,-0.00021568,0.03826599,0.07274297,-0.04669201,-0.02979092,-0.01865943,0.0680985,-0.00436505,-0.03108606,0.00100554,-0.03809428,-0.029982,-0.02922807,-0.0324725,-0.00509373,0.02242799,0.01070536,-0.04708439,0.00161188,0.01263704,-0.00201034,-0.02310946,0.0747456,-0.00749962,-0.07054054,0.07339677,0.0530522,-0.08907816,-0.00530528,0.0631957,0.04016174,-0.09441026,0.1128497,-0.08154485,0.02073753,0.03761162,-0.00326462,0.07319921,-0.0268744,-0.01967142,-0.02942169,-0.02200293,-0.04610144,-0.01980179,-0.0313009,-0.00335254,-0.04932813,-0.00939679,0.0365532,0.05030688,0.03369917,0.02849495,-0.01593615,0.01743776,0.01962303,0.0347247,-0.00389028,-0.03476293,0.00142058,0.008618,0.02354931,0.00564678,0.05638847,0.03127704,0.00730497,-0.07019465,-0.00838722,0.04055557,0.04108538,0.00229797,-0.01074005,0.0150521,-0.02703043,-0.01537173,-0.09687925,-0.02964596,-0.07545945,-0.02826008,0.08863748,-0.06726597,0.00759662,0.03580359,-0.0568732,0.02135858,0.04759229,-0.00417747,-0.01487227,-0.02158052,0.0298769,0.05431017,0.07510527,-0.00298049,0.01841051,0.01986347,-0.02758058,-0.1084854,0.09286007,0.04711097,-0.06784567,-0.03303827,0.01737925,0.04018591,-0.03720709,-0.0209724,0.02238066,0.01356006,-0.02746619,0.1076202,0.03599691,0.03291198,0.01382073,-0.04081971,-0.00086107,0.03961471,0.02780819,-0.05234537,0.07854925,-0.01368679,-0.07586026,-0.0259208,-0.05019539,0.05853778,-0.01238085,-0.06504773,0.05236959,-0.013828,0.0184753,-0.02075057,-0.04712469,-0.04756669,-0.00041176,0.0325037,-0.11574896,0.10332592,0.0603677,-0.07480887,-0.04520732,0.00523951,-0.02582645,-0.0066031,-0.02425634,-0.05278122,0.066312,-0.04602103,0.00214387,0.07466617,0.00562003,0.0295746,0.01593846,-0.00298591,0.04057474,0.00933215,0.01319986,0.03169741,0.02314336,-0.02152727,-0.23053619,-0.00095415,0.02706068,-0.08097821,0.01881484,-0.04107291,-0.00239772,-0.04466611,0.03477868,0.04746357,0.10383754,0.03687982,-0.05852821,0.03713896,-0.0325142,-0.01984736,0.01593179,0.0042508,-0.04465951,-0.01957279,0.03503641,0.03862316,-0.0249899,-0.01810575,0.06110096,-0.02123935,0.08520661,0.0125075,-0.01558546,0.01262774,0.06276744,0.05419426,-0.02488719,-0.05020985,0.06930958,0.05624242,-0.05274162,0.0192591,0.01022129,-0.0389829,0.05548995,0.07811956,-0.04193849,-0.06723915,-0.04768058,-0.04958219,-0.0189908,-0.03483731,-0.01069999,0.06145158,-0.00395803,0.02090592,0.02628719,0.04830855,0.04321473,-0.00598661,-0.06443739,0.02374602,0.0214724,0.05874055,0.00278879,-0.03170568,0.01818512,-0.01654745,-0.00578379,0.0274604,0.01156871,0.02080793,0.02355255,0.04571841,0.01161186,0.10018823,0.02438646,-0.01175005,0.00702799,-0.00222497,-0.02938345,-0.02800978,0.0075168,-0.05343098,-0.02612432,0.03194557,0.02723939,0.01420843,0.00401925,0.03613926,0.01189651,0.01271272,0.04381602,-0.04019191,-0.06357966,0.02399479,-0.04878839,0.00319856,0.08720675,0.02918545,-0.33092231,0.03609145,-0.0093157,0.04015975,-0.00008763,0.03902255,-0.01560097,0.01988097,-0.07806373,0.05628043,-0.08627561,0.05510204,0.05437507,0.00706945,0.001623,-0.07015987,0.05829513,-0.00433074,0.06808881,-0.0912006,-0.01902928,0.04052239,0.21089037,0.02300827,0.02910846,-0.04411478,0.00858868,0.01140958,0.07009041,0.06687675,-0.03479758,0.04938758,0.08049082,-0.0601201,0.05306318,0.05311044,-0.04314049,0.0338475,-0.00584657,-0.02124925,-0.04212966,0.02405708,-0.01702941,-0.04571623,0.11994594,0.01808767,-0.05660348,-0.05112109,0.06344515,0.01446442,-0.04326593,0.02955554,-0.02475283,-0.05048329,0.04283157,-0.02888125,0.03656761,-0.04048296,-0.04015931,0.01994184,0.06056529,0.03580692,0.05521107,0.01679544,0.04903471],"last_embed":{"tokens":234,"hash":"3i4ebl"}}},"text":null,"length":0,"last_read":{"hash":"3i4ebl","at":1782971694653},"key":"handover/HANDOVER_20260628.md#引継ぎログ：2026年6月28日（日）#2. 文字数規定（design_system.md §1 準拠）#バリデーション失敗時の挙動","lines":[62,77],"size":266,"outlinks":[],"class_name":"SmartBlock"},
"smart_blocks:handover/HANDOVER_20260628.md#引継ぎログ：2026年6月28日（日）#2. 文字数規定（design_system.md §1 準拠）#バリデーション失敗時の挙動#{1}": {"path":null,"last_embed":{"hash":"1xgs5f9","at":1782971694742},"embeddings":{"TaylorAI/bge-micro-v2":{"vec":[-0.06574576,-0.01677326,0.01632034,-0.05218612,0.00294698,0.00799557,-0.02524124,0.0149167,0.05228821,-0.00230742,-0.00438751,-0.034331,0.05532844,0.01282269,-0.03007383,-0.02839543,0.00563576,0.00134293,-0.02352322,0.01987775,0.13830765,-0.05178712,-0.02523375,-0.08914815,0.02750148,0.01649175,0.00281954,-0.07661892,-0.01159977,-0.15426956,-0.04629919,0.03515853,-0.00408295,-0.03029147,-0.02609866,0.00751652,0.01056019,0.05164978,-0.05337672,0.01856091,-0.03333856,0.06104414,0.02875651,-0.01984293,0.0267823,-0.03067071,-0.07977261,-0.02418608,0.0034213,-0.06603396,-0.05171499,0.00183416,0.01638213,-0.00704296,-5.9e-7,0.03893958,0.02289646,-0.00304067,0.0338425,0.00297575,0.04571225,0.00840486,-0.23804046,0.05221131,-0.00870481,-0.02136775,0.01939045,-0.0002828,0.03790959,0.07354722,-0.04660432,-0.02917386,-0.01670016,0.06573743,-0.00225439,-0.033982,-0.0030048,-0.03926188,-0.03079889,-0.02997591,-0.03214935,-0.00400605,0.02390922,0.01169918,-0.04740015,0.0004115,0.01021437,-0.00390689,-0.02313009,0.07583155,-0.00840236,-0.07330403,0.07368278,0.04969602,-0.08947079,-0.00673169,0.06046429,0.03940537,-0.09468408,0.11381882,-0.08465365,0.01920702,0.03772863,-0.00179008,0.07528207,-0.02362946,-0.02157216,-0.02819015,-0.02202957,-0.04547127,-0.02112343,-0.03016794,-0.00556837,-0.05078928,-0.01129127,0.03680058,0.04707159,0.03463094,0.03108412,-0.01738546,0.01834784,0.01614709,0.03469152,-0.00325282,-0.03701632,0.00208343,0.00778831,0.02344409,0.00512781,0.05733148,0.03217088,0.00736373,-0.06910785,-0.01048516,0.03730765,0.04011139,0.00483363,-0.0123505,0.01491196,-0.02669949,-0.014097,-0.0926825,-0.02741786,-0.0750892,-0.02647866,0.09198322,-0.06849422,0.00609027,0.03385328,-0.0554669,0.02363298,0.04542417,-0.00156066,-0.01763967,-0.02396816,0.02709359,0.05240963,0.07031981,-0.00296638,0.02217528,0.0223234,-0.02762349,-0.10925468,0.09167496,0.04556114,-0.06471561,-0.03340651,0.01924303,0.0421599,-0.03490313,-0.02290773,0.02492754,0.01205738,-0.02488821,0.10842282,0.04033399,0.03271607,0.01696945,-0.042446,-0.00423872,0.0383142,0.02903199,-0.05314782,0.07545862,-0.01243807,-0.07655429,-0.02541466,-0.050848,0.05709748,-0.01267705,-0.0679309,0.05233189,-0.0168325,0.02021229,-0.01977508,-0.04487284,-0.04571194,-0.00045286,0.03195912,-0.11075124,0.0990063,0.06141915,-0.07559236,-0.04631954,0.00582967,-0.0242317,-0.00570531,-0.02596956,-0.05235339,0.06698037,-0.04621497,0.0006294,0.07600068,0.00667496,0.02863608,0.01784079,-0.0061775,0.04144888,0.00790123,0.01219098,0.03191388,0.02128725,-0.019863,-0.2327057,0.00303369,0.02846621,-0.08060677,0.01889331,-0.04355968,-0.00027325,-0.04481229,0.03441567,0.04742552,0.10476087,0.03474233,-0.05532288,0.0384848,-0.03101016,-0.01830123,0.01423301,0.0055583,-0.04679115,-0.01811183,0.03376735,0.03993769,-0.02158685,-0.01780283,0.06094495,-0.01932804,0.08616839,0.0136262,-0.01831284,0.01247004,0.06419261,0.05244341,-0.02680234,-0.05404282,0.06950109,0.05861439,-0.04820688,0.01860613,0.01406939,-0.03948821,0.05366837,0.0783013,-0.04401117,-0.06857377,-0.04495541,-0.04497501,-0.01666706,-0.03212716,-0.00986802,0.0614832,-0.00615407,0.02105458,0.02828024,0.0458803,0.04642205,-0.00781787,-0.06511993,0.0233061,0.02113426,0.06144807,0.00432647,-0.03068565,0.01739234,-0.01745897,-0.00586754,0.02420174,0.00936039,0.02157394,0.02332989,0.04516166,0.01587568,0.09797958,0.02691623,-0.00988817,0.00858167,-0.00185516,-0.02752144,-0.02559583,0.00834295,-0.05417069,-0.02858057,0.02713914,0.0280786,0.01128435,0.00545037,0.03507991,0.0131456,0.0101738,0.04132666,-0.04333422,-0.06265929,0.02229529,-0.04603662,0.00737675,0.0856307,0.02715904,-0.33215311,0.0369659,-0.00836861,0.0394736,-0.00047409,0.03799169,-0.01546935,0.01929759,-0.07733489,0.05567225,-0.08819848,0.0544921,0.0553412,0.00788236,0.00326944,-0.06972822,0.05989838,-0.00472328,0.06929894,-0.09272584,-0.02066326,0.04064598,0.21370958,0.0221902,0.02730409,-0.04367977,0.01056206,0.01064628,0.07008822,0.06424232,-0.03306231,0.04895647,0.08089578,-0.06063266,0.05361931,0.05431211,-0.0439637,0.03174997,-0.00763526,-0.02000812,-0.04140475,0.02091664,-0.01555759,-0.04565056,0.12057114,0.01718013,-0.05429569,-0.0513849,0.06371357,0.0147596,-0.04041576,0.0286294,-0.0246891,-0.05084267,0.0481148,-0.02980329,0.03845727,-0.04212194,-0.04064126,0.01999404,0.06158401,0.03772552,0.05469435,0.01364398,0.04963921],"last_embed":{"tokens":232,"hash":"1xgs5f9"}}},"text":null,"length":0,"last_read":{"hash":"1xgs5f9","at":1782971694742},"key":"handover/HANDOVER_20260628.md#引継ぎログ：2026年6月28日（日）#2. 文字数規定（design_system.md §1 準拠）#バリデーション失敗時の挙動#{1}","lines":[64,77],"size":247,"outlinks":[],"class_name":"SmartBlock"},
"smart_blocks:handover/HANDOVER_20260628.md#引継ぎログ：2026年6月28日（日）#3. 本日確定した方針": {"path":null,"last_embed":{"hash":null},"embeddings":{},"text":null,"length":0,"last_read":{"hash":"1m6f3f8","at":1782971691383},"key":"handover/HANDOVER_20260628.md#引継ぎログ：2026年6月28日（日）#3. 本日確定した方針","lines":[78,87],"size":194,"outlinks":[],"class_name":"SmartBlock"},
"smart_blocks:handover/HANDOVER_20260628.md#引継ぎログ：2026年6月28日（日）#3. 本日確定した方針#{1}": {"path":null,"last_embed":{"hash":null},"embeddings":{},"text":null,"length":0,"last_read":{"hash":"1gz3k6k","at":1782971691383},"key":"handover/HANDOVER_20260628.md#引継ぎログ：2026年6月28日（日）#3. 本日確定した方針#{1}","lines":[80,87],"size":178,"outlinks":[],"class_name":"SmartBlock"},
"smart_blocks:handover/HANDOVER_20260628.md#引継ぎログ：2026年6月28日（日）#4. 動作確認テスト結果": {"path":null,"last_embed":{"hash":"km42dg","at":1782971694795},"embeddings":{"TaylorAI/bge-micro-v2":{"vec":[-0.07607508,-0.02016885,0.01959001,-0.0457303,-0.0168072,0.03078205,-0.0133364,-0.00138418,0.00833104,-0.03184639,-0.02175695,-0.02931801,0.06585697,-0.0059171,0.00989919,-0.04357751,0.01988615,-0.04078669,-0.09477041,0.00831202,0.12405498,-0.00136557,-0.00984361,-0.02800347,0.05008766,0.0336014,0.03347526,-0.07645302,-0.00630901,-0.16183999,-0.04427012,0.0407099,0.00664453,-0.01720737,0.00763361,-0.00357388,-0.02360761,0.00662861,-0.0524386,0.03610247,0.00391169,0.05510735,0.06952143,-0.02957766,0.04381921,-0.02929002,-0.02996908,-0.04180096,0.01710719,-0.02369712,-0.0488494,-0.02239134,0.03381062,0.01105999,0.03965211,0.04488109,0.04831718,-0.00037445,0.04159636,0.02826882,0.05347501,0.0379778,-0.22765994,0.06938358,-0.02785781,-0.00114194,0.00695893,0.00637879,0.0175427,0.03754847,-0.02550843,-0.02311638,0.01047685,0.07232247,-0.00275348,0.02698939,-0.02534867,-0.06504495,-0.02293138,-0.03841184,-0.02563032,-0.0134414,0.03724146,-0.01086756,-0.04537445,-0.01926542,0.02845119,-0.01609153,-0.01792781,0.06242542,-0.0134672,-0.02429732,0.05265247,0.05363197,-0.03614463,-0.05851378,0.06024565,0.03109518,-0.08852948,0.12259901,-0.10435417,0.03298892,-0.00835625,-0.03366568,0.05025813,-0.01843727,0.01077572,-0.03031944,-0.0081395,-0.07593811,-0.0412283,-0.00144293,0.03110954,-0.06153212,-0.03015365,0.06788609,0.09196215,-0.0117589,0.00849567,0.01780024,0.06952396,0.00207726,0.03859496,-0.03511773,0.00228489,-0.04712659,0.043076,0.05052648,-0.03051423,0.05721768,0.06737982,-0.01710275,-0.07926654,-0.01010895,0.00081704,0.02918399,-0.00759649,-0.02827168,0.05976054,-0.02350518,-0.03912053,-0.13677068,-0.01701751,-0.06093986,-0.078941,0.08500359,-0.06357975,0.02641094,0.04106558,-0.02679434,0.02116938,0.05218909,0.0193037,-0.04811245,0.04097687,-0.02313573,0.07164479,0.05641374,-0.03661842,0.02188156,0.00907179,-0.02298782,-0.08649802,0.06021941,0.03827135,-0.08782075,0.00977596,0.04234168,0.04099885,-0.07522567,0.00557725,-0.01036853,-0.03607967,0.00446255,0.06273203,0.01377441,0.06416444,0.03355974,-0.0469922,0.0054566,0.01685321,-0.02604044,-0.04332211,0.06159737,-0.02576858,-0.02650641,-0.01169651,-0.05693373,0.08675604,-0.02351015,-0.0806767,0.01947711,-0.07274281,0.0464311,-0.05476948,-0.04157212,-0.05859551,-0.02386155,0.0579004,-0.09541961,0.11066768,0.04382649,-0.03876602,-0.05429705,-0.00237535,0.00597754,0.04803146,-0.02171151,0.01221672,0.09880196,-0.0619204,-0.00577376,0.0901905,0.02730845,-0.00767179,-0.01944152,0.01931544,-0.00893318,0.02320693,0.0366957,0.03170251,0.0081626,-0.01779447,-0.20148329,0.03345878,0.04182292,-0.03483436,0.00935896,-0.01110835,-0.00733498,-0.00075736,0.10027941,0.05399915,0.07117106,0.03609118,-0.03647621,0.02025037,-0.00187112,0.00122943,0.01437677,0.03564811,-0.03070745,-0.00373896,-0.03653395,0.02621149,-0.02324495,0.00148509,0.06753947,-0.03859745,0.07791248,-0.02898401,-0.02389806,-0.00522846,0.06265442,0.02124555,-0.01764525,-0.08876865,0.08576858,0.06651987,-0.05424481,0.00260315,-0.00985777,-0.04445076,0.03723839,0.04748035,-0.05962916,-0.08389509,-0.07194234,-0.06385364,-0.0322852,-0.03377575,-0.02046959,0.0426595,0.01440372,0.03224044,0.015679,0.02695026,0.05297242,-0.04710503,-0.05603693,0.01031904,0.00235109,0.06699006,0.00986064,-0.02344094,-0.00872144,0.00799681,-0.00613079,0.0392563,-0.01532345,0.02651709,0.02401244,0.0319529,0.00679074,0.10536753,-0.00196519,0.00129271,0.0045838,0.00133784,-0.01639754,-0.05680319,0.06285974,-0.03646656,0.00538712,-0.00460121,0.03190912,0.03998064,0.01492437,0.01118284,0.0501343,0.01886825,0.08586965,-0.02347367,-0.03461564,0.05307895,-0.04390509,-0.02403154,0.05134913,0.01051543,-0.32303011,0.01649225,-0.0410254,-0.00176672,-0.0074734,0.04553767,0.01256354,0.01303574,-0.09670655,0.02576318,-0.05208726,0.0845334,0.07386036,-0.02777406,0.0264227,-0.04159277,0.03323569,-0.00409862,0.01817729,-0.08259849,-0.07029727,-0.01521312,0.18116744,-0.0002061,-0.00616468,-0.0193648,0.05698697,0.01560373,0.08764798,0.00303699,-0.03945412,0.01407868,0.07145304,-0.03993877,0.00244207,0.02300874,-0.03379204,0.010687,0.00134033,-0.04822489,-0.02323013,-0.0295977,0.00781997,-0.04061227,0.09986324,0.05650928,-0.06595261,-0.02801516,0.03838577,0.00276828,-0.03080218,-0.01665602,0.00191511,-0.01659837,0.04558799,0.02307194,0.10184309,-0.02869772,-0.03077284,0.02543061,0.03985843,0.00168877,0.05649835,0.04950875,0.07668943],"last_embed":{"tokens":338,"hash":"km42dg"}}},"text":null,"length":0,"last_read":{"hash":"km42dg","at":1782971694795},"key":"handover/HANDOVER_20260628.md#引継ぎログ：2026年6月28日（日）#4. 動作確認テスト結果","lines":[88,110],"size":442,"outlinks":[],"class_name":"SmartBlock"},
"smart_blocks:handover/HANDOVER_20260628.md#引継ぎログ：2026年6月28日（日）#4. 動作確認テスト結果#バリデーション単体テスト：6/6 PASS": {"path":null,"last_embed":{"hash":"1u62nt2","at":1782971694894},"embeddings":{"TaylorAI/bge-micro-v2":{"vec":[-0.07404447,-0.03033524,0.02623181,-0.023793,-0.01313195,0.03563666,-0.00527546,-0.00927634,0.00657455,-0.02666999,-0.00542817,-0.03380859,0.04460366,0.00261936,-0.00287752,-0.04779056,0.0076585,-0.04001302,-0.08335398,0.00167304,0.12652673,0.01612565,-0.0005063,-0.02503351,0.04208519,0.04383601,0.04765933,-0.08675235,-0.02030437,-0.16334005,-0.03924324,0.02678162,-0.00438218,-0.01501807,0.00908295,-0.02029671,-0.01709784,0.01783165,-0.04837436,0.03878281,0.01551824,0.06798085,0.06661506,-0.03226881,0.01774233,-0.01537372,-0.03476339,-0.03009162,0.02075495,-0.02161813,-0.05415564,-0.02106991,0.02415084,0.01327205,0.04153455,0.03802093,0.04911899,-0.00460099,0.06156791,0.01182646,0.05403332,0.02212536,-0.20575556,0.04766597,-0.03371095,-0.01349387,0.00616906,-0.00954241,0.02068842,0.06582607,-0.02337498,-0.03839707,-0.0022827,0.07620031,-0.0013368,0.01300664,-0.03760792,-0.05153365,-0.01542952,-0.05130133,-0.04015954,-0.00644681,0.03809907,0.00771397,-0.03358385,0.00149459,0.00905507,0.00201807,0.00711548,0.06500364,0.00320832,-0.02609649,0.05355149,0.05529756,-0.06207985,-0.06323145,0.05985246,0.02026435,-0.09806452,0.12400636,-0.0972463,0.03183343,-0.01375052,-0.03980341,0.03898257,-0.00890802,-0.00201389,-0.03158905,0.00450038,-0.07493098,-0.04288223,-0.00112555,0.01966848,-0.07395174,-0.05277031,0.08169773,0.08456587,0.00192124,0.0065605,0.01282756,0.06467491,0.0089676,0.04756149,-0.04541274,0.01408264,-0.04607895,0.02975531,0.05342912,-0.01535916,0.04601612,0.04975254,-0.03632301,-0.08495459,-0.01195473,-0.02243318,0.03555111,0.00044404,-0.0287042,0.05011874,-0.04267045,-0.04332457,-0.13529631,-0.01467839,-0.06721662,-0.05572837,0.07309218,-0.05768705,0.03350101,0.03555353,-0.0424813,0.03662568,0.06584141,0.00220732,-0.05738118,0.0339932,0.00042674,0.04918644,0.06506944,-0.03544228,0.00810399,0.00250412,-0.00891874,-0.08697442,0.05593636,0.02705951,-0.07397027,0.01190104,0.04790972,0.04093499,-0.06668586,0.00917754,-0.00457117,-0.04244198,0.00133824,0.08214992,0.01516915,0.07566039,0.03483192,-0.0761162,0.00947107,0.0072047,-0.02056164,-0.05886029,0.08092014,0.00258385,-0.01901033,-0.02738228,-0.0428752,0.06408617,-0.01761336,-0.08240799,0.01248556,-0.0727708,0.03390024,-0.04689202,-0.0444102,-0.05433029,-0.01347862,0.07260972,-0.09568978,0.12292673,0.05405286,-0.03613153,-0.04923528,-0.01214501,-0.00257394,0.05878562,-0.03179441,-0.01183853,0.091152,-0.0668254,-0.00642715,0.0768536,0.000452,0.0187821,-0.01847155,0.02501108,-0.01025125,0.01735872,0.01352944,0.04763317,-0.01362606,0.00136044,-0.20256139,0.027969,0.04320772,-0.04340722,0.01319308,-0.03022579,-0.00486828,-0.00086566,0.09331229,0.02577589,0.08085181,0.04300031,-0.04151906,0.01561787,-0.01073513,0.01915198,0.01766538,0.02242259,-0.03867733,0.02313228,-0.03387444,0.03613661,0.00191977,0.00526227,0.06674141,-0.05424713,0.07381766,-0.03064228,-0.0205741,-0.00858952,0.05440994,0.02789088,-0.01165868,-0.06407688,0.07986791,0.04297528,-0.0670214,0.00088871,-0.01314847,-0.04317762,0.04097522,0.04917592,-0.06388991,-0.09532426,-0.0469381,-0.04854796,-0.04623732,-0.02844067,-0.01872528,0.03613244,0.00257505,0.01110241,0.0116312,0.03457415,0.06264341,-0.02374764,-0.0661375,0.01710422,0.0173624,0.07117814,0.01434853,-0.0255064,-0.01501539,-0.00358488,0.00278809,0.04278319,-0.01344368,0.02307736,0.02956465,0.02448652,0.00901243,0.08408924,-0.0181836,-0.00318727,0.02801864,-0.00638407,-0.03645868,-0.06824409,0.07356003,-0.02401476,0.00218287,-0.01113212,0.02728403,0.05015104,0.00705,0.02406652,0.04892517,0.02298602,0.08119779,-0.0380984,-0.01682866,0.02939595,-0.03175934,-0.03366342,0.05689787,0.00869288,-0.32244298,0.03753084,-0.0288636,0.03256004,0.00167609,0.03829446,0.00450833,0.02633165,-0.09263944,0.02369816,-0.06063104,0.08197965,0.072609,-0.00914954,0.03527647,-0.03861178,0.02391886,-0.01718141,0.02653567,-0.10136799,-0.0496067,-0.00693611,0.19557387,-0.01598134,-0.01296032,-0.00816982,0.05373319,0.01872543,0.08811319,0.00614325,-0.03403473,0.02351766,0.08630522,-0.04050697,0.01913531,0.0346338,-0.03348282,0.00935506,0.0047478,-0.04022305,-0.00917429,-0.0234322,-0.00449445,-0.04630506,0.11615301,0.03849334,-0.08314357,-0.0378149,0.04814673,-0.00802123,-0.01047176,-0.02645626,-0.01046489,-0.0184173,0.05750056,0.02702944,0.0828237,-0.0267722,-0.04373321,0.02427323,0.04515879,0.0220328,0.05091854,0.06357591,0.07177004],"last_embed":{"tokens":203,"hash":"1u62nt2"}}},"text":null,"length":0,"last_read":{"hash":"1u62nt2","at":1782971694894},"key":"handover/HANDOVER_20260628.md#引継ぎログ：2026年6月28日（日）#4. 動作確認テスト結果#バリデーション単体テスト：6/6 PASS","lines":[90,100],"size":252,"outlinks":[],"class_name":"SmartBlock"},
"smart_blocks:handover/HANDOVER_20260628.md#引継ぎログ：2026年6月28日（日）#4. 動作確認テスト結果#バリデーション単体テスト：6/6 PASS#{1}": {"path":null,"last_embed":{"hash":"qxipuz","at":1782971694955},"embeddings":{"TaylorAI/bge-micro-v2":{"vec":[-0.07166728,-0.02909083,0.02386882,-0.02494957,-0.01780865,0.03925943,-0.00191061,-0.01176621,0.00657944,-0.02683414,-0.00467814,-0.03795112,0.04232207,0.00169408,-0.00311532,-0.04876496,0.00873289,-0.04349441,-0.07950053,0.00404231,0.12217235,0.01935995,-0.00222284,-0.02503614,0.04064967,0.04350718,0.04946503,-0.08955994,-0.02396229,-0.16715886,-0.0400606,0.02320044,-0.0071663,-0.01637171,0.00677374,-0.01825313,-0.01823077,0.0208573,-0.04700512,0.03845954,0.02181296,0.06756132,0.06906994,-0.02980348,0.01480631,-0.016862,-0.03595287,-0.02853414,0.02396506,-0.02219431,-0.05482308,-0.01759266,0.02280797,0.01310389,0.03788891,0.03584201,0.05024305,-0.00370615,0.05756509,0.01262219,0.05095682,0.0192235,-0.20571092,0.04812903,-0.03779738,-0.01270195,0.00283497,-0.01329136,0.01606393,0.06758767,-0.02377391,-0.04102516,-0.00169892,0.0770865,0.00683881,0.01433056,-0.03818454,-0.05356258,-0.01294928,-0.05111299,-0.03883531,-0.00785901,0.03649196,0.00753951,-0.03122464,-0.00064988,0.00938392,0.00566146,0.00859577,0.06423203,0.0068109,-0.02958038,0.04915836,0.0564213,-0.06179463,-0.06681336,0.06412315,0.01896162,-0.09859479,0.12426601,-0.09677075,0.03104663,-0.01495214,-0.03730356,0.03845536,-0.00853374,0.00051515,-0.03558547,0.00664621,-0.07594984,-0.04202546,-0.00273226,0.022926,-0.07382105,-0.0564991,0.08707524,0.08384844,0.00190214,0.00208843,0.01001665,0.06065153,0.00969376,0.05175775,-0.04463945,0.01437549,-0.0458817,0.0342845,0.05495547,-0.01613862,0.04796211,0.05076672,-0.03619691,-0.08557516,-0.01673541,-0.02201519,0.03558049,-0.00191021,-0.02379023,0.05133795,-0.04239244,-0.04717966,-0.13501614,-0.01548391,-0.06685397,-0.05610443,0.07366212,-0.05587041,0.03263341,0.03296433,-0.0441155,0.03770554,0.06401864,-0.00126389,-0.05359669,0.03439615,0.00104593,0.04738526,0.06169155,-0.03536637,0.00586023,0.00089755,-0.00612647,-0.08662257,0.06016655,0.02559805,-0.07422963,0.01293898,0.04573878,0.04088007,-0.0671049,0.01024547,-0.00544955,-0.04499604,0.00404851,0.07595716,0.01522646,0.07468578,0.03709342,-0.07613613,0.00624495,0.00822107,-0.02070693,-0.06173128,0.08643465,0.0033227,-0.0149536,-0.02581356,-0.0443463,0.06309205,-0.01392222,-0.0861918,0.01213283,-0.06992409,0.03356705,-0.05112647,-0.04315408,-0.05850388,-0.01413886,0.07142062,-0.09645253,0.12123304,0.05621694,-0.0305584,-0.04915836,-0.01340485,0.00175633,0.05558002,-0.03249356,-0.01037124,0.08764862,-0.064539,-0.00291991,0.0760005,0.00010716,0.02204255,-0.02295437,0.0263131,-0.01322604,0.01613264,0.01019216,0.04720456,-0.01073561,0.00494009,-0.20257907,0.02471716,0.0415571,-0.04109314,0.01660173,-0.02833098,-0.00843897,0.00137629,0.08989698,0.02562319,0.08151729,0.04295848,-0.04291802,0.02254235,-0.00650675,0.01595118,0.01129507,0.02199488,-0.03688043,0.02438956,-0.0343835,0.03545977,0.00759517,0.00299387,0.06840254,-0.05670633,0.07541099,-0.03129013,-0.01451468,-0.00511352,0.05212674,0.02963122,-0.00884061,-0.06447838,0.08171342,0.03992448,-0.06808747,0.00296596,-0.00955079,-0.04325926,0.04370033,0.045641,-0.06466554,-0.09883325,-0.04587922,-0.04729165,-0.04475287,-0.02258457,-0.01725177,0.03687063,0.00224682,0.01091156,0.01408152,0.03351859,0.06393914,-0.02930813,-0.06501528,0.01775433,0.01493056,0.06817591,0.01183615,-0.02439875,-0.01180316,-0.00301192,0.00123401,0.04374214,-0.01655919,0.02284175,0.03626146,0.02359357,0.01057603,0.08589076,-0.02182397,-0.00578405,0.0278706,-0.00553104,-0.03753011,-0.0699055,0.07608957,-0.02196834,0.00093749,-0.00635312,0.02080421,0.05234835,0.00741698,0.02448362,0.04864142,0.02614179,0.08426273,-0.03856294,-0.01468815,0.02712372,-0.02977173,-0.03238498,0.05827161,0.00720207,-0.32184312,0.03051346,-0.02937529,0.03362475,0.00009598,0.03645227,0.00507944,0.02572831,-0.09331647,0.02175416,-0.05504474,0.08333595,0.07318199,-0.00623721,0.03848428,-0.03780509,0.02053868,-0.01882748,0.02894227,-0.10029935,-0.04915324,-0.00582717,0.19484247,-0.01777787,-0.01593821,-0.00756077,0.05298277,0.01561802,0.09083609,0.00801183,-0.03064433,0.02486494,0.08996512,-0.04143158,0.01599701,0.03631606,-0.03153912,0.00575041,0.00317007,-0.04167258,-0.00860686,-0.01990033,-0.00368556,-0.04542714,0.11025455,0.04035781,-0.08261719,-0.03553553,0.04989559,-0.01022292,-0.00718073,-0.02349903,-0.00711714,-0.02013159,0.05477786,0.02534697,0.08176825,-0.02332772,-0.04329267,0.0226309,0.04344639,0.01961893,0.05514404,0.0626089,0.07374573],"last_embed":{"tokens":201,"hash":"qxipuz"}}},"text":null,"length":0,"last_read":{"hash":"qxipuz","at":1782971694955},"key":"handover/HANDOVER_20260628.md#引継ぎログ：2026年6月28日（日）#4. 動作確認テスト結果#バリデーション単体テスト：6/6 PASS#{1}","lines":[92,100],"size":225,"outlinks":[],"class_name":"SmartBlock"},
"smart_blocks:handover/HANDOVER_20260628.md#引継ぎログ：2026年6月28日（日）#4. 動作確認テスト結果#実PPTX生成テスト（スピークアップ英会話・正常系）": {"path":null,"last_embed":{"hash":null},"embeddings":{},"text":null,"length":0,"last_read":{"hash":"tes1ja","at":1782971691383},"key":"handover/HANDOVER_20260628.md#引継ぎログ：2026年6月28日（日）#4. 動作確認テスト結果#実PPTX生成テスト（スピークアップ英会話・正常系）","lines":[101,110],"size":172,"outlinks":[],"class_name":"SmartBlock"},
"smart_blocks:handover/HANDOVER_20260628.md#引継ぎログ：2026年6月28日（日）#4. 動作確認テスト結果#実PPTX生成テスト（スピークアップ英会話・正常系）#{1}": {"path":null,"last_embed":{"hash":null},"embeddings":{},"text":null,"length":0,"last_read":{"hash":"zine4t","at":1782971691383},"key":"handover/HANDOVER_20260628.md#引継ぎログ：2026年6月28日（日）#4. 動作確認テスト結果#実PPTX生成テスト（スピークアップ英会話・正常系）#{1}","lines":[103,103],"size":35,"outlinks":[],"class_name":"SmartBlock"},
"smart_blocks:handover/HANDOVER_20260628.md#引継ぎログ：2026年6月28日（日）#4. 動作確認テスト結果#実PPTX生成テスト（スピークアップ英会話・正常系）#{2}": {"path":null,"last_embed":{"hash":null},"embeddings":{},"text":null,"length":0,"last_read":{"hash":"1ipm7xa","at":1782971691383},"key":"handover/HANDOVER_20260628.md#引継ぎログ：2026年6月28日（日）#4. 動作確認テスト結果#実PPTX生成テスト（スピークアップ英会話・正常系）#{2}","lines":[104,104],"size":32,"outlinks":[],"class_name":"SmartBlock"},
"smart_blocks:handover/HANDOVER_20260628.md#引継ぎログ：2026年6月28日（日）#4. 動作確認テスト結果#実PPTX生成テスト（スピークアップ英会話・正常系）#{3}": {"path":null,"last_embed":{"hash":null},"embeddings":{},"text":null,"length":0,"last_read":{"hash":"fhqo6p","at":1782971691383},"key":"handover/HANDOVER_20260628.md#引継ぎログ：2026年6月28日（日）#4. 動作確認テスト結果#実PPTX生成テスト（スピークアップ英会話・正常系）#{3}","lines":[105,106],"size":36,"outlinks":[],"class_name":"SmartBlock"},
"smart_blocks:handover/HANDOVER_20260628.md#引継ぎログ：2026年6月28日（日）#4. 動作確認テスト結果#実PPTX生成テスト（スピークアップ英会話・正常系）#{4}": {"path":null,"last_embed":{"hash":null},"embeddings":{},"text":null,"length":0,"last_read":{"hash":"bcnkx9","at":1782971691383},"key":"handover/HANDOVER_20260628.md#引継ぎログ：2026年6月28日（日）#4. 動作確認テスト結果#実PPTX生成テスト（スピークアップ英会話・正常系）#{4}","lines":[107,110],"size":34,"outlinks":[],"class_name":"SmartBlock"},
"smart_blocks:handover/HANDOVER_20260628.md#引継ぎログ：2026年6月28日（日）#5. 変更ファイル一覧": {"path":null,"last_embed":{"hash":"6qitq8","at":1782971695009},"embeddings":{"TaylorAI/bge-micro-v2":{"vec":[-0.04219865,-0.01853349,0.02525002,-0.05939173,0.02069704,0.02628456,-0.06154231,0.00690391,0.02788468,-0.03622963,-0.00057917,-0.0541393,0.0411359,-0.00437591,-0.00290131,-0.05675302,0.01868138,-0.01491486,-0.03246679,-0.0006985,0.10612833,-0.04481953,-0.05039812,-0.06207957,0.05519049,0.03765793,0.01617548,-0.05011104,-0.02926879,-0.1745453,-0.06814393,0.03554047,-0.00695394,-0.02306276,0.01802957,-0.00880884,-0.02279001,0.01556817,-0.03295356,0.03101155,-0.04230718,0.06022957,0.01590966,-0.01176017,0.03915618,-0.05463117,-0.05538647,-0.03100584,0.01342872,-0.05564227,-0.04575061,0.01302816,0.0182851,0.00619076,-0.00745029,0.01006095,0.0518029,0.03272155,0.0496495,0.00409125,0.05520293,0.02967515,-0.22399791,0.07407859,0.0036848,0.00496755,-0.02367397,-0.01284409,0.04555137,0.01496597,-0.06994034,0.00060439,0.01017796,0.08097693,-0.01356144,0.02070858,-0.03681564,-0.04862539,-0.03977938,-0.01387654,-0.02597719,-0.01091963,0.01671339,0.00404087,-0.05687071,-0.00600311,0.00711277,0.02460544,-0.02591042,0.07756195,-0.02571424,-0.0378407,0.05697762,0.04088345,-0.06099526,-0.00719975,0.05146702,0.03048532,-0.07508414,0.10685206,-0.12083645,0.02589722,-0.01270618,0.00334842,0.06285957,0.0131812,0.00505781,0.00242343,-0.02187697,-0.07015856,-0.02374922,-0.02340354,0.0271036,-0.06017604,-0.01714312,0.05919998,0.04376855,-0.0106352,0.01387721,0.01444043,0.05108757,-0.01601426,0.04789876,-0.01192147,-0.01935695,-0.009024,0.01958168,0.0180998,-0.00804787,0.10243473,0.01534951,0.0317221,-0.09095085,-0.01626778,0.03297172,0.02947534,-0.02746739,0.00064536,0.03031454,-0.0168498,-0.05245639,-0.08213959,-0.02414408,-0.06379146,-0.0504202,0.07615785,-0.07296351,0.0478539,0.04686095,-0.04858202,-0.00000926,0.06620866,0.01504058,-0.05723212,0.01102671,-0.02022425,0.06922995,0.04784622,-0.01041572,0.01802025,0.00014971,-0.0181574,-0.09352726,0.1016603,0.02781701,-0.08261244,-0.01031556,0.02992729,0.04647997,-0.07534229,0.00575086,0.00316304,0.00447565,-0.01223869,0.05331388,0.0113638,0.04654365,0.04805597,-0.06723744,0.01880794,0.04454228,-0.01084613,-0.0556245,0.04765498,-0.01818137,-0.04007398,-0.01532146,-0.04458729,0.07538105,-0.02797891,-0.06822506,0.04614597,-0.04183918,0.01510136,-0.01902878,-0.03276639,-0.08398534,0.01615367,0.0578619,-0.09864438,0.12628855,0.04542766,-0.04589861,-0.04715178,-0.00339956,0.01394838,0.02594339,-0.02755814,-0.01887158,0.07064375,-0.04406705,0.00531241,0.0971009,0.04937902,-0.00072184,0.01723657,-0.01745193,0.00900617,-0.00619085,0.04469357,0.01748711,0.00759423,-0.02732637,-0.22287743,0.02404281,0.00615662,-0.02492148,0.01101657,-0.02331271,-0.00823719,-0.02885426,0.07075875,0.04701288,0.10650901,0.06817832,-0.03934416,0.02566493,-0.02124123,0.00669323,0.00353122,0.01652858,-0.05048112,-0.0069871,-0.03194185,0.02754713,-0.04220509,0.01758491,0.06979179,-0.03790209,0.11090566,-0.02206187,-0.03846501,-0.02319918,0.06558208,0.04405964,-0.05383279,-0.11044905,0.09994069,0.0755026,-0.04640915,0.02687524,0.01612505,-0.03262422,0.04195585,0.06156023,-0.06063402,-0.08612123,-0.05336736,-0.06900038,-0.00684221,-0.00810459,-0.00719992,0.06550226,0.02392369,0.02391164,0.04541916,0.02142215,0.04122151,-0.06200835,-0.03603609,0.02888899,0.01665039,0.07176792,0.00031918,-0.03458572,-0.00034314,0.01079691,-0.01582333,0.01739489,-0.01706942,0.0264204,0.06609081,0.03133417,0.03835151,0.07470451,0.00311879,-0.00600598,0.02098407,0.01671998,-0.00933735,-0.05919097,0.00543988,-0.0679847,-0.01464269,0.04164394,0.05223884,0.0460442,0.03333023,-0.00236766,0.01454853,0.03014607,0.07063171,-0.01886398,-0.04298572,0.04371382,-0.04704931,-0.01631887,0.08018263,0.01599814,-0.3162488,0.00685658,-0.0465539,0.0035681,-0.0162536,0.039316,0.01016553,0.01333538,-0.07770478,0.01300598,-0.06641771,0.06996435,0.0430739,-0.00603196,0.00066012,-0.0305701,0.06127598,-0.00616367,0.04748243,-0.08730168,-0.061312,-0.01557833,0.19803242,0.02534782,-0.00538473,-0.03612668,0.04080482,0.03414901,0.07067844,0.03202624,-0.04084207,0.04296819,0.08149099,-0.05321086,0.04019158,0.06537917,-0.03043451,0.02006844,-0.02459067,-0.02675398,-0.00642963,-0.02608282,-0.01236672,-0.02280545,0.08232935,-0.00812518,-0.07681497,-0.0176655,0.03883343,0.00963376,-0.02992675,0.02027782,0.01444256,-0.03728907,0.0501787,-0.00184889,0.07921009,-0.02745788,-0.0289305,0.01715346,0.0599818,0.00855326,0.05529276,0.04439585,0.04792525],"last_embed":{"tokens":311,"hash":"6qitq8"}}},"text":null,"length":0,"last_read":{"hash":"6qitq8","at":1782971695009},"key":"handover/HANDOVER_20260628.md#引継ぎログ：2026年6月28日（日）#5. 変更ファイル一覧","lines":[111,123],"size":490,"outlinks":[],"class_name":"SmartBlock"},
"smart_blocks:handover/HANDOVER_20260628.md#引継ぎログ：2026年6月28日（日）#5. 変更ファイル一覧#{1}": {"path":null,"last_embed":{"hash":"1jh9oal","at":1782971695085},"embeddings":{"TaylorAI/bge-micro-v2":{"vec":[-0.0450756,-0.01870924,0.02610787,-0.05661006,0.02201952,0.02400139,-0.06318722,0.00355423,0.0278213,-0.03980543,0.00318753,-0.05735899,0.03841124,-0.00881835,-0.00044866,-0.06214255,0.020906,-0.01520375,-0.03262953,0.00340712,0.10126532,-0.04425925,-0.05078754,-0.06183248,0.05443987,0.03487272,0.01206165,-0.05376394,-0.03476622,-0.17431101,-0.06825916,0.03050922,-0.00851235,-0.02096553,0.01946529,-0.01326776,-0.02393064,0.01920651,-0.0287061,0.0296187,-0.04552842,0.06237458,0.01569218,-0.0107784,0.03839765,-0.05749038,-0.05664825,-0.03035393,0.0159379,-0.0563639,-0.04910637,0.01249442,0.01637859,0.00168348,-0.01289635,0.00760316,0.05507953,0.03786857,0.04875512,0.00497421,0.05456702,0.03124237,-0.22754446,0.07476484,0.00638066,0.00438378,-0.02551466,-0.01599181,0.04317218,0.01371349,-0.07639731,0.00306433,0.00851265,0.08382715,-0.01244261,0.01960798,-0.0352505,-0.04537917,-0.04114404,-0.01152819,-0.02757253,-0.00864877,0.01293447,0.00664765,-0.05880403,-0.00453209,0.00788157,0.02645661,-0.02543795,0.07536548,-0.02518546,-0.03790204,0.05515777,0.04105828,-0.06166238,-0.0071404,0.05071988,0.03405587,-0.06870648,0.10619432,-0.12147074,0.02028189,-0.01267424,0.00701447,0.06090234,0.01710928,0.00656401,0.00659032,-0.01925977,-0.06798065,-0.02182018,-0.02791641,0.02870508,-0.06064773,-0.01808365,0.06213646,0.04071528,-0.01192202,0.00854476,0.01905022,0.05122644,-0.02122568,0.04713188,-0.013519,-0.01951016,-0.01118301,0.02170042,0.01549418,0.00003764,0.1019299,0.01095565,0.03372977,-0.09063874,-0.01990501,0.03520613,0.03244466,-0.02892159,0.00380902,0.02554798,-0.01995577,-0.05037981,-0.08086617,-0.02733595,-0.06183795,-0.04754425,0.0755368,-0.0706855,0.04791296,0.05169843,-0.05117119,0.00299818,0.06991255,0.00675051,-0.05386356,0.01130631,-0.02249243,0.07053857,0.04696086,-0.01183864,0.0162437,-0.0018913,-0.01800634,-0.09278524,0.10120847,0.02426325,-0.0780727,-0.00948246,0.02813675,0.04673258,-0.074062,0.00686914,0.00247969,0.00445518,-0.01387227,0.05200622,0.01243627,0.04368654,0.04583192,-0.06739658,0.01878012,0.04466723,-0.0065222,-0.05686731,0.04830341,-0.01957723,-0.03656182,-0.01850262,-0.04359052,0.07397588,-0.02511638,-0.06879961,0.04882757,-0.03916036,0.01051668,-0.02206171,-0.03275792,-0.08218028,0.01906093,0.05659089,-0.09872776,0.12673235,0.04413591,-0.04656751,-0.04095681,-0.00317851,0.01225589,0.02454914,-0.0293911,-0.01619237,0.06488992,-0.04158079,0.00264823,0.09391764,0.05063762,-0.00027158,0.0202264,-0.01782538,0.00594402,-0.00733266,0.0488672,0.0133213,0.00238674,-0.0284657,-0.22349155,0.02354307,0.0005821,-0.02781557,0.01396074,-0.02229369,-0.01066054,-0.02639606,0.06613757,0.04380779,0.10744014,0.06522653,-0.03864188,0.03009733,-0.01638985,0.00476874,0.00024461,0.01380085,-0.05278548,-0.00478671,-0.02875964,0.02650414,-0.04111658,0.02465954,0.07309479,-0.0380567,0.11373865,-0.02105825,-0.03648722,-0.0217035,0.06299479,0.0515958,-0.05491482,-0.11197346,0.09839348,0.07127165,-0.04726446,0.02751523,0.01534544,-0.03103988,0.04273678,0.05949596,-0.0588589,-0.08552592,-0.05405524,-0.06661455,-0.00387693,-0.00414655,-0.00319439,0.06724747,0.02531773,0.0243239,0.04997401,0.01896489,0.04213543,-0.0641264,-0.0315758,0.03217254,0.01500723,0.07020136,0.00660684,-0.03297817,0.00198004,0.01115332,-0.01620319,0.01749787,-0.02088409,0.02637813,0.07073075,0.03484219,0.03891224,0.06631629,0.00205694,-0.00720901,0.0266654,0.01900572,-0.00930021,-0.06041947,0.00163284,-0.07259946,-0.01080414,0.04434256,0.05309888,0.0478094,0.03318349,-0.0062785,0.01388812,0.03086137,0.07400126,-0.01829265,-0.03747851,0.03831477,-0.04970356,-0.01779076,0.07949816,0.01547621,-0.3173016,0.00407503,-0.0457274,0.00621168,-0.01560279,0.03531361,0.00581447,0.01295461,-0.07383,0.0122089,-0.0661074,0.07127868,0.03812105,-0.01141876,-0.00051875,-0.02977466,0.06317586,-0.00287837,0.05282873,-0.08644337,-0.06009167,-0.01826327,0.20036902,0.02396923,-0.00542348,-0.0371245,0.04031743,0.03212512,0.0702197,0.03376127,-0.03501709,0.04391944,0.08602519,-0.05198289,0.04005685,0.06429267,-0.02817859,0.02230056,-0.02319343,-0.02064442,-0.00271976,-0.02386838,-0.01316566,-0.02327099,0.07854383,-0.01016332,-0.07581956,-0.01326531,0.03789731,0.00903498,-0.02831748,0.02151421,0.01813916,-0.03786267,0.049558,0.00006031,0.07716551,-0.0284187,-0.0311623,0.01317934,0.05986483,0.00711544,0.05777542,0.04500019,0.05040495],"last_embed":{"tokens":310,"hash":"1jh9oal"}}},"text":null,"length":0,"last_read":{"hash":"1jh9oal","at":1782971695085},"key":"handover/HANDOVER_20260628.md#引継ぎログ：2026年6月28日（日）#5. 変更ファイル一覧#{1}","lines":[113,123],"size":474,"outlinks":[],"class_name":"SmartBlock"},
"smart_blocks:handover/HANDOVER_20260628.md#引継ぎログ：2026年6月28日（日）#6. 明日（6/29）以降のタスク": {"path":null,"last_embed":{"hash":"wiqjf8","at":1782971695159},"embeddings":{"TaylorAI/bge-micro-v2":{"vec":[-0.04671831,-0.04220611,0.0184804,-0.03857508,0.02096433,0.00418619,-0.04411901,0.00574932,0.03375091,-0.02592455,0.0002247,-0.0191494,0.05386975,0.02107156,-0.02906212,-0.01770032,0.01888196,-0.04504746,-0.08265284,-0.01533592,0.12811895,-0.02789859,0.00217803,-0.07099542,0.06558231,0.01863296,-0.00544165,-0.04336049,-0.01275175,-0.14720497,-0.05326315,0.03705483,0.03505464,0.00141377,0.02041455,-0.01001163,-0.0394281,0.02733345,-0.0491944,0.02224349,-0.01681906,0.05687156,0.00522195,-0.01471849,0.02512505,-0.05301628,-0.03128347,-0.05935074,-0.00029104,-0.04455642,-0.04399483,-0.01154146,0.00450295,0.02676609,0.0397759,0.03185936,0.03684217,-0.01876336,0.03515007,0.02240807,0.05195651,0.02457218,-0.21191365,0.06397124,-0.01752942,-0.0294378,-0.00166293,-0.00552937,0.0398494,0.04857394,-0.03670273,-0.0243913,-0.0149962,0.05437655,0.00972434,-0.03185093,-0.0565837,-0.05313732,-0.05609357,-0.04824003,-0.02014036,0.007166,0.02256378,-0.00286057,-0.05046003,-0.00660148,0.03287185,-0.03240287,-0.01958271,0.08217746,-0.03462352,-0.02490879,0.05354224,0.04869137,-0.0629879,-0.01926518,0.05974962,0.02607729,-0.10010482,0.10369541,-0.09613287,0.0227751,0.02272012,-0.04865493,0.02819598,-0.01802947,0.01202125,-0.00420744,-0.03570125,-0.05961096,-0.04710687,-0.03355815,0.02370359,-0.0703105,-0.0163401,0.03015378,0.0616567,0.00577639,0.0249014,0.02993397,0.05927662,0.0077327,0.01674987,-0.02517364,-0.0209431,-0.01555695,-0.00821743,0.04310183,-0.01260069,0.0416639,0.03688902,0.02028776,-0.04962665,-0.0028736,0.00038578,0.02342429,-0.02689184,-0.02502161,0.02730191,-0.03753018,-0.02190147,-0.10722937,-0.0270448,-0.08033381,-0.05290638,0.0927847,-0.08070289,0.02011121,0.04129332,-0.01889293,-0.01472186,0.0580551,0.00123504,-0.05946811,0.01317958,-0.01152517,0.0529989,0.10384185,-0.03170654,0.01285767,0.00572555,-0.05025155,-0.07582427,0.07055249,0.03744138,-0.08606004,-0.00709013,0.05315999,0.04035128,-0.06147472,0.00563928,-0.01180462,-0.02576612,0.00862489,0.11705966,0.01762754,0.09464974,0.0124926,-0.07434295,0.00424468,0.01949587,-0.00655461,-0.05295819,0.05521106,0.00901943,-0.06078706,-0.01726311,-0.00611372,0.07233468,-0.04599024,-0.07429033,-0.00574512,-0.03547232,0.02078214,-0.0279233,-0.01728707,-0.06285342,-0.00164839,0.07904998,-0.10000481,0.12412249,0.05212258,-0.05704858,-0.05748591,0.01509286,0.01376452,0.06248112,-0.02311396,-0.04524858,0.06208268,-0.05437393,0.01102164,0.08465411,0.04371629,0.0167091,-0.00812882,0.00073112,0.01005337,0.01940459,0.01501971,0.05481638,-0.01647897,-0.0172077,-0.22259037,0.03887194,0.05151854,-0.02518939,-0.00780157,-0.02543567,0.02927756,-0.01856761,0.12576465,0.05682255,0.11173108,0.04209387,-0.03072038,0.033039,-0.02577455,0.01816624,0.02612017,0.02504427,-0.01774404,0.02086868,-0.01584698,0.04030456,-0.01080627,0.02606445,0.07013986,-0.03796634,0.0767107,-0.00000782,-0.02355822,-0.03238219,0.06937788,0.02206041,-0.00663331,-0.06274997,0.06744918,0.06664755,-0.04994897,0.02022304,-0.01257528,-0.06182596,0.01064427,0.05226552,-0.05761897,-0.0855494,-0.04543636,-0.0703461,-0.05563039,-0.07429919,-0.02423195,0.04934565,0.00253105,0.02124108,0.05356343,0.05354435,0.054645,-0.01625093,-0.04455494,-0.0113913,0.00994129,0.0721445,0.00079873,-0.03591943,-0.00378543,0.01265883,-0.00098534,0.03762227,0.03175043,0.0526427,0.00795515,0.03826904,0.01386895,0.10088434,0.00702609,0.04693119,0.01706624,0.0114036,-0.00161954,-0.03445376,0.02959784,-0.03421048,0.02099629,0.00722561,0.07551474,0.03609691,0.0272761,0.02462765,0.05152971,0.010883,0.04236658,-0.00032624,-0.06190537,0.03885104,-0.02539003,-0.01249661,0.03311251,0.00728464,-0.32736433,0.02105791,-0.01628646,0.00864251,0.00645488,0.04913503,0.01451446,0.00390169,-0.06971779,0.05920853,-0.10179275,0.07440159,0.05194351,-0.02793946,-0.00089108,-0.05316286,0.0428943,-0.00490886,-0.01344278,-0.09529677,-0.04767613,-0.01673337,0.20318301,0.02636067,-0.01421907,-0.03928275,0.03916687,0.02648963,0.06686494,0.00140595,-0.05841805,0.02981799,0.0772185,-0.04658588,0.00179235,0.04720734,-0.03307408,0.02934615,-0.00382988,-0.03446042,-0.01945217,0.02296434,-0.00886246,-0.02822074,0.087653,0.01765477,-0.07680391,-0.02030444,0.06168124,-0.00496103,-0.02330397,-0.00381855,-0.00045226,-0.02020389,0.05351435,0.02017987,0.08084361,-0.01713266,-0.04507107,0.04781565,0.0517999,0.01060671,0.00722993,0.01887687,0.0558444],"last_embed":{"tokens":409,"hash":"wiqjf8"}}},"text":null,"length":0,"last_read":{"hash":"wiqjf8","at":1782971695159},"key":"handover/HANDOVER_20260628.md#引継ぎログ：2026年6月28日（日）#6. 明日（6/29）以降のタスク","lines":[124,147],"size":507,"outlinks":[],"class_name":"SmartBlock"},
"smart_blocks:handover/HANDOVER_20260628.md#引継ぎログ：2026年6月28日（日）#6. 明日（6/29）以降のタスク#🔴 HIGH（フェーズ1.5本体：ビジュアル強化）": {"path":null,"last_embed":{"hash":"1qwicco","at":1782971695266},"embeddings":{"TaylorAI/bge-micro-v2":{"vec":[-0.0598207,-0.05255144,0.02281351,-0.02706314,0.00408917,-0.01131643,-0.02338739,0.00481608,0.02930082,-0.0299347,-0.00127364,-0.01710422,0.06102361,0.007197,-0.02977494,-0.01589143,0.00291836,-0.04910073,-0.08345603,-0.00246521,0.12830891,-0.00744415,0.00458615,-0.07240947,0.07774359,0.0320691,-0.00205103,-0.0313748,-0.00659415,-0.14299636,-0.04542411,0.03875855,0.03881977,0.0044389,0.02321892,-0.00867524,-0.03014217,0.02422503,-0.03889222,0.02559269,-0.01763363,0.06221016,0.01804905,-0.01731707,0.02170752,-0.05264144,-0.02427271,-0.05816571,0.01098419,-0.03824156,-0.04199041,-0.00335475,0.01443766,0.02980646,0.04341669,0.03461833,0.04111203,-0.01479055,0.02936208,0.02075612,0.05345996,0.01476028,-0.20845838,0.05816228,-0.02145256,-0.03905162,0.00444576,-0.00678443,0.03695129,0.07022839,-0.03102624,-0.03657185,-0.03555454,0.05357791,0.02256631,-0.03116813,-0.05524752,-0.07085265,-0.0546926,-0.04934531,-0.02436222,0.00889724,0.02044235,0.00678698,-0.04206898,0.00984027,0.0485439,-0.03479205,-0.0154277,0.07700865,-0.03554348,-0.01056204,0.04467604,0.04911132,-0.06844679,-0.03759246,0.05465153,0.03549035,-0.10522102,0.10323215,-0.08567144,0.01286059,0.01260736,-0.05786435,0.03425872,-0.01205118,0.02494989,-0.00118557,-0.03602682,-0.06123481,-0.0627359,-0.03241549,-0.00227711,-0.06038568,-0.02101038,0.03819986,0.06789078,-0.00037825,0.01706677,0.02442203,0.0675811,0.01173709,0.02325862,-0.02237946,-0.01740271,-0.03018753,0.00523332,0.0535434,-0.01801549,0.03928745,0.05008534,0.00233081,-0.04904061,-0.01302032,-0.0094961,0.02807516,-0.02383734,-0.03106306,0.03793072,-0.04197637,-0.01293549,-0.12596038,-0.01691555,-0.06984804,-0.04556504,0.09518956,-0.08089285,0.01516503,0.03451466,-0.01358275,-0.02002546,0.06614897,-0.01937717,-0.06462487,0.01702891,-0.00299804,0.04838967,0.10823229,-0.02049392,0.00050172,0.00779292,-0.05067636,-0.07689402,0.06442727,0.02886797,-0.08817713,-0.00801791,0.06619881,0.03188215,-0.05647517,-0.00998363,-0.02358104,-0.04511344,0.01767051,0.1247892,0.01547271,0.09524156,0.00418645,-0.07441013,0.00458686,0.02125348,-0.00910741,-0.03986827,0.06785725,0.02553663,-0.04230291,-0.01965403,-0.00040886,0.05615397,-0.04651529,-0.06653854,0.0066622,-0.05934843,0.02110714,-0.03142687,-0.01811899,-0.05555587,0.01566773,0.08400959,-0.08314181,0.13119176,0.05228102,-0.06513385,-0.05469202,0.019865,0.01310058,0.05584473,-0.00115495,-0.0499007,0.06611274,-0.053443,0.01747605,0.08261725,0.04495721,0.0217812,-0.0011181,0.0032847,0.00397309,0.01532209,0.01742063,0.06932201,-0.02804787,-0.02292648,-0.22193153,0.04180492,0.05045445,-0.04146961,-0.01766179,-0.02732521,0.03156013,-0.01641921,0.11519014,0.05613373,0.09711723,0.02636343,-0.03720357,0.02272931,-0.01462054,0.02675726,0.0255844,0.01600603,-0.02001608,0.00943011,-0.0283068,0.04335552,-0.01320122,0.03397357,0.06511336,-0.04428951,0.06549004,-0.00347876,-0.03826513,-0.02299159,0.06264072,0.0073381,-0.01213953,-0.05290963,0.05968846,0.04928359,-0.05948496,0.01312171,-0.01796112,-0.06650991,0.01528535,0.04589376,-0.06351743,-0.07432394,-0.04159475,-0.06034083,-0.06299834,-0.08121394,-0.0126933,0.04938776,0.02459764,0.02212883,0.03721185,0.06356011,0.04269693,-0.01211533,-0.04869412,-0.00425047,0.00639804,0.0793497,-0.00050381,-0.03769738,-0.01039482,0.00483797,0.00964626,0.05400916,0.02191749,0.04429369,0.00991933,0.05086493,0.00324867,0.09583806,0.00975751,0.02366076,0.03671838,0.02146859,-0.00156473,-0.02804537,0.03118163,-0.0297181,0.02706459,-0.00863344,0.08573437,0.03489878,0.03369865,0.02084026,0.0503596,0.02191193,0.02709467,0.01193769,-0.04535379,0.03690749,-0.03407959,-0.00500843,0.01753562,-0.00172798,-0.33194625,0.01343438,-0.01581771,0.01701164,0.00615527,0.04607929,0.00939993,0.01249191,-0.07631106,0.06187363,-0.08523697,0.06253839,0.04170486,-0.00964864,-0.00563479,-0.0515445,0.040271,0.00080766,-0.02162913,-0.10189364,-0.05277646,-0.02983354,0.20795491,0.02691941,-0.00947832,-0.0373881,0.01376453,0.02787156,0.06657758,-0.01020111,-0.04034251,0.0162557,0.06817115,-0.04005516,0.00047265,0.03290626,-0.02223095,0.02105732,0.00808726,-0.03257805,-0.01649838,0.02114035,-0.0152197,-0.03470835,0.09591383,0.03609104,-0.07680117,-0.00031198,0.07482049,-0.00240106,-0.03481349,-0.01452659,-0.00861413,0.00074271,0.05558763,0.01648516,0.07125024,-0.02563803,-0.04531274,0.04001484,0.03775605,0.02751287,0.00347142,0.02661414,0.05740109],"last_embed":{"tokens":286,"hash":"1qwicco"}}},"text":null,"length":0,"last_read":{"hash":"1qwicco","at":1782971695266},"key":"handover/HANDOVER_20260628.md#引継ぎログ：2026年6月28日（日）#6. 明日（6/29）以降のタスク#🔴 HIGH（フェーズ1.5本体：ビジュアル強化）","lines":[126,135],"size":293,"outlinks":[],"class_name":"SmartBlock"},
"smart_blocks:handover/HANDOVER_20260628.md#引継ぎログ：2026年6月28日（日）#6. 明日（6/29）以降のタスク#🔴 HIGH（フェーズ1.5本体：ビジュアル強化）#{1}": {"path":null,"last_embed":{"hash":null},"embeddings":{},"text":null,"length":0,"last_read":{"hash":"199shnn","at":1782971691383},"key":"handover/HANDOVER_20260628.md#引継ぎログ：2026年6月28日（日）#6. 明日（6/29）以降のタスク#🔴 HIGH（フェーズ1.5本体：ビジュアル強化）#{1}","lines":[128,129],"size":47,"outlinks":[],"class_name":"SmartBlock"},
"smart_blocks:handover/HANDOVER_20260628.md#引継ぎログ：2026年6月28日（日）#6. 明日（6/29）以降のタスク#🔴 HIGH（フェーズ1.5本体：ビジュアル強化）#{2}": {"path":null,"last_embed":{"hash":null},"embeddings":{},"text":null,"length":0,"last_read":{"hash":"4t6171","at":1782971691383},"key":"handover/HANDOVER_20260628.md#引継ぎログ：2026年6月28日（日）#6. 明日（6/29）以降のタスク#🔴 HIGH（フェーズ1.5本体：ビジュアル強化）#{2}","lines":[130,130],"size":55,"outlinks":[],"class_name":"SmartBlock"},
"smart_blocks:handover/HANDOVER_20260628.md#引継ぎログ：2026年6月28日（日）#6. 明日（6/29）以降のタスク#🔴 HIGH（フェーズ1.5本体：ビジュアル強化）#{3}": {"path":null,"last_embed":{"hash":null},"embeddings":{},"text":null,"length":0,"last_read":{"hash":"cjzl7l","at":1782971691383},"key":"handover/HANDOVER_20260628.md#引継ぎログ：2026年6月28日（日）#6. 明日（6/29）以降のタスク#🔴 HIGH（フェーズ1.5本体：ビジュアル強化）#{3}","lines":[131,131],"size":36,"outlinks":[],"class_name":"SmartBlock"},
"smart_blocks:handover/HANDOVER_20260628.md#引継ぎログ：2026年6月28日（日）#6. 明日（6/29）以降のタスク#🔴 HIGH（フェーズ1.5本体：ビジュアル強化）#{4}": {"path":null,"last_embed":{"hash":null},"embeddings":{},"text":null,"length":0,"last_read":{"hash":"1vl7zqy","at":1782971691383},"key":"handover/HANDOVER_20260628.md#引継ぎログ：2026年6月28日（日）#6. 明日（6/29）以降のタスク#🔴 HIGH（フェーズ1.5本体：ビジュアル強化）#{4}","lines":[132,132],"size":48,"outlinks":[],"class_name":"SmartBlock"},
"smart_blocks:handover/HANDOVER_20260628.md#引継ぎログ：2026年6月28日（日）#6. 明日（6/29）以降のタスク#🔴 HIGH（フェーズ1.5本体：ビジュアル強化）#{5}": {"path":null,"last_embed":{"hash":null},"embeddings":{},"text":null,"length":0,"last_read":{"hash":"xc6dlr","at":1782971691383},"key":"handover/HANDOVER_20260628.md#引継ぎログ：2026年6月28日（日）#6. 明日（6/29）以降のタスク#🔴 HIGH（フェーズ1.5本体：ビジュアル強化）#{5}","lines":[133,133],"size":27,"outlinks":[],"class_name":"SmartBlock"},
"smart_blocks:handover/HANDOVER_20260628.md#引継ぎログ：2026年6月28日（日）#6. 明日（6/29）以降のタスク#🔴 HIGH（フェーズ1.5本体：ビジュアル強化）#{6}": {"path":null,"last_embed":{"hash":null},"embeddings":{},"text":null,"length":0,"last_read":{"hash":"11dcwat","at":1782971691383},"key":"handover/HANDOVER_20260628.md#引継ぎログ：2026年6月28日（日）#6. 明日（6/29）以降のタスク#🔴 HIGH（フェーズ1.5本体：ビジュアル強化）#{6}","lines":[134,135],"size":43,"outlinks":[],"class_name":"SmartBlock"},
"smart_blocks:handover/HANDOVER_20260628.md#引継ぎログ：2026年6月28日（日）#6. 明日（6/29）以降のタスク#🟡 MEDIUM": {"path":null,"last_embed":{"hash":null},"embeddings":{},"text":null,"length":0,"last_read":{"hash":"1duvssu","at":1782971691383},"key":"handover/HANDOVER_20260628.md#引継ぎログ：2026年6月28日（日）#6. 明日（6/29）以降のタスク#🟡 MEDIUM","lines":[136,141],"size":147,"outlinks":[],"class_name":"SmartBlock"},
"smart_blocks:handover/HANDOVER_20260628.md#引継ぎログ：2026年6月28日（日）#6. 明日（6/29）以降のタスク#🟡 MEDIUM#{1}": {"path":null,"last_embed":{"hash":null},"embeddings":{},"text":null,"length":0,"last_read":{"hash":"iaiene","at":1782971691383},"key":"handover/HANDOVER_20260628.md#引継ぎログ：2026年6月28日（日）#6. 明日（6/29）以降のタスク#🟡 MEDIUM#{1}","lines":[138,138],"size":47,"outlinks":[],"class_name":"SmartBlock"},
"smart_blocks:handover/HANDOVER_20260628.md#引継ぎログ：2026年6月28日（日）#6. 明日（6/29）以降のタスク#🟡 MEDIUM#{2}": {"path":null,"last_embed":{"hash":null},"embeddings":{},"text":null,"length":0,"last_read":{"hash":"cuwhif","at":1782971691383},"key":"handover/HANDOVER_20260628.md#引継ぎログ：2026年6月28日（日）#6. 明日（6/29）以降のタスク#🟡 MEDIUM#{2}","lines":[139,139],"size":42,"outlinks":[],"class_name":"SmartBlock"},
"smart_blocks:handover/HANDOVER_20260628.md#引継ぎログ：2026年6月28日（日）#6. 明日（6/29）以降のタスク#🟡 MEDIUM#{3}": {"path":null,"last_embed":{"hash":null},"embeddings":{},"text":null,"length":0,"last_read":{"hash":"1nki1pv","at":1782971691383},"key":"handover/HANDOVER_20260628.md#引継ぎログ：2026年6月28日（日）#6. 明日（6/29）以降のタスク#🟡 MEDIUM#{3}","lines":[140,141],"size":41,"outlinks":[],"class_name":"SmartBlock"},
"smart_blocks:handover/HANDOVER_20260628.md#引継ぎログ：2026年6月28日（日）#6. 明日（6/29）以降のタスク#🟢 LOW": {"path":null,"last_embed":{"hash":null},"embeddings":{},"text":null,"length":0,"last_read":{"hash":"dfr3pr","at":1782971691383},"key":"handover/HANDOVER_20260628.md#引継ぎログ：2026年6月28日（日）#6. 明日（6/29）以降のタスク#🟢 LOW","lines":[142,147],"size":43,"outlinks":[],"class_name":"SmartBlock"},
"smart_blocks:handover/HANDOVER_20260628.md#引継ぎログ：2026年6月28日（日）#6. 明日（6/29）以降のタスク#🟢 LOW#{1}": {"path":null,"last_embed":{"hash":null},"embeddings":{},"text":null,"length":0,"last_read":{"hash":"1zqzdp","at":1782971691383},"key":"handover/HANDOVER_20260628.md#引継ぎログ：2026年6月28日（日）#6. 明日（6/29）以降のタスク#🟢 LOW#{1}","lines":[144,145],"size":26,"outlinks":[],"class_name":"SmartBlock"},
"smart_blocks:handover/HANDOVER_20260628.md#引継ぎログ：2026年6月28日（日）#6. 明日（6/29）以降のタスク#🟢 LOW#{2}": {"path":null,"last_embed":{"hash":null},"embeddings":{},"text":null,"length":0,"last_read":{"hash":"1alhcef","at":1782971691383},"key":"handover/HANDOVER_20260628.md#引継ぎログ：2026年6月28日（日）#6. 明日（6/29）以降のタスク#🟢 LOW#{2}","lines":[146,147],"size":4,"outlinks":[],"class_name":"SmartBlock"},
"smart_blocks:handover/HANDOVER_20260628.md#引継ぎログ：2026年6月28日（日）#7. 未解決論点": {"path":null,"last_embed":{"hash":"ofc1h6","at":1782971695332},"embeddings":{"TaylorAI/bge-micro-v2":{"vec":[-0.06086604,-0.07926873,0.04798674,-0.01916428,-0.01161232,0.03151245,-0.02868244,0.00933747,0.02011664,-0.012111,0.00266745,-0.05640918,0.044415,0.02126524,0.01698727,-0.02915285,0.00002615,-0.01270141,-0.09173165,-0.02104126,0.12120815,-0.01434093,-0.00889,-0.04602892,0.05000744,0.01860526,0.00050765,-0.04029956,0.00794735,-0.17782652,-0.03422803,0.04774101,0.02291863,-0.02018332,-0.01359369,-0.02804285,0.00299335,0.02404499,-0.04201148,0.0367094,-0.00442049,0.04063027,0.01709153,-0.03565436,0.02250045,-0.03742479,-0.00782226,-0.02074211,0.02833477,-0.04232253,-0.00680115,-0.05870201,0.0248133,0.02957393,0.06127714,0.04781826,0.03735364,-0.01159835,0.04443509,0.06310832,0.05154882,-0.00529568,-0.19553585,0.04421914,-0.03405916,0.0183445,0.00658053,-0.02407831,0.02953392,0.05362607,-0.03010822,-0.02663291,0.00446924,0.06475445,0.0118347,-0.01995647,-0.05248282,-0.07027812,-0.05802647,-0.03058533,-0.04105854,0.02319744,0.04539037,0.01391198,-0.03882009,-0.00235491,0.03409229,-0.02558109,-0.00387531,0.09514344,-0.03655835,0.00528544,0.04355098,0.0419858,-0.05144667,-0.03994537,0.06103285,0.02519154,-0.08400706,0.11050604,-0.09761857,0.02869203,0.0053188,-0.05617197,0.02060412,-0.0262962,-0.00503108,-0.01442099,-0.02184969,-0.08394796,-0.03888186,-0.02113648,-0.01537414,-0.0580029,-0.02368762,0.0274122,0.06933462,0.00309226,0.01249937,-0.00698388,0.06803478,0.01013659,0.04292944,-0.03581655,-0.01959361,-0.00196902,-0.00234015,0.03998552,-0.00707876,0.05959007,0.03664707,0.01048805,-0.08620107,-0.02283044,-0.01542448,0.0046829,-0.02165231,-0.02736509,0.05393793,-0.01805334,-0.03087701,-0.10566736,-0.03055176,-0.08429585,-0.03227409,0.10673717,-0.072703,0.00688283,0.02238189,-0.01033428,0.00195586,0.07820458,-0.02606185,-0.07774089,0.00955046,0.00746417,0.03776452,0.08699898,-0.01474451,0.02103231,-0.02001574,-0.04652323,-0.06077695,0.05518842,0.0226581,-0.09538282,0.01153354,0.03791153,0.04203976,-0.03246856,0.00845136,-0.0191241,-0.03817116,0.01952154,0.13370873,0.0431198,0.07038062,0.00762606,-0.06766231,-0.01152019,0.03630011,-0.01172516,-0.04066398,0.03908764,0.00824775,-0.06053969,-0.01149135,-0.02885539,0.0509847,-0.02359952,-0.05142382,0.02745465,-0.06704749,0.04431645,-0.02626727,-0.03430977,-0.05667762,0.00412482,0.06361527,-0.08603387,0.10292873,0.05131971,-0.02705669,-0.07835861,0.02806458,0.01282621,0.03780346,-0.01782275,-0.04215649,0.09232593,-0.05669252,0.00469777,0.07141232,0.05290241,0.03113361,0.01395372,-0.01348174,0.00577757,0.01667788,0.00081808,0.01545626,-0.02936184,-0.0295363,-0.21521816,0.06264308,0.04804004,-0.03063255,-0.02051571,-0.04325654,0.01870017,-0.00316521,0.09274685,0.04459618,0.08035205,0.0454013,-0.02969363,0.01239695,-0.04119146,0.01241713,0.03312754,0.01651652,-0.03129985,0.00785704,-0.03686816,0.05578189,-0.0159776,0.01349071,0.05467984,-0.04113631,0.10113367,-0.00209778,-0.0267206,-0.01793488,0.04137079,0.02303951,-0.03622229,-0.05013644,0.0466032,0.05434829,-0.04428347,0.00728352,-0.02901838,-0.06021458,0.01901139,0.05159987,-0.04246614,-0.10258067,-0.05090417,-0.04791003,-0.04424654,-0.06056328,-0.02493227,0.03563552,0.00637475,0.01875942,0.03824802,0.05667254,0.05075326,-0.01576373,-0.00857661,0.0067557,0.03291129,0.10744847,0.0149116,-0.01713189,-0.00670364,-0.01610372,-0.00987666,0.05113146,-0.0169895,0.01550781,0.01815997,0.00965486,0.00245718,0.10159534,0.03004431,0.01291294,0.02729103,0.02626121,-0.01841157,-0.03611996,0.03301543,-0.02445786,0.02563118,-0.03140286,0.0339308,0.03377441,0.01459308,0.0381869,0.05963756,-0.00591905,0.0505093,-0.03447898,-0.0502897,0.00897596,-0.00318829,0.01576984,0.02685626,-0.01253942,-0.33509517,0.02363343,-0.03313696,0.02890116,0.00604448,0.04649833,0.00270392,0.01702816,-0.06940535,0.01337741,-0.09244116,0.05694521,0.07514708,-0.02013706,0.04643516,-0.06160605,0.03499479,0.00565849,0.03674245,-0.11123202,-0.05864348,-0.01200115,0.22983484,0.01083605,-0.0031084,-0.02794923,0.00873485,-0.00293782,0.0751398,0.04190526,-0.04150883,0.01047937,0.0858685,-0.03563666,-0.00546982,0.02730595,-0.02414791,0.02703872,-0.0159571,-0.09358197,-0.01236633,-0.01579402,-0.02618038,-0.00689643,0.11473151,0.03365462,-0.05207585,-0.02247731,0.05392152,-0.0059795,-0.00716594,-0.00088438,-0.02558507,-0.01479774,0.0744259,0.03230692,0.07480411,-0.00522539,-0.04224519,0.04619177,0.05165336,0.02793551,0.01495318,0.02618007,0.05459956],"last_embed":{"tokens":205,"hash":"ofc1h6"}}},"text":null,"length":0,"last_read":{"hash":"ofc1h6","at":1782971695332},"key":"handover/HANDOVER_20260628.md#引継ぎログ：2026年6月28日（日）#7. 未解決論点","lines":[148,158],"size":211,"outlinks":[],"class_name":"SmartBlock"},
"smart_blocks:handover/HANDOVER_20260628.md#引継ぎログ：2026年6月28日（日）#7. 未解決論点#なし（本日タスクは100%完了）": {"path":null,"last_embed":{"hash":null},"embeddings":{},"text":null,"length":0,"last_read":{"hash":"x9blxp","at":1782971691383},"key":"handover/HANDOVER_20260628.md#引継ぎログ：2026年6月28日（日）#7. 未解決論点#なし（本日タスクは100%完了）","lines":[150,158],"size":198,"outlinks":[],"class_name":"SmartBlock"},
"smart_blocks:handover/HANDOVER_20260628.md#引継ぎログ：2026年6月28日（日）#7. 未解決論点#なし（本日タスクは100%完了）#{1}": {"path":null,"last_embed":{"hash":null},"embeddings":{},"text":null,"length":0,"last_read":{"hash":"1n2nxlq","at":1782971691383},"key":"handover/HANDOVER_20260628.md#引継ぎログ：2026年6月28日（日）#7. 未解決論点#なし（本日タスクは100%完了）#{1}","lines":[152,152],"size":21,"outlinks":[],"class_name":"SmartBlock"},
"smart_blocks:handover/HANDOVER_20260628.md#引継ぎログ：2026年6月28日（日）#7. 未解決論点#なし（本日タスクは100%完了）#{2}": {"path":null,"last_embed":{"hash":null},"embeddings":{},"text":null,"length":0,"last_read":{"hash":"1v3c7zr","at":1782971691383},"key":"handover/HANDOVER_20260628.md#引継ぎログ：2026年6月28日（日）#7. 未解決論点#なし（本日タスクは100%完了）#{2}","lines":[153,153],"size":50,"outlinks":[],"class_name":"SmartBlock"},
"smart_blocks:handover/HANDOVER_20260628.md#引継ぎログ：2026年6月28日（日）#7. 未解決論点#なし（本日タスクは100%完了）#{3}": {"path":null,"last_embed":{"hash":null},"embeddings":{},"text":null,"length":0,"last_read":{"hash":"zqstd8","at":1782971691383},"key":"handover/HANDOVER_20260628.md#引継ぎログ：2026年6月28日（日）#7. 未解決論点#なし（本日タスクは100%完了）#{3}","lines":[154,154],"size":34,"outlinks":[],"class_name":"SmartBlock"},
"smart_blocks:handover/HANDOVER_20260628.md#引継ぎログ：2026年6月28日（日）#7. 未解決論点#なし（本日タスクは100%完了）#{4}": {"path":null,"last_embed":{"hash":null},"embeddings":{},"text":null,"length":0,"last_read":{"hash":"136qjek","at":1782971691383},"key":"handover/HANDOVER_20260628.md#引継ぎログ：2026年6月28日（日）#7. 未解決論点#なし（本日タスクは100%完了）#{4}","lines":[155,156],"size":63,"outlinks":[],"class_name":"SmartBlock"},
"smart_blocks:handover/HANDOVER_20260628.md#引継ぎログ：2026年6月28日（日）#7. 未解決論点#なし（本日タスクは100%完了）#{5}": {"path":null,"last_embed":{"hash":null},"embeddings":{},"text":null,"length":0,"last_read":{"hash":"1alhcef","at":1782971691383},"key":"handover/HANDOVER_20260628.md#引継ぎログ：2026年6月28日（日）#7. 未解決論点#なし（本日タスクは100%完了）#{5}","lines":[157,158],"size":4,"outlinks":[],"class_name":"SmartBlock"},
"smart_blocks:handover/HANDOVER_20260628.md#引継ぎログ：2026年6月28日（日）#8. GitHub 同期状況": {"path":null,"last_embed":{"hash":"1tduqk8","at":1782971695383},"embeddings":{"TaylorAI/bge-micro-v2":{"vec":[-0.0940824,-0.04536472,0.11037685,-0.01322798,0.01970754,-0.04120145,-0.00065714,0.01527394,-0.00041345,-0.0278984,-0.00975057,-0.02137654,0.04895896,-0.01110635,0.01699432,-0.02682418,0.0027439,0.00968588,-0.02240242,-0.02939941,0.1180755,-0.02435554,-0.02782388,-0.04224151,0.01888534,0.00783277,0.00498954,-0.05725565,0.01873559,-0.15706423,-0.03287801,0.02551973,-0.01813002,0.00488272,0.00750177,-0.03620863,-0.03556946,0.00327776,-0.03735193,0.00157473,-0.0054176,0.06565984,0.0425774,-0.04082834,0.05434347,-0.02599009,-0.0499952,-0.03717735,0.03044417,-0.04346346,-0.01609247,-0.01157541,0.00379095,0.0140465,0.02604654,0.02342714,0.04605639,-0.01777136,0.03588268,0.04237433,0.05139043,0.03802156,-0.21119763,0.06161463,-0.00920634,-0.01132232,0.01968786,-0.04498067,0.01896148,0.02174534,-0.01131192,-0.0194006,0.01061396,0.0750505,-0.01698249,-0.02887874,-0.01112781,-0.05225666,-0.02983814,-0.03314941,0.00360429,0.07721523,0.0291889,0.04102982,-0.01218756,0.00009481,0.02480031,-0.01160975,0.00604474,0.06454874,-0.02087939,-0.03012361,0.0644155,0.04259286,-0.04067076,-0.00287548,0.04642078,0.04344146,-0.09797835,0.13132285,-0.06214696,-0.00063304,0.01644916,-0.03487427,0.01020903,0.01062998,0.01697159,-0.02114202,-0.01405849,-0.02120821,-0.02869086,-0.02431238,0.00325857,-0.09811018,0.00318265,0.01648224,0.06191311,0.01869849,0.01002632,0.00656346,0.10035586,-0.0237887,0.0701593,-0.06300182,-0.00885872,0.01073421,0.03552782,0.02530019,-0.00155188,0.04474521,0.05309644,-0.01471032,-0.0695274,-0.03706167,0.0076233,0.02899871,-0.01354249,-0.05988298,0.01087199,0.00392872,-0.0178481,-0.08089924,-0.00780355,-0.06836894,-0.05370327,0.07685461,-0.09385491,0.00963171,0.03024692,-0.0478975,0.01403567,0.04438772,-0.02707074,-0.05729502,-0.04616621,0.01066507,0.03818305,0.11635204,-0.02060148,0.04610178,0.00665323,-0.089585,-0.08825086,0.07056887,0.01458958,-0.06265444,-0.03320069,0.01959487,0.01982905,-0.03406325,-0.04350318,0.01350347,0.02807892,-0.0026345,0.06816817,0.01289341,0.05296232,0.00107179,-0.07272242,0.02355461,0.04312081,-0.00630669,-0.04355829,0.02765375,0.0026908,-0.03903918,-0.00065889,-0.04970545,0.03851869,-0.01165684,-0.0746073,0.02421333,-0.08963975,0.00088023,0.00389389,0.00855432,0.00157839,-0.02375433,0.02715261,-0.03617792,0.12956089,0.06965411,-0.03613825,-0.0482337,-0.06114711,0.00541737,0.00262529,-0.03741395,-0.05222091,0.06687571,-0.02481231,0.05600914,0.101665,0.03471883,-0.00729725,0.01570214,-0.00204344,0.02778583,0.01136989,0.04989606,0.05695797,0.01658113,-0.07083662,-0.21754152,0.05278323,0.00321649,-0.02066871,-0.03466963,-0.08418934,0.01169106,-0.0434918,0.06247044,0.06946912,0.09296988,0.05768947,-0.00673772,0.02228774,-0.01489776,0.02121764,0.07723824,-0.01452271,-0.01664081,-0.01874319,-0.0303748,0.01766322,0.04244043,-0.07406629,0.01083294,-0.03941271,0.10925917,0.02592729,0.0059514,-0.03640766,0.03361792,0.03279112,-0.03436754,-0.11785536,0.07830358,0.09252355,-0.07887004,-0.02554859,-0.01587609,-0.05968491,-0.01406474,0.06029924,-0.04749908,-0.10373901,-0.05443699,-0.05648357,-0.03328982,-0.02552062,-0.00229455,0.05224144,0.04196233,0.02699084,0.01539283,0.07935346,0.01344747,-0.03594965,-0.03768933,0.00527695,0.00589059,0.05611965,-0.00967433,-0.03122657,0.01475754,-0.00040309,0.00939682,0.03113666,-0.03674686,0.05100666,0.08980399,0.00938484,-0.01638834,0.08463113,-0.02479765,0.01638276,0.00844274,-0.00228329,0.02201797,-0.05237678,-0.01012274,-0.00252073,-0.01376758,0.01309851,0.07940669,0.03447019,0.00741604,0.02542649,0.03064581,0.05575932,0.03294135,-0.02550969,0.00237217,0.07290879,-0.06010209,-0.03699468,0.03733941,0.04356033,-0.3310253,0.06316219,0.00830601,0.00375259,-0.03916913,0.04582348,0.04706755,0.04340065,-0.01399934,-0.0094768,0.00322303,0.01252317,0.03455406,-0.02746451,0.03400997,-0.04187098,0.0726485,-0.00216405,0.02246885,-0.09223041,-0.07524677,0.01920892,0.21373838,0.00462698,0.01524466,-0.01153984,0.01370359,0.03854514,0.0549421,-0.00878228,-0.03279522,-0.00227418,0.06446578,-0.029775,0.0080451,0.06770488,-0.04904684,0.00477455,0.00165981,0.00511876,-0.02993898,-0.03689726,-0.02026666,-0.02940777,0.12293429,0.01358078,-0.07911555,-0.01031794,0.00082743,0.02421092,-0.05443247,-0.01411681,-0.01011966,-0.01421427,0.0511908,-0.020495,0.07298329,-0.03941057,-0.04967745,-0.03365919,0.02019166,0.03851826,0.03851624,0.02833168,0.04969106],"last_embed":{"tokens":177,"hash":"1tduqk8"}}},"text":null,"length":0,"last_read":{"hash":"1tduqk8","at":1782971695383},"key":"handover/HANDOVER_20260628.md#引継ぎログ：2026年6月28日（日）#8. GitHub 同期状況","lines":[159,168],"size":291,"outlinks":[],"class_name":"SmartBlock"},
"smart_blocks:handover/HANDOVER_20260628.md#引継ぎログ：2026年6月28日（日）#8. GitHub 同期状況#{1}": {"path":null,"last_embed":{"hash":null},"embeddings":{},"text":null,"length":0,"last_read":{"hash":"bo87p","at":1782971691383},"key":"handover/HANDOVER_20260628.md#引継ぎログ：2026年6月28日（日）#8. GitHub 同期状況#{1}","lines":[161,161],"size":55,"outlinks":[],"class_name":"SmartBlock"},
"smart_blocks:handover/HANDOVER_20260628.md#引継ぎログ：2026年6月28日（日）#8. GitHub 同期状況#{2}": {"path":null,"last_embed":{"hash":null},"embeddings":{},"text":null,"length":0,"last_read":{"hash":"lisu0u","at":1782971691383},"key":"handover/HANDOVER_20260628.md#引継ぎログ：2026年6月28日（日）#8. GitHub 同期状況#{2}","lines":[162,162],"size":59,"outlinks":[],"class_name":"SmartBlock"},
"smart_blocks:handover/HANDOVER_20260628.md#引継ぎログ：2026年6月28日（日）#8. GitHub 同期状況#{3}": {"path":null,"last_embed":{"hash":null},"embeddings":{},"text":null,"length":0,"last_read":{"hash":"q3i2ge","at":1782971691383},"key":"handover/HANDOVER_20260628.md#引継ぎログ：2026年6月28日（日）#8. GitHub 同期状況#{3}","lines":[163,163],"size":23,"outlinks":[],"class_name":"SmartBlock"},
"smart_blocks:handover/HANDOVER_20260628.md#引継ぎログ：2026年6月28日（日）#8. GitHub 同期状況#{4}": {"path":null,"last_embed":{"hash":null},"embeddings":{},"text":null,"length":0,"last_read":{"hash":"9akfdl","at":1782971691383},"key":"handover/HANDOVER_20260628.md#引継ぎログ：2026年6月28日（日）#8. GitHub 同期状況#{4}","lines":[164,164],"size":33,"outlinks":[],"class_name":"SmartBlock"},
"smart_blocks:handover/HANDOVER_20260628.md#引継ぎログ：2026年6月28日（日）#8. GitHub 同期状況#{5}": {"path":null,"last_embed":{"hash":null},"embeddings":{},"text":null,"length":0,"last_read":{"hash":"1deu9vt","at":1782971691383},"key":"handover/HANDOVER_20260628.md#引継ぎログ：2026年6月28日（日）#8. GitHub 同期状況#{5}","lines":[165,166],"size":93,"outlinks":[],"class_name":"SmartBlock"},
"smart_blocks:handover/HANDOVER_20260628.md#引継ぎログ：2026年6月28日（日）#8. GitHub 同期状況#{6}": {"path":null,"last_embed":{"hash":null},"embeddings":{},"text":null,"length":0,"last_read":{"hash":"1alhcef","at":1782971691383},"key":"handover/HANDOVER_20260628.md#引継ぎログ：2026年6月28日（日）#8. GitHub 同期状況#{6}","lines":[167,168],"size":4,"outlinks":[],"class_name":"SmartBlock"},
"smart_blocks:handover/HANDOVER_20260628.md#引継ぎログ：2026年6月28日（日）#9. 次回再開時の指示テンプレート": {"path":null,"last_embed":{"hash":"r51o62","at":1782971695425},"embeddings":{"TaylorAI/bge-micro-v2":{"vec":[-0.08434453,-0.03614737,0.04504303,-0.05161048,0.01253736,-0.01184398,-0.00645332,0.00409898,0.01900101,-0.00808325,-0.011679,-0.01885715,0.0531998,0.01759395,-0.01266941,-0.03498765,0.02095445,-0.01786379,-0.07019972,0.00382255,0.14641942,-0.00512188,0.00278076,-0.04575389,0.05129109,0.03422375,0.01683796,-0.03810515,0.00890539,-0.14510641,-0.03392034,0.02240757,0.01757473,-0.01553817,0.0259341,-0.02112105,-0.00604828,0.0427632,-0.04630652,0.03248781,-0.00794042,0.05690579,0.04157608,-0.04511375,0.0201932,-0.04264466,-0.04716164,-0.04803728,0.02393391,-0.03461303,-0.00962359,-0.0339249,0.01344407,0.03642476,0.05759227,0.03447364,0.02962799,0.00779674,0.02455738,0.03252237,0.03861749,0.03426888,-0.22090378,0.06567223,-0.00839547,-0.00489384,0.01935992,-0.00490937,0.03123226,0.04171612,-0.03180674,-0.02553117,-0.00974341,0.05052193,0.01133604,-0.03871319,-0.03572002,-0.07181807,-0.01916905,-0.0586441,-0.02532174,0.01516485,0.02809567,-0.01320663,-0.02736527,0.00695751,0.03405564,-0.02351388,-0.00318647,0.09271365,-0.05681267,-0.02463508,0.0602287,0.06465655,-0.0486813,0.01238288,0.06548077,0.04236743,-0.08198287,0.12488036,-0.10071011,0.03264089,0.03245939,-0.05861142,0.03157354,-0.00350247,0.00089359,-0.01360022,-0.01417886,-0.07836238,-0.03728068,-0.00429759,0.00850622,-0.07731104,-0.00137098,0.00367967,0.06503536,0.02209858,0.00073547,0.0173313,0.08709789,0.01670774,0.01284901,-0.03000672,-0.02985879,-0.00445718,0.01350311,0.02303018,-0.0149046,0.03970407,0.03315728,-0.0100704,-0.06826719,0.00338893,-0.00448637,0.01227715,0.00170313,-0.05343527,0.01335236,-0.02846597,-0.02614901,-0.12500894,-0.03455619,-0.09001492,-0.06255364,0.10225534,-0.07688776,0.02949111,0.03263765,-0.02614102,-0.01101241,0.05010757,-0.00393601,-0.05389132,0.00855511,0.01363957,0.0162997,0.0950668,-0.01821571,0.030294,0.00711765,-0.06109609,-0.07586269,0.08058807,0.03565276,-0.09375639,-0.00398959,0.05709937,0.01482439,-0.03324471,-0.01085224,0.01215396,0.01246276,-0.00929393,0.1254999,0.02180003,0.07824843,-0.0216298,-0.08109388,-0.00316104,0.01637543,-0.02268797,-0.05781845,0.03449413,-0.00173439,-0.05105686,-0.01735476,-0.02767919,0.03179155,-0.05288013,-0.07424904,0.02282532,-0.03514556,0.03125261,-0.0160573,-0.02745729,-0.02913832,-0.01981512,0.07657833,-0.08479051,0.13775519,0.07731462,-0.03721594,-0.04378192,0.01137453,0.00189849,0.01681653,-0.01240201,-0.04214533,0.08249374,-0.07789616,0.00634911,0.09479931,0.03877218,0.01003658,0.01168986,-0.00351883,0.02117471,0.01812734,0.03124248,0.02768671,0.0035069,-0.01542298,-0.22303383,0.059833,0.04078526,-0.04679144,-0.03830275,-0.02959231,0.01910694,-0.06224231,0.0905599,0.03579758,0.09328495,0.03247426,-0.03741818,0.0288717,-0.04628817,0.00618292,0.05318356,0.01194586,-0.03642648,0.00568659,-0.01728912,0.02142028,-0.02490372,-0.00559808,0.0766697,-0.03901792,0.07189217,-0.00393571,-0.03202348,-0.01337347,0.08860467,0.03953117,-0.02951129,-0.09096572,0.04856964,0.03421891,-0.05252053,0.00891963,-0.0133339,-0.06296492,0.0276585,0.06067622,-0.05141457,-0.10575129,-0.05693244,-0.04911669,-0.02907,-0.07334917,-0.02215518,0.02881204,0.007326,0.00573142,0.01236166,0.05831478,0.04040539,-0.01080979,-0.03549667,0.02054303,0.01869779,0.0728027,0.01284825,-0.02076728,-0.01454487,0.01136315,0.01055145,0.02720581,0.00189158,0.03523758,0.02348976,0.03709067,0.01314416,0.09197877,-0.00355854,0.01830011,0.02585121,-0.00238567,-0.01583853,-0.0306179,0.01589303,-0.00335931,0.0244475,0.00619593,0.05909856,0.06343768,0.02495794,0.00931856,0.0569371,0.02250363,0.02581246,-0.01443189,-0.04082575,0.00890202,-0.02631472,-0.0104832,0.04785026,0.01326411,-0.3426947,0.0440544,-0.00073119,0.01845555,-0.02017742,0.04295769,0.03920423,0.01702901,-0.07993919,0.04450098,-0.0691072,0.05948333,0.0673876,-0.00296053,0.01318948,-0.07379727,0.03322477,0.01988982,0.01763867,-0.09715534,-0.04423103,-0.00102977,0.18983783,0.00466218,0.00589526,-0.02241556,0.00849809,0.03689452,0.06126497,0.03878725,-0.06397481,0.00127885,0.08848584,-0.00668977,0.00648725,0.02417415,-0.01667498,0.01255165,-0.01896833,-0.04336352,-0.05428517,0.00091265,-0.0061633,-0.02570749,0.11779083,0.03307755,-0.05955629,-0.03872569,0.03718681,-0.0001605,-0.02233517,-0.026278,-0.02347925,-0.03155639,0.05208454,0.02806819,0.08658449,-0.02103845,-0.04104317,0.0304558,0.04296253,0.04194423,0.01869907,0.00208903,0.02865841],"last_embed":{"tokens":263,"hash":"r51o62"}}},"text":null,"length":0,"last_read":{"hash":"r51o62","at":1782971695425},"key":"handover/HANDOVER_20260628.md#引継ぎログ：2026年6月28日（日）#9. 次回再開時の指示テンプレート","lines":[169,184],"size":295,"outlinks":[],"class_name":"SmartBlock"},
"smart_blocks:handover/HANDOVER_20260628.md#引継ぎログ：2026年6月28日（日）#9. 次回再開時の指示テンプレート#{1}": {"path":null,"last_embed":{"hash":"1fk2ds6","at":1782971695488},"embeddings":{"TaylorAI/bge-micro-v2":{"vec":[-0.08387213,-0.03792994,0.04672581,-0.04996766,0.01421921,-0.01258893,-0.00482819,0.00141403,0.02158185,-0.00694896,-0.01162719,-0.01949233,0.05652509,0.01857716,-0.01079542,-0.03636536,0.02408299,-0.01847257,-0.06854897,0.00390816,0.14771405,-0.00357423,-0.00046697,-0.04696428,0.05141516,0.03283121,0.01566524,-0.03694888,0.00808304,-0.14433567,-0.03281042,0.02461423,0.01536285,-0.01409314,0.02908569,-0.02234491,-0.00602885,0.04470655,-0.04385369,0.03261221,-0.00605342,0.05724963,0.03949391,-0.04555101,0.02035722,-0.04227961,-0.04598305,-0.04705415,0.02571267,-0.03478678,-0.00948436,-0.03197927,0.01409672,0.03551512,0.059285,0.03348679,0.03046216,0.01056811,0.02279028,0.02933232,0.03799202,0.03349622,-0.22023423,0.06542285,-0.00707111,-0.00654798,0.01893926,-0.00449048,0.03258278,0.0397867,-0.03023473,-0.0274741,-0.01158306,0.04897329,0.00829584,-0.04096274,-0.03524688,-0.07075121,-0.02008314,-0.05940848,-0.02679924,0.01620769,0.02754678,-0.01558878,-0.02463751,0.00387222,0.03478803,-0.02612279,-0.0020265,0.09343368,-0.05631276,-0.02510634,0.06043287,0.06393792,-0.04960332,0.01105744,0.06701837,0.04247396,-0.0799517,0.12428772,-0.09836227,0.03251291,0.0326483,-0.05618336,0.03217736,-0.00315278,-0.00198674,-0.01163027,-0.01473521,-0.07916726,-0.04118356,-0.00485601,0.01218304,-0.07583614,-0.0033902,0.00414538,0.06589585,0.02200355,0.00197048,0.01874406,0.08844561,0.01802005,0.0146015,-0.0324304,-0.02987668,-0.00578864,0.01366759,0.02113382,-0.01516893,0.03987631,0.03191691,-0.00833386,-0.06820615,0.00386133,-0.00510617,0.01072009,0.00443641,-0.05270209,0.01345548,-0.02861034,-0.02496621,-0.12583928,-0.03632667,-0.09121504,-0.06174153,0.10127193,-0.07880869,0.03152129,0.03188656,-0.02703952,-0.0094624,0.04829757,-0.00657988,-0.05559195,0.00894024,0.01161793,0.01818513,0.0955884,-0.01886513,0.03374099,0.00763613,-0.0596084,-0.07282352,0.07773028,0.03444358,-0.09190723,-0.0033684,0.05741506,0.01452895,-0.03313271,-0.00972002,0.01115992,0.01222994,-0.01232348,0.12399394,0.02071245,0.0781054,-0.02532701,-0.07730344,-0.00648426,0.01720342,-0.02669661,-0.06016921,0.03172835,-0.0018187,-0.04943196,-0.0189381,-0.02846819,0.02921266,-0.05202159,-0.0772778,0.0219293,-0.03677407,0.03438862,-0.01598236,-0.02822991,-0.02927206,-0.01746955,0.07560784,-0.08784327,0.13784948,0.07613574,-0.0369725,-0.04361818,0.01129323,0.00407232,0.01595572,-0.01138252,-0.0415957,0.0806317,-0.07864224,0.00517714,0.09513256,0.03892329,0.01354034,0.01248746,-0.00745162,0.0235081,0.01647472,0.03183361,0.02719787,0.00186773,-0.01484599,-0.22316335,0.0577146,0.04092912,-0.0429486,-0.03844535,-0.03068247,0.02001856,-0.06111755,0.09045639,0.03659822,0.09471794,0.03197769,-0.03850569,0.0281195,-0.04768315,0.0078692,0.05385758,0.01371653,-0.03357944,0.0062674,-0.01863408,0.02160584,-0.02342594,-0.00193807,0.07817478,-0.03746493,0.07070979,-0.00366278,-0.03397757,-0.01607541,0.0880386,0.03979079,-0.03172303,-0.09189638,0.04972177,0.03225499,-0.05334658,0.00845476,-0.01209465,-0.06519397,0.02807437,0.0611716,-0.05175139,-0.10414758,-0.0565098,-0.04883329,-0.02807321,-0.07252549,-0.0210294,0.02631368,0.00799231,0.00847332,0.01323879,0.06136981,0.03967777,-0.0135873,-0.03196286,0.02197338,0.01726134,0.07326213,0.01478856,-0.02025975,-0.01733527,0.00911649,0.00919012,0.02844294,0.00157628,0.03363792,0.02567612,0.03576989,0.01186338,0.09373181,0.00065918,0.01855439,0.02906094,-0.00022064,-0.01424553,-0.03144383,0.01757132,-0.001397,0.02301531,0.00850137,0.0585338,0.06490239,0.02549676,0.0070782,0.05682262,0.01996055,0.0238584,-0.01236119,-0.04252871,0.00884383,-0.02452232,-0.01083367,0.04681742,0.01324109,-0.34353304,0.04236138,-0.00228294,0.01919439,-0.02299798,0.04402391,0.0398046,0.01517849,-0.07661499,0.04401127,-0.07072658,0.05780411,0.06638931,-0.00303817,0.00874923,-0.07583352,0.03363893,0.02025291,0.02141151,-0.09585983,-0.04553339,-0.0012865,0.18899626,0.00450247,0.00920621,-0.02251381,0.00551431,0.03598575,0.06123783,0.04034299,-0.06508066,0.00162723,0.0894248,-0.00574716,0.00678736,0.02421765,-0.01655089,0.01294794,-0.02067274,-0.04481501,-0.05092102,-0.00022639,-0.00684473,-0.02684186,0.11959679,0.03173757,-0.06041949,-0.03495307,0.03629684,-0.00142406,-0.02342425,-0.02653028,-0.02341139,-0.03202998,0.05240186,0.0288448,0.0845091,-0.01986116,-0.04515512,0.02901392,0.04398151,0.04072335,0.01733403,0.00317671,0.03097096],"last_embed":{"tokens":262,"hash":"1fk2ds6"}}},"text":null,"length":0,"last_read":{"hash":"1fk2ds6","at":1782971695488},"key":"handover/HANDOVER_20260628.md#引継ぎログ：2026年6月28日（日）#9. 次回再開時の指示テンプレート#{1}","lines":[171,184],"size":273,"outlinks":[],"class_name":"SmartBlock"},
"smart_blocks:handover/HANDOVER_20260628.md#引継ぎログ：2026年6月28日（日）#10. ユーザー（入江さん）へのメッセージ": {"path":null,"last_embed":{"hash":"6frg0h","at":1782971695551},"embeddings":{"TaylorAI/bge-micro-v2":{"vec":[-0.07642314,-0.03863963,0.02244392,-0.05175527,0.0208285,-0.0082279,0.00827766,0.01440597,0.0307399,-0.01926658,-0.00203885,-0.0343658,0.05425213,-0.00280358,-0.0062235,-0.02076067,0.02899347,-0.0244981,-0.08040698,0.00870244,0.12558647,-0.02490215,0.00140982,-0.05699727,0.0656191,-0.00313027,0.01448028,-0.02694003,-0.01868567,-0.13399974,-0.05220393,-0.00076032,0.02343469,0.00440565,-0.00478972,-0.0155759,-0.00291942,0.02018294,-0.0514408,0.03584542,-0.02782475,0.03716436,0.0318995,-0.01961148,0.04151034,-0.04382635,-0.0404336,-0.05877047,0.01902909,-0.04697054,-0.04287942,-0.02038038,0.03385345,0.02439671,0.04951587,0.03151971,0.02260751,-0.00579336,0.05820064,0.02708585,0.05106322,0.04447511,-0.2168501,0.05190783,-0.01712843,-0.01361219,-0.00387008,-0.00116403,0.02795341,0.01897345,-0.04260826,-0.02112308,-0.00241624,0.05254104,0.00451703,-0.01964398,-0.0245148,-0.04551204,-0.07536954,-0.03245982,-0.01455698,0.02957339,0.05427745,0.0048992,-0.03981159,-0.00189076,0.05297046,-0.01873309,-0.0338967,0.08943456,-0.04530307,-0.00706046,0.0618904,0.06452706,-0.06565706,-0.01181605,0.06213044,0.04419559,-0.09650151,0.1090929,-0.11051998,0.04943442,0.01453516,-0.06072478,0.06759418,-0.0201308,0.00282835,-0.02038737,-0.03850739,-0.08877502,-0.03466242,-0.03283214,0.01785481,-0.05765133,0.00409092,0.05024739,0.06515476,0.02335654,0.00316687,0.01406234,0.06092303,-0.00092754,0.02677119,-0.00573697,-0.04469849,-0.01206201,0.02420806,0.04260885,-0.02317831,0.04608762,0.0624487,0.03080938,-0.10370867,-0.02276051,0.02919219,0.02232576,-0.03751567,-0.05892285,0.02257076,-0.04809294,-0.01304603,-0.11868796,-0.04236284,-0.0784103,-0.06625979,0.08126438,-0.06246094,-0.00744569,0.06780619,-0.03491658,-0.00743248,0.06421898,-0.00510559,-0.03775709,0.01845195,0.00189164,0.04036426,0.08333447,-0.03957468,0.04227994,0.01613488,-0.04920407,-0.07601234,0.08006965,0.0360305,-0.08836624,0.00488229,0.04476367,0.019773,-0.04062267,-0.00845848,-0.0090656,-0.0111739,-0.00166695,0.11473653,0.02976757,0.09560252,-0.01135995,-0.07194065,-0.02357872,0.02632321,-0.00736572,-0.02729214,0.0693888,-0.00812932,-0.04725234,-0.01007871,-0.0464079,0.07386637,-0.01498834,-0.06686973,0.00724455,-0.06286412,0.02400704,-0.01520209,-0.01849789,-0.0677189,-0.01283023,0.07026225,-0.10567062,0.10276302,0.04326634,-0.04906226,-0.03543016,0.01288041,-0.00119652,0.01873614,-0.0105731,-0.03877866,0.09228984,-0.05359677,-0.0000231,0.08936464,0.04036304,-0.00718083,0.01446026,0.00736152,0.01790532,0.02233591,0.02790587,0.0335652,-0.01420994,-0.01914206,-0.20039116,0.06614043,0.01751858,-0.04472275,-0.009042,-0.03183452,0.00637064,-0.02672987,0.09124292,0.05192834,0.10293089,0.03916568,-0.04325882,0.02865996,-0.0243827,0.01349804,0.03579714,0.01152956,-0.03896714,-0.00086733,-0.01481511,0.0236465,-0.01131877,0.035875,0.09221268,-0.03584076,0.0747254,0.01650994,-0.01485034,-0.0190873,0.06104174,0.04409455,-0.03274752,-0.07966366,0.03925892,0.0377976,-0.02890811,-0.0013007,-0.00977798,-0.05662245,0.0448739,0.072773,-0.0547728,-0.0828146,-0.0660832,-0.06892488,-0.04136623,-0.05026193,-0.0097732,0.06097698,0.02116324,0.00357188,0.03767736,0.0650395,0.05359767,-0.03280032,-0.02939767,0.01781365,0.02460585,0.06919779,0.01548933,-0.02925409,-0.0083273,0.00485267,0.00547302,0.02533744,-0.01040075,0.04073315,0.00755923,0.02469154,0.00063065,0.10250597,0.0013005,-0.00118419,0.0071442,0.01560104,0.00761894,-0.05713567,0.02358478,-0.02741848,0.01910719,0.01672213,0.04994825,0.04624388,0.0122412,0.00875534,0.01784485,0.02452059,0.03971959,-0.00236045,-0.05191306,0.01762425,-0.06066252,-0.02610598,0.06270438,0.02780414,-0.33427659,0.02628977,-0.00907004,-0.00170294,-0.00317717,0.04727797,-0.01029051,0.01029802,-0.07324348,0.04317996,-0.07296044,0.07450157,0.04677668,-0.01582875,-0.01035354,-0.06063702,0.02557829,0.01340134,0.01434217,-0.1005732,-0.0527733,-0.0002315,0.20203453,0.02341749,-0.00579432,-0.01575545,0.01819898,0.0207132,0.07498279,0.03895797,-0.06888349,0.00106445,0.09046817,-0.02739199,0.01931942,0.01713505,-0.02945731,0.0353378,0.00479272,-0.05499279,-0.01476036,0.01012756,-0.01388851,-0.03505421,0.11066359,0.02546128,-0.06503427,-0.02901303,0.0305647,0.02338794,-0.02800694,-0.01525974,-0.01255116,-0.02890286,0.035457,0.00291081,0.08310427,-0.03910483,-0.04826248,0.04188897,0.05607684,0.01298119,0.02249458,0.02684714,0.05677964],"last_embed":{"tokens":313,"hash":"6frg0h"}}},"text":null,"length":0,"last_read":{"hash":"6frg0h","at":1782971695551},"key":"handover/HANDOVER_20260628.md#引継ぎログ：2026年6月28日（日）#10. ユーザー（入江さん）へのメッセージ","lines":[185,196],"size":308,"outlinks":[],"class_name":"SmartBlock"},
"smart_blocks:handover/HANDOVER_20260628.md#引継ぎログ：2026年6月28日（日）#10. ユーザー（入江さん）へのメッセージ#{1}": {"path":null,"last_embed":{"hash":"q0eyst","at":1782971695624},"embeddings":{"TaylorAI/bge-micro-v2":{"vec":[-0.07737215,-0.03598736,0.02278047,-0.05598902,0.01943095,-0.00625891,0.00977706,0.01248869,0.03069838,-0.01854502,-0.00022517,-0.03331201,0.05811851,-0.00432209,-0.00767929,-0.0210366,0.02825755,-0.02400672,-0.08180328,0.01104448,0.12670635,-0.02507218,0.00276213,-0.05602096,0.06745217,-0.00415529,0.01250549,-0.02461847,-0.01895625,-0.13630499,-0.05276952,0.00198825,0.01982542,0.00726474,-0.00538093,-0.01770256,-0.00136021,0.01875369,-0.04913475,0.0363966,-0.02540349,0.03891226,0.03272918,-0.02184524,0.04128717,-0.0440268,-0.04309829,-0.05953333,0.02014923,-0.04634454,-0.04056787,-0.01856561,0.0344602,0.02103727,0.04617504,0.030821,0.02112469,-0.00277071,0.06072362,0.02542421,0.05026393,0.04385664,-0.22089669,0.05114781,-0.01321195,-0.01574587,-0.00710057,0.00201535,0.02971097,0.01781696,-0.04531822,-0.02187322,-0.00035567,0.051769,0.00004293,-0.02040015,-0.025102,-0.04562511,-0.07632066,-0.03108029,-0.01298139,0.03404262,0.05672165,0.00613447,-0.03702914,0.00261067,0.05073202,-0.01870937,-0.0323006,0.08630956,-0.04594393,-0.00764681,0.06021246,0.06709661,-0.0698633,-0.01347324,0.05877398,0.044732,-0.09400062,0.10877723,-0.10868085,0.04770694,0.01377634,-0.05966587,0.0689086,-0.02072135,0.00234074,-0.01739402,-0.03828626,-0.08634808,-0.03939505,-0.03400885,0.01785018,-0.05660183,0.00314591,0.05003286,0.06176317,0.02279724,0.00152918,0.011168,0.05890571,-0.00375993,0.02776821,-0.00635731,-0.04731843,-0.01191127,0.02676493,0.04159589,-0.02115448,0.04502767,0.06497756,0.02966047,-0.10683485,-0.02228381,0.02847038,0.02026943,-0.03544542,-0.05628184,0.02098174,-0.0476174,-0.01191412,-0.11957674,-0.04247014,-0.07857002,-0.06586245,0.0819609,-0.0639936,-0.00682411,0.06969956,-0.0359283,-0.00284429,0.0658883,-0.00561167,-0.03630904,0.02068498,0.00022172,0.03904178,0.08136387,-0.04041005,0.03912089,0.01534928,-0.04447226,-0.07663941,0.08176734,0.03801594,-0.08550051,0.00707967,0.04245903,0.01839746,-0.04125402,-0.01004455,-0.00862582,-0.01095912,0.00090183,0.11691123,0.02846019,0.09381379,-0.01081834,-0.07355683,-0.02100223,0.03079188,-0.01161759,-0.02769334,0.07053424,-0.00824372,-0.0428101,-0.01171876,-0.04703986,0.07093756,-0.01769884,-0.07152419,0.00788334,-0.06228433,0.0282061,-0.01608845,-0.02018115,-0.06921965,-0.01463621,0.06953882,-0.10416563,0.10344056,0.04218077,-0.05094256,-0.03467416,0.01609543,-0.0012211,0.01799556,-0.00782168,-0.03842915,0.09123371,-0.05401905,-0.00046548,0.08847492,0.04156846,-0.00721693,0.01440055,0.00360566,0.01943965,0.02009858,0.0258875,0.03173079,-0.01381233,-0.01852084,-0.19821578,0.06613992,0.01866064,-0.04822888,-0.00837561,-0.0289054,0.00242085,-0.02139711,0.08886188,0.0484758,0.10008328,0.03628947,-0.04487147,0.02818212,-0.02665666,0.01454677,0.03593351,0.01377772,-0.03747745,-0.00360424,-0.00959205,0.02333277,-0.01045203,0.04050789,0.09400134,-0.03811994,0.07480556,0.01430366,-0.01441628,-0.01731895,0.06341413,0.04167319,-0.03172537,-0.07637765,0.03706659,0.03548435,-0.0328914,-0.0029872,-0.01015585,-0.05800567,0.04442183,0.07587548,-0.05234951,-0.08460396,-0.06872079,-0.06983127,-0.03812701,-0.04767221,-0.00974324,0.06360736,0.02108098,0.00507173,0.03715201,0.064509,0.05519484,-0.03658788,-0.0324256,0.02008851,0.02447201,0.06755658,0.01715491,-0.02966417,-0.01037535,0.00249265,0.00144712,0.02404577,-0.01130491,0.04119235,0.00944375,0.02422789,-0.00110807,0.1000108,0.00128483,-0.00072176,0.00850618,0.01912084,0.00536374,-0.05925773,0.02130931,-0.02617055,0.01577486,0.02293698,0.05020006,0.0447789,0.01150143,0.00610186,0.01931053,0.02460612,0.03748329,0.00087772,-0.05281392,0.01447587,-0.06230427,-0.02690683,0.06284707,0.03149403,-0.33450821,0.03148105,-0.01037197,-0.00420865,-0.00056322,0.04855182,-0.01117068,0.0100887,-0.07250477,0.03773745,-0.07119686,0.07421978,0.04712218,-0.01631657,-0.01125863,-0.06053883,0.02665713,0.01286015,0.01611747,-0.09765179,-0.05027925,-0.00072101,0.20093209,0.02577267,-0.00026987,-0.01717557,0.01805757,0.01890285,0.07406213,0.04265019,-0.06667028,0.00060395,0.09434511,-0.02722849,0.02090106,0.01864678,-0.02888845,0.03476448,0.00479623,-0.05539443,-0.01137946,0.00915764,-0.01448397,-0.03495817,0.11059219,0.02863676,-0.06528286,-0.02729451,0.03071978,0.02039825,-0.02763113,-0.01528176,-0.01233901,-0.02880122,0.03732701,0.00271128,0.08182115,-0.04036245,-0.04786222,0.03960387,0.05545984,0.01386982,0.02113467,0.02910996,0.06008343],"last_embed":{"tokens":312,"hash":"q0eyst"}}},"text":null,"length":0,"last_read":{"hash":"q0eyst","at":1782971695624},"key":"handover/HANDOVER_20260628.md#引継ぎログ：2026年6月28日（日）#10. ユーザー（入江さん）へのメッセージ#{1}","lines":[187,196],"size":282,"outlinks":[],"class_name":"SmartBlock"},