"smart_sources:gpts-package/design_system.md": {"path":"gpts-package/design_system.md","last_embed":{"hash":"1wxvv9n","at":1783058943186},"embeddings":{"TaylorAI/bge-micro-v2":{"vec":[-0.02591275,0.03999364,0.04643808,-0.03435373,-0.00732927,0.04421788,-0.06205112,0.05081543,0.05852352,-0.01595857,-0.02536217,-0.08351907,0.05427719,0.03880955,-0.00974198,-0.04151544,0.00382203,0.00808431,0.02856753,-0.0263788,0.1469527,-0.06586627,-0.07519335,-0.10268642,0.01614772,0.06024413,-0.01335872,-0.01355271,0.00091141,-0.17148732,-0.033957,0.00735809,0.03271756,-0.02274066,-0.02389774,0.02519943,-0.02756393,0.06988329,-0.04837431,0.03543527,-0.06321592,0.02834443,-0.01727908,-0.03108225,0.03877928,-0.03458448,-0.07286087,-0.03055183,0.00408903,-0.04948733,-0.0411712,0.02708116,0.00055636,0.00087712,-0.01913449,0.00903174,0.05838569,0.0361603,0.0023952,-0.00924895,0.03551431,0.00749015,-0.22478491,0.08254048,0.0269225,0.02278197,-0.0457804,-0.01510182,0.09345821,0.02252423,-0.08931217,0.02358185,0.00054,0.02967856,-0.02772038,0.00295137,0.00817442,-0.0467471,-0.02027835,-0.02393352,-0.00391914,-0.01050781,-0.01710066,-0.01981713,-0.01985234,-0.02864391,0.00984307,0.00524057,0.00882279,0.05659773,-0.00685376,-0.07634263,0.03560703,0.03171127,-0.06300714,0.04723445,0.01536658,0.0160149,-0.05496943,0.13103266,-0.07654254,-0.00381914,0.02727427,0.06336349,0.06822684,0.00463403,-0.0054971,-0.01093536,-0.06551999,-0.00048963,-0.01922092,-0.00579546,0.01341995,-0.02251655,-0.00692113,0.01575965,-0.04057976,-0.01386345,0.03994481,-0.03732958,-0.00253428,-0.00173485,0.01940923,-0.00265348,0.00069001,0.01964745,0.00259752,0.00050125,-0.03245214,0.09629507,0.01281634,0.07616271,-0.05044442,0.01658438,0.05850003,0.03640919,0.00191017,0.06258425,0.00743671,0.0276504,-0.04019341,-0.01649778,0.00591212,-0.09754187,-0.00563661,0.06263036,-0.08233159,0.04770414,-0.02143213,0.00845281,-0.02082162,0.0387052,-0.02288746,-0.02669413,-0.03376786,-0.00255768,0.0646769,0.06281722,-0.00848754,0.00744438,-0.02284487,0.00235524,-0.07973007,0.10752366,0.08736102,-0.05980863,-0.05876213,0.00623454,0.04310114,-0.06414964,-0.0225194,0.06696089,-0.00398836,-0.04875778,0.06287188,-0.01034401,-0.00753594,0.03384047,0.00680656,0.01795036,0.07853746,-0.00433686,-0.03714105,-0.00007269,0.00355862,-0.10195598,-0.00179154,-0.04298475,0.03374533,-0.02497644,-0.08176901,0.04304296,0.00238883,0.01255022,-0.01544405,-0.03589822,-0.05708661,-0.01464722,0.02018376,-0.03245522,0.12639029,0.01627323,-0.0399522,-0.0515441,-0.02426906,0.03827723,0.0043194,-0.0462192,-0.01524131,0.03350551,-0.01884633,0.00485117,0.07394788,0.03427855,-0.00934502,0.01344812,-0.02463943,0.05912536,0.00271566,0.02828096,-0.01670808,0.03888496,-0.0591055,-0.23968279,0.005534,0.02482189,-0.02941543,-0.00956818,-0.0509549,0.00959213,-0.04508517,0.06814564,0.0631236,0.13574861,0.06052087,-0.06012408,0.03785288,-0.03220577,-0.0203442,0.01201159,-0.00221144,-0.03775606,-0.0373522,-0.00196623,0.00290483,0.02514605,-0.02383791,0.04033216,-0.01081474,0.14574046,-0.01335856,-0.03123781,-0.00547667,0.08156791,0.05986799,-0.04140072,-0.10779436,0.08667971,0.1148174,-0.0384796,0.02511757,0.03182326,-0.03496752,0.01162774,0.07655379,-0.0446159,-0.07096747,-0.02816153,-0.08348287,0.0060424,-0.0057448,-0.05413557,0.07769163,-0.02101604,-0.01136603,0.06803632,0.00887334,0.01411013,-0.04946896,-0.04504438,0.02057525,-0.00945378,0.04600339,-0.02970921,-0.02870779,-0.00215288,-0.04216427,-0.02357319,0.00394966,0.00551412,-0.00998052,0.0423849,0.03998715,0.04802861,0.10574102,0.00707702,0.0134451,0.01851046,0.02189473,-0.00765233,-0.03271278,-0.05105659,-0.03055983,-0.07633183,0.05558253,0.02948369,0.01025797,0.04120695,0.0220743,-0.01162879,-0.04296128,0.04667675,-0.02504721,-0.0448561,0.0321636,-0.02287079,0.00215414,0.09954209,-0.00612076,-0.30613473,0.01662811,-0.00962388,-0.00353617,-0.02105165,0.01200906,-0.01858866,-0.03003548,-0.03922137,0.00090774,-0.0311113,0.04602605,0.04544239,0.00853553,0.02346373,-0.00420196,0.08414634,0.00087311,0.07129387,-0.01976215,-0.03100485,0.03765507,0.17249797,0.02363477,0.03098461,-0.03896962,0.01649109,0.02013933,0.08682912,0.07138944,-0.04964589,0.01803321,0.11031188,-0.03482631,0.03914122,0.05491386,-0.03505351,0.02145257,-0.03550737,0.03026153,-0.06221045,0.01520866,-0.00662362,0.02834698,0.07189365,-0.02881587,-0.05365532,-0.07328746,-0.01972118,0.00367164,-0.01209954,0.01537759,-0.01719069,-0.0472644,0.0378725,-0.01456571,0.00940801,-0.01907235,-0.0224176,0.01172103,0.0415254,0.00124473,0.0778388,0.04732546,0.01446104],"last_embed":{"tokens":481,"hash":"1wxvv9n"}}},"last_read":{"hash":"1wxvv9n","at":1783058943186},"class_name":"SmartSource","last_import":{"mtime":1783058898708,"size":13698,"at":1783058941589,"hash":"1wxvv9n"},"blocks":{"#UI診断ディレクター デザインシステム":[1,334],"#UI診断ディレクター デザインシステム#{1}":[3,10],"#UI診断ディレクター デザインシステム#0. 設計思想":[11,26],"#UI診断ディレクター デザインシステム#0. 設計思想#コア価値":[13,15],"#UI診断ディレクター デザインシステム#0. 設計思想#コア価値#{1}":[14,15],"#UI診断ディレクター デザインシステム#0. 設計思想#媒体特性":[16,20],"#UI診断ディレクター デザインシステム#0. 設計思想#媒体特性#{1}":[17,20],"#UI診断ディレクター デザインシステム#0. 設計思想#編集容易性の絶対要件":[21,26],"#UI診断ディレクター デザインシステム#0. 設計思想#編集容易性の絶対要件#{1}":[22,26],"#UI診断ディレクター デザインシステム#1. 文字数規定（最重要・絶対遵守）":[27,123],"#UI診断ディレクター デザインシステム#1. 文字数規定（最重要・絶対遵守）#1.1 基本ポリシー":[29,37],"#UI診断ディレクター デザインシステム#1. 文字数規定（最重要・絶対遵守）#1.1 基本ポリシー#{1}":[31,37],"#UI診断ディレクター デザインシステム#1. 文字数規定（最重要・絶対遵守）#1.2 哲学":[38,46],"#UI診断ディレクター デザインシステム#1. 文字数規定（最重要・絶対遵守）#1.2 哲学#{1}":[40,46],"#UI診断ディレクター デザインシステム#1. 文字数規定（最重要・絶対遵守）#1.3 C-1 スコアカード 文字数規定":[47,56],"#UI診断ディレクター デザインシステム#1. 文字数規定（最重要・絶対遵守）#1.3 C-1 スコアカード 文字数規定#{1}":[49,56],"#UI診断ディレクター デザインシステム#1. 文字数規定（最重要・絶対遵守）#1.4 C-2 改善提案リスト 文字数規定":[57,65],"#UI診断ディレクター デザインシステム#1. 文字数規定（最重要・絶対遵守）#1.4 C-2 改善提案リスト 文字数規定#{1}":[59,65],"#UI診断ディレクター デザインシステム#1. 文字数規定（最重要・絶対遵守）#1.5 C-3 ビジュアル診断ボード 文字数規定":[66,80],"#UI診断ディレクター デザインシステム#1. 文字数規定（最重要・絶対遵守）#1.5 C-3 ビジュアル診断ボード 文字数規定#{1}":[68,80],"#UI診断ディレクター デザインシステム#1. 文字数規定（最重要・絶対遵守）#1.6 バリデーション失敗時の挙動":[81,123],"#UI診断ディレクター デザインシステム#1. 文字数規定（最重要・絶対遵守）#1.6 バリデーション失敗時の挙動#コード側（03_pptx_builder.py）の挙動":[83,103],"#UI診断ディレクター デザインシステム#1. 文字数規定（最重要・絶対遵守）#1.6 バリデーション失敗時の挙動#コード側（03_pptx_builder.py）の挙動#{1}":[85,103],"#UI診断ディレクター デザインシステム#1. 文字数規定（最重要・絶対遵守）#1.6 バリデーション失敗時の挙動#GPTs側の対応フロー":[104,123],"#UI診断ディレクター デザインシステム#1. 文字数規定（最重要・絶対遵守）#1.6 バリデーション失敗時の挙動#GPTs側の対応フロー#{1}":[106,123],"#UI診断ディレクター デザインシステム#2. タイポグラフィ規定":[124,155],"#UI診断ディレクター デザインシステム#2. タイポグラフィ規定#2.1 フォント":[126,133],"#UI診断ディレクター デザインシステム#2. タイポグラフィ規定#2.1 フォント#{1}":[128,133],"#UI診断ディレクター デザインシステム#2. タイポグラフィ規定#2.2 タイポスケール":[134,143],"#UI診断ディレクター デザインシステム#2. タイポグラフィ規定#2.2 タイポスケール#{1}":[136,143],"#UI診断ディレクター デザインシステム#2. タイポグラフィ規定#2.3 太さ・色のメリハリ":[144,155],"#UI診断ディレクター デザインシステム#2. タイポグラフィ規定#2.3 太さ・色のメリハリ#{1}":[146,155],"#UI診断ディレクター デザインシステム#3. 配色規定":[156,202],"#UI診断ディレクター デザインシステム#3. 配色規定#3.1 基本パレット（3色アクセント + 中立色）":[158,172],"#UI診断ディレクター デザインシステム#3. 配色規定#3.1 基本パレット（3色アクセント + 中立色）#{1}":[160,172],"#UI診断ディレクター デザインシステム#3. 配色規定#3.2 透明度バリエーション（次フェーズ：ビジュアル強化で使用）":[173,181],"#UI診断ディレクター デザインシステム#3. 配色規定#3.2 透明度バリエーション（次フェーズ：ビジュアル強化で使用）#{1}":[175,181],"#UI診断ディレクター デザインシステム#3. 配色規定#3.3 3色制限ルール":[182,189],"#UI診断ディレクター デザインシステム#3. 配色規定#3.3 3色制限ルール#{1}":[184,185],"#UI診断ディレクター デザインシステム#3. 配色規定#3.3 3色制限ルール#{2}":[186,186],"#UI診断ディレクター デザインシステム#3. 配色規定#3.3 3色制限ルール#{3}":[187,187],"#UI診断ディレクター デザインシステム#3. 配色規定#3.3 3色制限ルール#{4}":[188,189],"#UI診断ディレクター デザインシステム#3. 配色規定#3.4 色の意味付けルール（v1.2追加・厳守）":[190,202],"#UI診断ディレクター デザインシステム#3. 配色規定#3.4 色の意味付けルール（v1.2追加・厳守）#{1}":[192,202],"#UI診断ディレクター デザインシステム#4. レイアウト規定":[203,234],"#UI診断ディレクター デザインシステム#4. レイアウト規定#4.1 キャンバス":[205,212],"#UI診断ディレクター デザインシステム#4. レイアウト規定#4.1 キャンバス#{1}":[207,212],"#UI診断ディレクター デザインシステム#4. レイアウト規定#4.2 グリッド":[213,222],"#UI診断ディレクター デザインシステム#4. レイアウト規定#4.2 グリッド#{1}":[215,222],"#UI診断ディレクター デザインシステム#4. レイアウト規定#4.3 カード規定":[223,234],"#UI診断ディレクター デザインシステム#4. レイアウト規定#4.3 カード規定#{1}":[225,234],"#UI診断ディレクター デザインシステム#5. 項目数規定":[235,256],"#UI診断ディレクター デザインシステム#5. 項目数規定#5.1 固定数の規定":[237,248],"#UI診断ディレクター デザインシステム#5. 項目数規定#5.1 固定数の規定#{1}":[239,248],"#UI診断ディレクター デザインシステム#5. 項目数規定#5.2 項目数の超過・不足時の挙動":[249,256],"#UI診断ディレクター デザインシステム#5. 項目数規定#5.2 項目数の超過・不足時の挙動#{1}":[251,251],"#UI診断ディレクター デザインシステム#5. 項目数規定#5.2 項目数の超過・不足時の挙動#{2}":[252,252],"#UI診断ディレクター デザインシステム#5. 項目数規定#5.2 項目数の超過・不足時の挙動#{3}":[253,254],"#UI診断ディレクター デザインシステム#5. 項目数規定#5.2 項目数の超過・不足時の挙動#{4}":[255,256],"#UI診断ディレクター デザインシステム#6. アイコン・装飾規定":[257,295],"#UI診断ディレクター デザインシステム#6. アイコン・装飾規定#6.1 使用OK":[259,283],"#UI診断ディレクター デザインシステム#6. アイコン・装飾規定#6.1 使用OK#{1}":[261,268],"#UI診断ディレクター デザインシステム#6. アイコン・装飾規定#6.1 使用OK#行動喚起帯 詳細規定（v1.2）":[269,283],"#UI診断ディレクター デザインシステム#6. アイコン・装飾規定#6.1 使用OK#行動喚起帯 詳細規定（v1.2）#{1}":[271,283],"#UI診断ディレクター デザインシステム#6. アイコン・装飾規定#6.2 使用NG":[284,295],"#UI診断ディレクター デザインシステム#6. アイコン・装飾規定#6.2 使用NG#{1}":[286,295],"#UI診断ディレクター デザインシステム#7. 出力ファイル規定":[296,317],"#UI診断ディレクター デザインシステム#7. 出力ファイル規定#7.1 標準納品（3ファイル）":[298,305],"#UI診断ディレクター デザインシステム#7. 出力ファイル規定#7.1 標準納品（3ファイル）#{1}":[300,305],"#UI診断ディレクター デザインシステム#7. 出力ファイル規定#7.2 統合版（明示要求時のみ）":[306,311],"#UI診断ディレクター デザインシステム#7. 出力ファイル規定#7.2 統合版（明示要求時のみ）#{1}":[308,311],"#UI診断ディレクター デザインシステム#7. 出力ファイル規定#7.3 サービス名のサニタイズ":[312,317],"#UI診断ディレクター デザインシステム#7. 出力ファイル規定#7.3 サービス名のサニタイズ#{1}":[314,317],"#UI診断ディレクター デザインシステム#8. 関連ドキュメント":[318,326],"#UI診断ディレクター デザインシステム#8. 関連ドキュメント#{1}":[320,320],"#UI診断ディレクター デザインシステム#8. 関連ドキュメント#{2}":[321,321],"#UI診断ディレクター デザインシステム#8. 関連ドキュメント#{3}":[322,322],"#UI診断ディレクター デザインシステム#8. 関連ドキュメント#{4}":[323,324],"#UI診断ディレクター デザインシステム#8. 関連ドキュメント#{5}":[325,326],"#UI診断ディレクター デザインシステム#9. 改訂履歴":[327,334],"#UI診断ディレクター デザインシステム#9. 改訂履歴#{1}":[329,334]},"outlinks":[],"task_lines":[],"tasks":{},"codeblock_ranges":[[85,102],[106,120]],"key":"gpts-package/design_system.md"},
"smart_blocks:gpts-package/design_system.md#UI診断ディレクター デザインシステム": {"path":null,"last_embed":{"hash":"1wxvv9n","at":1782975296171},"embeddings":{"TaylorAI/bge-micro-v2":{"vec":[-0.02508599,0.04349257,0.04492914,-0.03880961,-0.00814576,0.0410974,-0.06079881,0.0497151,0.05954597,-0.01606893,-0.02286847,-0.08937075,0.05039081,0.03342002,-0.00846112,-0.03854702,0.00325997,0.00866611,0.02951291,-0.02781681,0.14548063,-0.06952381,-0.07913904,-0.10281168,0.01634354,0.06228305,-0.0146811,-0.00928466,0.00079755,-0.17057481,-0.03411763,0.00099069,0.03493137,-0.02273597,-0.02110549,0.02743355,-0.02513321,0.06910394,-0.0472001,0.03561357,-0.06317411,0.02380458,-0.01672447,-0.02961819,0.04182999,-0.03572023,-0.07162111,-0.03177556,0.00893799,-0.05183484,-0.03739243,0.02988948,0.00130435,-0.00388928,-0.01643058,0.00856541,0.05899649,0.03812309,0.00518417,-0.01153056,0.03490266,0.01121467,-0.22911918,0.08519302,0.0271856,0.02349694,-0.04563124,-0.01670061,0.09247083,0.01770217,-0.09183965,0.02679062,0.00455396,0.02731547,-0.02443139,0.00305902,0.00433576,-0.04625994,-0.01929915,-0.02270406,-0.00472638,-0.01208099,-0.02102666,-0.01836959,-0.02341178,-0.02967461,0.01084236,0.00671949,0.01207837,0.05581687,-0.00739265,-0.07601847,0.03051879,0.031289,-0.05768863,0.04663333,0.01954962,0.01474708,-0.05144767,0.12970987,-0.07778606,-0.00242518,0.02366959,0.0644317,0.06803373,0.00463211,-0.0015401,-0.01268013,-0.06549993,-0.00634755,-0.01493543,-0.00615777,0.0147029,-0.02279846,-0.00581203,0.01751431,-0.04087147,-0.0175201,0.03803801,-0.03738139,-0.00241151,-0.00569007,0.02017015,-0.00326015,0.00213827,0.01914152,0.00493901,0.00388615,-0.02862753,0.09932492,0.01393497,0.07643688,-0.05503415,0.01657101,0.06123733,0.03383457,0.00388075,0.06212401,0.01114567,0.0265715,-0.04510721,-0.01987631,0.00400772,-0.096747,-0.01056117,0.06118075,-0.08331614,0.04795151,-0.02245578,0.00730452,-0.0235936,0.03886268,-0.02039074,-0.02881955,-0.03197984,-0.0085834,0.06583254,0.0607602,-0.00734267,0.00852497,-0.02067109,0.0015375,-0.07630879,0.1104454,0.09261503,-0.06043494,-0.05819482,0.00604533,0.04636737,-0.0637163,-0.02446444,0.06611098,-0.00706871,-0.05057641,0.06078506,-0.01189155,-0.00739621,0.03338595,0.00866437,0.01889645,0.07589473,-0.01297242,-0.02869008,-0.00120365,0.00565313,-0.10118642,-0.00043075,-0.04489957,0.0338665,-0.02280176,-0.08304354,0.03776682,-0.00043405,0.01204316,-0.01155313,-0.03485795,-0.06095489,-0.01531757,0.02001882,-0.03457029,0.12839355,0.01331253,-0.04053013,-0.05109455,-0.02827338,0.04291876,0.00492688,-0.04273253,-0.01369266,0.03515939,-0.01588149,0.00182634,0.07299843,0.03594296,-0.01432851,0.01401197,-0.02666808,0.05848288,0.0017718,0.03027951,-0.01880769,0.04127882,-0.0594142,-0.23472029,0.00878138,0.02627924,-0.02920853,-0.01107022,-0.04664538,0.00702024,-0.04323705,0.07068203,0.06096516,0.1348642,0.05887562,-0.0543859,0.041283,-0.03236784,-0.01740048,0.01281885,-0.00093228,-0.03742892,-0.0418467,-0.0047722,0.00626328,0.02489839,-0.02239079,0.04128593,-0.0080291,0.14449015,-0.01197468,-0.02939835,-0.00434412,0.08092327,0.05764376,-0.04202419,-0.10973176,0.08707716,0.11193459,-0.03696966,0.02449802,0.03003676,-0.03552249,0.01102246,0.07289103,-0.04790098,-0.07059756,-0.0288846,-0.08263896,0.01010391,-0.00367981,-0.05604191,0.08052529,-0.0203108,-0.00840713,0.06916714,0.00474153,0.01417478,-0.05898394,-0.0418696,0.02613996,-0.00906655,0.04835953,-0.02838632,-0.02965169,-0.0044796,-0.04233053,-0.02197811,0.00008161,-0.00054928,-0.01007452,0.04724116,0.04075117,0.04358109,0.10440908,0.00752302,0.01476254,0.02210168,0.02559754,-0.00310176,-0.03244147,-0.05027483,-0.03518325,-0.07629299,0.05548342,0.02738294,0.01243886,0.03933548,0.0195168,-0.00776526,-0.03846839,0.0470421,-0.02430082,-0.04796515,0.03521997,-0.02686214,0.0037139,0.09480931,-0.00450578,-0.30592096,0.0150131,-0.01345134,-0.00502039,-0.02269212,0.01402255,-0.01495108,-0.0305894,-0.03726536,0.00180946,-0.02970651,0.04999659,0.04654177,0.00730951,0.02202493,-0.00209626,0.08176805,-0.00169434,0.06991275,-0.01824355,-0.03081287,0.03312505,0.17102779,0.02772648,0.03141625,-0.0413896,0.01683927,0.02129697,0.08462723,0.06829374,-0.04816857,0.01689389,0.10942246,-0.03719573,0.04020952,0.05590172,-0.03294855,0.0193681,-0.03343304,0.02986244,-0.06166609,0.0088504,-0.00930139,0.02629866,0.07423533,-0.02459877,-0.05469874,-0.07689559,-0.02099368,0.00763324,-0.01619383,0.01462823,-0.01290506,-0.04384885,0.03606343,-0.011812,0.00969857,-0.0196613,-0.01732557,0.01066368,0.04500806,-0.00019284,0.08352567,0.0471227,0.01223308],"last_embed":{"tokens":455,"hash":"1wxvv9n"}}},"text":null,"length":0,"last_read":{"hash":"1wxvv9n","at":1782975296171},"key":"gpts-package/design_system.md#UI診断ディレクター デザインシステム","lines":[1,334],"size":7798,"outlinks":[],"class_name":"SmartBlock"},
"smart_blocks:gpts-package/design_system.md#UI診断ディレクター デザインシステム#{1}": {"path":null,"last_embed":{"hash":null},"embeddings":{},"text":null,"length":0,"last_read":{"hash":"eprovm","at":1782975294683},"key":"gpts-package/design_system.md#UI診断ディレクター デザインシステム#{1}","lines":[3,10],"size":167,"outlinks":[],"class_name":"SmartBlock"},
"smart_blocks:gpts-package/design_system.md#UI診断ディレクター デザインシステム#0. 設計思想": {"path":null,"last_embed":{"hash":"1q8dg87","at":1782975296339},"embeddings":{"TaylorAI/bge-micro-v2":{"vec":[-0.01932961,0.01922693,0.0424513,-0.02753158,0.01342978,0.0382486,-0.05218935,0.05291444,0.04614181,-0.00737241,-0.03148499,-0.08398696,0.06483179,0.04973442,-0.01889052,-0.04933608,0.00441267,0.01009926,-0.00127607,-0.02900278,0.14665574,-0.07465093,-0.05674727,-0.09089238,0.02858493,0.05560487,-0.00807693,-0.04991069,-0.0081368,-0.17063913,-0.0347119,0.02611958,0.05487051,-0.02009932,-0.01673893,0.02983851,-0.01577177,0.08319929,-0.05146617,0.05270056,-0.02638453,0.01629221,-0.03439571,-0.02415616,0.01723678,-0.03764458,-0.07490981,-0.02193088,-0.02115046,-0.04784172,-0.06608331,0.0240066,-0.01227087,0.00782923,-0.03259727,0.01658688,0.0630898,0.03187025,-0.00783547,-0.01769679,0.04162824,0.01017094,-0.21070181,0.07805945,0.01725144,0.01967937,-0.03172951,-0.00425003,0.08244503,0.0357426,-0.08354694,0.02114421,0.01133141,0.05003284,-0.04537655,0.01652176,0.01558818,-0.04443083,-0.01338379,-0.03688607,0.01294275,0.02631115,-0.0142295,-0.01457589,0.00197024,-0.03686935,-0.00912111,-0.00265748,0.02168724,0.05570183,-0.00029881,-0.09019008,0.03896668,0.04270769,-0.08089242,0.03458968,0.00687269,0.01394122,-0.04296197,0.14883061,-0.06347129,-0.02036431,0.05898029,0.05903373,0.04941535,0.00157494,0.00590256,-0.02519435,-0.03223182,0.02772422,-0.03258775,-0.00210706,-0.00083068,-0.01695864,0.00775768,-0.01512879,-0.03123933,-0.00175572,0.03228162,-0.03823537,-0.00557064,0.00645682,-0.00776822,-0.01478123,0.00230238,0.00255826,-0.00221003,0.0033351,-0.02596433,0.07908791,0.00110439,0.05925429,-0.04867725,-0.00769016,0.0387878,0.04029012,0.00466401,0.06720617,-0.01282548,0.05646653,-0.0157901,-0.03824471,-0.00218271,-0.07660571,0.00058,0.07958508,-0.07960923,0.03515817,-0.02359457,0.00795893,0.00615013,0.04972951,-0.03523694,-0.01417136,-0.04441874,0.01302872,0.05506952,0.07503586,-0.01294515,0.01024194,-0.02992653,0.00393328,-0.06849519,0.12804013,0.06270377,-0.05185376,-0.05571584,0.00011787,0.03025089,-0.05104998,-0.0168395,0.06041193,0.00012362,-0.02979857,0.07078166,0.00255275,0.01268704,0.02302559,-0.01042722,0.02746181,0.08864059,-0.00250988,-0.07422373,-0.00392207,0.01190373,-0.09569687,-0.00467268,-0.0470592,0.02946812,-0.01404652,-0.09334163,0.04067218,0.01315029,-0.00975974,-0.01763273,-0.03204802,-0.03579287,-0.01836029,0.0166419,-0.01440896,0.13741654,0.0182691,-0.03367507,-0.03689132,0.011869,0.02885302,0.00321582,-0.05099531,-0.04150476,0.01135782,-0.01410438,-0.01315938,0.06788812,0.03528426,-0.00824925,-0.00879996,-0.01110992,0.07280552,0.00651093,0.01639129,-0.00542568,0.00886571,-0.06548178,-0.24638741,-0.01390703,0.02723559,-0.02530542,-0.01367415,-0.07433925,0.0156362,-0.02833902,0.07573723,0.06378365,0.14150342,0.05656162,-0.07748488,0.02307284,-0.03107853,-0.01674306,-0.00673171,-0.00322288,-0.04419653,-0.04334714,0.00533384,0.00976185,0.03069017,-0.01991464,0.07576442,-0.00666987,0.15779503,0.02269235,-0.02498354,-0.00940293,0.07107613,0.07717676,-0.02854877,-0.08018445,0.08022171,0.08743758,-0.02805365,0.01817715,0.04238227,-0.03895637,0.01979034,0.07490799,-0.02778847,-0.07013199,-0.0118217,-0.0730376,0.00580067,-0.01128673,-0.03455921,0.06268193,-0.03219889,-0.02923444,0.07512669,0.02585743,0.01838927,-0.01218335,-0.04984092,0.01475165,-0.00489076,0.03574762,-0.04131472,-0.00305208,-0.00483526,-0.05962713,-0.04825005,0.01030583,0.01689248,-0.02209967,0.01676925,0.02223569,0.06394249,0.08290437,0.01225026,0.03054524,0.00708858,0.01196458,0.00867158,-0.0455219,-0.06135287,-0.01420343,-0.05709219,0.0638712,0.04219215,-0.01086312,0.02930021,0.04535709,-0.00102192,-0.07223412,0.03609197,-0.0294032,-0.04098992,0.02129988,-0.01311059,-0.02040536,0.09477489,-0.00073628,-0.30482572,0.03077317,0.01036596,0.00692861,0.00613223,0.00247868,-0.03224893,-0.03119681,-0.03888261,0.0049415,-0.0499992,0.03286275,0.03933179,-0.02408845,0.01639917,0.01447797,0.08319447,-0.0189223,0.07144514,-0.02438148,-0.01029655,0.0478304,0.17408627,-0.00138688,0.03625563,-0.02632463,0.00100279,-0.00836988,0.08168101,0.07116845,-0.06273086,0.00112191,0.11657184,-0.02594157,0.05739205,0.06693222,-0.03842964,0.004507,-0.03584014,0.03066741,-0.03704476,0.03426045,-0.02321107,0.03565207,0.05761137,-0.05225831,-0.05182354,-0.09373843,-0.0130447,0.00773972,0.00225268,0.01013895,-0.04753178,-0.0460784,0.04498483,-0.01998616,-0.00204736,-0.00008037,-0.04239861,0.00705211,0.03221067,-0.01649368,0.05383291,0.05486164,0.01555642],"last_embed":{"tokens":241,"hash":"1q8dg87"}}},"text":null,"length":0,"last_read":{"hash":"1q8dg87","at":1782975296339},"key":"gpts-package/design_system.md#UI診断ディレクター デザインシステム#0. 設計思想","lines":[11,26],"size":268,"outlinks":[],"class_name":"SmartBlock"},
"smart_blocks:gpts-package/design_system.md#UI診断ディレクター デザインシステム#0. 設計思想#コア価値": {"path":null,"last_embed":{"hash":null},"embeddings":{},"text":null,"length":0,"last_read":{"hash":"1kvad5u","at":1782975294683},"key":"gpts-package/design_system.md#UI診断ディレクター デザインシステム#0. 設計思想#コア価値","lines":[13,15],"size":38,"outlinks":[],"class_name":"SmartBlock"},
"smart_blocks:gpts-package/design_system.md#UI診断ディレクター デザインシステム#0. 設計思想#コア価値#{1}": {"path":null,"last_embed":{"hash":null},"embeddings":{},"text":null,"length":0,"last_read":{"hash":"17hlkxp","at":1782975294683},"key":"gpts-package/design_system.md#UI診断ディレクター デザインシステム#0. 設計思想#コア価値#{1}","lines":[14,15],"size":29,"outlinks":[],"class_name":"SmartBlock"},
"smart_blocks:gpts-package/design_system.md#UI診断ディレクター デザインシステム#0. 設計思想#媒体特性": {"path":null,"last_embed":{"hash":null},"embeddings":{},"text":null,"length":0,"last_read":{"hash":"18jl33s","at":1782975294683},"key":"gpts-package/design_system.md#UI診断ディレクター デザインシステム#0. 設計思想#媒体特性","lines":[16,20],"size":113,"outlinks":[],"class_name":"SmartBlock"},
"smart_blocks:gpts-package/design_system.md#UI診断ディレクター デザインシステム#0. 設計思想#媒体特性#{1}": {"path":null,"last_embed":{"hash":null},"embeddings":{},"text":null,"length":0,"last_read":{"hash":"z9nekn","at":1782975294683},"key":"gpts-package/design_system.md#UI診断ディレクター デザインシステム#0. 設計思想#媒体特性#{1}","lines":[17,20],"size":104,"outlinks":[],"class_name":"SmartBlock"},
"smart_blocks:gpts-package/design_system.md#UI診断ディレクター デザインシステム#0. 設計思想#編集容易性の絶対要件": {"path":null,"last_embed":{"hash":null},"embeddings":{},"text":null,"length":0,"last_read":{"hash":"wc6eew","at":1782975294683},"key":"gpts-package/design_system.md#UI診断ディレクター デザインシステム#0. 設計思想#編集容易性の絶対要件","lines":[21,26],"size":103,"outlinks":[],"class_name":"SmartBlock"},
"smart_blocks:gpts-package/design_system.md#UI診断ディレクター デザインシステム#0. 設計思想#編集容易性の絶対要件#{1}": {"path":null,"last_embed":{"hash":null},"embeddings":{},"text":null,"length":0,"last_read":{"hash":"3xn725","at":1782975294683},"key":"gpts-package/design_system.md#UI診断ディレクター デザインシステム#0. 設計思想#編集容易性の絶対要件#{1}","lines":[22,26],"size":88,"outlinks":[],"class_name":"SmartBlock"},
"smart_blocks:gpts-package/design_system.md#UI診断ディレクター デザインシステム#1. 文字数規定（最重要・絶対遵守）": {"path":null,"last_embed":{"hash":"13ldfuo","at":1782975296414},"embeddings":{"TaylorAI/bge-micro-v2":{"vec":[-0.02698587,0.02699842,0.04500371,-0.04394696,0.02716682,0.04791467,-0.05952688,0.0290366,0.04479587,-0.02048149,-0.01866095,-0.06925211,0.06570084,0.0437844,-0.03141459,-0.04227718,0.03261127,0.01304442,0.00569296,-0.01530351,0.13913783,-0.06256391,-0.04402403,-0.0760623,0.03773374,0.04510866,-0.00898528,-0.04942169,-0.01020434,-0.17210317,-0.05889098,0.01892717,0.0224987,-0.02463187,-0.02996686,0.03884983,-0.01097544,0.06327564,-0.03316982,0.03876698,-0.03322773,0.04212359,-0.01484994,-0.01573026,0.01586623,-0.04235113,-0.09162615,-0.02493325,0.00131856,-0.05223104,-0.07753293,0.04058181,-0.00440266,0.01120133,-0.04454812,0.02177169,0.06259567,0.03700793,0.00338199,-0.00462698,0.01975449,0.00262892,-0.22486512,0.06598105,0.02889313,0.00789727,-0.03291988,0.00054644,0.07755002,0.02025079,-0.08370713,0.03887313,-0.0014339,0.06248021,-0.041903,0.0048122,0.03409888,-0.02654178,-0.02216946,-0.02393733,-0.00578759,0.01698642,-0.01444248,-0.00230981,-0.021717,-0.01790951,0.00235405,-0.01412868,-0.01289394,0.05866667,-0.00459734,-0.08709748,0.04827344,0.05083162,-0.09455564,0.03079963,0.0024701,0.03991276,-0.05588441,0.13945754,-0.06283416,-0.01420195,0.04465407,0.04242725,0.05945397,0.00594557,0.00884804,-0.02538222,-0.03440091,0.04180527,-0.03178056,-0.01520471,0.00982855,-0.02861884,-0.0029202,0.00704198,-0.02914607,-0.01502972,0.01980196,-0.03069743,-0.02238009,0.01707822,0.01160891,-0.0030545,-0.00698658,0.0042301,0.01090556,-0.01041668,-0.00629581,0.06249502,-0.00579822,0.05949336,-0.05412275,-0.02595473,0.04212727,0.05131925,-0.01426283,0.055693,-0.01921885,0.03528733,-0.0103521,-0.04548142,-0.00317968,-0.08762208,-0.01116905,0.08060031,-0.0751221,0.03481243,0.00029672,-0.02263523,0.00322152,0.04385121,-0.03215453,-0.00838763,-0.03199228,0.01424894,0.05635514,0.08672459,-0.00502399,0.00186875,-0.01826156,0.00055539,-0.08115134,0.11113688,0.05452482,-0.03063613,-0.05678935,-0.00025804,0.01589291,-0.04165014,0.00748395,0.05718631,0.02664683,-0.0264421,0.06188175,-0.00780036,0.02394951,0.02957974,0.00130303,0.01952919,0.05412233,0.00141808,-0.07388454,0.02054017,-0.01650982,-0.08636492,-0.01224186,-0.06094107,0.03822729,-0.01827454,-0.08522142,0.04830172,0.02896833,-0.01132601,-0.0225583,-0.05381627,-0.05903532,-0.0272448,0.01869279,-0.05199884,0.14342505,0.03496633,-0.03402203,-0.03995455,-0.00997177,0.00236146,-0.00867184,-0.03543084,-0.0362857,0.01612473,-0.0278312,-0.01916051,0.07400206,0.039116,-0.00747626,-0.02029564,-0.01280648,0.07133786,0.01697504,0.0333426,0.01113371,0.01555741,-0.06214831,-0.24894489,-0.02915848,0.00738401,-0.04100585,0.00914132,-0.069197,0.03824508,-0.04348127,0.05249161,0.04794265,0.13377574,0.04716107,-0.10527395,0.03491171,-0.02263579,-0.01944953,-0.00371318,0.01272848,-0.04482926,-0.03854432,0.02183029,0.01237032,0.0146011,-0.00165322,0.06834948,-0.01802932,0.12827285,0.00656816,-0.04402302,0.00325937,0.06533333,0.07124211,-0.0122443,-0.07499012,0.07839664,0.07858339,-0.04068611,0.02651564,0.01935299,-0.02064866,0.0312212,0.07786938,-0.01792965,-0.04684884,-0.02804833,-0.0803869,0.02114039,-0.0220953,-0.03281336,0.05040578,-0.02932537,-0.0143456,0.05516855,0.02578642,0.01888458,-0.01879216,-0.06325093,0.01996615,0.00521829,0.01498525,-0.02816004,-0.00302253,0.01310106,-0.03707955,-0.0475059,0.00671672,0.02334789,0.0106844,0.01193229,0.04538977,0.06187592,0.08133652,-0.00597367,0.03816133,-0.0077092,0.01078356,-0.00400692,-0.03563748,-0.05501624,-0.03683649,-0.05043133,0.08542625,0.04198744,-0.00607954,0.03232747,0.03711011,0.00652179,-0.05483755,0.06650034,-0.02508967,-0.05042898,0.02873475,-0.02407667,-0.01321176,0.11935719,0.00786616,-0.30820245,0.01687817,-0.00814314,0.01337488,-0.00810036,0.03104208,-0.04378742,-0.03268078,-0.04191436,0.02705426,-0.03965502,0.03607824,0.03469514,-0.04082367,0.00855891,0.00815933,0.09116107,-0.00925734,0.08754349,-0.02721583,-0.00978622,0.04612112,0.18048835,0.00652897,0.02550716,-0.02651967,0.00172317,0.00142665,0.05310903,0.06283595,-0.05710579,0.01111999,0.12070396,-0.0294043,0.06742176,0.06511443,-0.0179498,0.04940727,-0.03272605,0.01841222,-0.029787,0.0558692,-0.04819198,0.02071476,0.07450363,-0.05815617,-0.05038645,-0.07680769,0.00104523,-0.01288934,-0.01012548,0.02128794,-0.05350339,-0.04668887,0.03959309,-0.03424578,-0.00568468,-0.00739785,-0.03299856,0.01472916,0.04326282,-0.00563469,0.06486668,0.07295874,0.03646628],"last_embed":{"tokens":464,"hash":"13ldfuo"}}},"text":null,"length":0,"last_read":{"hash":"13ldfuo","at":1782975296414},"key":"gpts-package/design_system.md#UI診断ディレクター デザインシステム#1. 文字数規定（最重要・絶対遵守）","lines":[27,123],"size":2309,"outlinks":[],"class_name":"SmartBlock"},
"smart_blocks:gpts-package/design_system.md#UI診断ディレクター デザインシステム#1. 文字数規定（最重要・絶対遵守）#1.1 基本ポリシー": {"path":null,"last_embed":{"hash":null},"embeddings":{},"text":null,"length":0,"last_read":{"hash":"1rxblvv","at":1782975294683},"key":"gpts-package/design_system.md#UI診断ディレクター デザインシステム#1. 文字数規定（最重要・絶対遵守）#1.1 基本ポリシー","lines":[29,37],"size":198,"outlinks":[],"class_name":"SmartBlock"},
"smart_blocks:gpts-package/design_system.md#UI診断ディレクター デザインシステム#1. 文字数規定（最重要・絶対遵守）#1.1 基本ポリシー#{1}": {"path":null,"last_embed":{"hash":null},"embeddings":{},"text":null,"length":0,"last_read":{"hash":"17eiccq","at":1782975294683},"key":"gpts-package/design_system.md#UI診断ディレクター デザインシステム#1. 文字数規定（最重要・絶対遵守）#1.1 基本ポリシー#{1}","lines":[31,37],"size":182,"outlinks":[],"class_name":"SmartBlock"},
"smart_blocks:gpts-package/design_system.md#UI診断ディレクター デザインシステム#1. 文字数規定（最重要・絶対遵守）#1.2 哲学": {"path":null,"last_embed":{"hash":null},"embeddings":{},"text":null,"length":0,"last_read":{"hash":"osg4c6","at":1782975294683},"key":"gpts-package/design_system.md#UI診断ディレクター デザインシステム#1. 文字数規定（最重要・絶対遵守）#1.2 哲学","lines":[38,46],"size":123,"outlinks":[],"class_name":"SmartBlock"},
"smart_blocks:gpts-package/design_system.md#UI診断ディレクター デザインシステム#1. 文字数規定（最重要・絶対遵守）#1.2 哲学#{1}": {"path":null,"last_embed":{"hash":null},"embeddings":{},"text":null,"length":0,"last_read":{"hash":"1owcke6","at":1782975294683},"key":"gpts-package/design_system.md#UI診断ディレクター デザインシステム#1. 文字数規定（最重要・絶対遵守）#1.2 哲学#{1}","lines":[40,46],"size":111,"outlinks":[],"class_name":"SmartBlock"},
"smart_blocks:gpts-package/design_system.md#UI診断ディレクター デザインシステム#1. 文字数規定（最重要・絶対遵守）#1.3 C-1 スコアカード 文字数規定": {"path":null,"last_embed":{"hash":"1c803ja","at":1782975296540},"embeddings":{"TaylorAI/bge-micro-v2":{"vec":[-0.00015939,0.0178239,0.04141269,-0.05090984,0.00479139,0.05171399,-0.05820705,0.02783211,0.04435568,-0.02801379,-0.02289814,-0.06631789,0.06055103,0.05423634,0.00099609,-0.04527705,0.02969674,0.02010982,0.00597211,-0.02218992,0.13885492,-0.0873267,-0.0697755,-0.07137831,0.03901227,0.03612693,-0.00387693,-0.0477678,-0.02277277,-0.18023109,-0.06416588,0.01698013,0.0336379,-0.02470164,-0.02157446,0.02871276,0.00869387,0.07299813,-0.01752743,0.04279814,-0.02167711,0.01718592,-0.02294515,-0.01469768,-0.00377153,-0.0485071,-0.08218043,-0.00153865,0.00682621,-0.04557579,-0.07457965,0.04281791,-0.00432305,0.01900026,-0.05105603,0.01779079,0.06756224,0.02921514,0.00557177,-0.02776619,0.02559442,-0.0004142,-0.2304578,0.06976333,0.03594665,0.02293443,-0.0275655,0.00309884,0.06200528,0.01989662,-0.09124833,0.03449734,0.01840502,0.0593695,-0.05556806,0.00508884,0.0137574,-0.03632258,-0.03875164,-0.04086595,-0.00880479,0.00200086,-0.02842378,0.00426769,-0.03700563,-0.02158984,-0.01570433,0.00252861,-0.02037981,0.05608649,-0.00100077,-0.0628519,0.05482862,0.05445359,-0.1021911,0.02524923,0.00105603,0.04646548,-0.06327204,0.14301001,-0.06451619,-0.01170909,0.03514533,0.02921555,0.06287816,0.00795908,0.00544465,-0.01225634,-0.035652,0.04910968,-0.02804903,-0.00239784,0.01239097,-0.02405147,0.00026243,0.01414619,-0.01656005,-0.02197043,0.01390223,-0.03755512,-0.01081381,0.01782774,0.01202961,-0.01569915,-0.00423404,0.0074945,0.02462929,-0.01544966,-0.01625024,0.07155205,-0.01039079,0.05779339,-0.06603201,-0.02714361,0.02524819,0.05451405,-0.00568311,0.05157825,-0.02478574,0.03725749,-0.00355031,-0.0430267,-0.01774505,-0.07992736,0.00795788,0.08567816,-0.07857152,0.04833944,0.00140155,-0.0067331,0.00888197,0.06190174,-0.01496551,-0.03084426,-0.04365406,0.00804545,0.06364411,0.06493375,-0.0199986,0.02768861,0.00146052,0.00122863,-0.0518696,0.13205208,0.06687235,-0.04745033,-0.0720934,0.00360199,0.01052958,-0.03530638,-0.0042729,0.040858,0.02128125,-0.02396143,0.06375309,-0.00977579,0.01580803,0.02199938,-0.01698778,0.02067525,0.07647646,0.0071448,-0.05654915,-0.00352535,0.00603758,-0.08615306,-0.01711984,-0.04855111,0.01990417,-0.03714044,-0.09820172,0.04500798,0.02702723,-0.0145595,-0.00263482,-0.03800528,-0.06339516,-0.01936024,0.01545838,-0.03818174,0.15301339,0.02985338,-0.02704469,-0.04352356,-0.01694156,0.01538707,-0.00525958,-0.02651226,-0.03728866,0.01341521,-0.00108516,-0.01261646,0.07660598,0.0379505,-0.01172255,-0.02193286,-0.01902326,0.084649,0.00002857,0.01553746,0.01797916,0.01889871,-0.06543842,-0.24900766,-0.01459071,0.01829788,-0.04621647,0.00709311,-0.05321884,0.0569047,-0.00789351,0.05311848,0.04177646,0.13972238,0.04571315,-0.0896042,0.02957497,-0.01577706,-0.01473585,0.000314,0.02559458,-0.03877589,-0.03871085,0.02805654,0.02041211,0.01033667,0.00395965,0.08924046,-0.01104026,0.12531877,-0.00117549,-0.03722593,-0.01609625,0.05760482,0.04793634,-0.0285478,-0.08371368,0.08891339,0.06370164,-0.02597798,0.03986856,0.02063197,-0.01726717,0.01476037,0.06452695,-0.01683055,-0.04336981,-0.01880989,-0.07669264,0.03004873,-0.01318809,-0.03128334,0.04279755,-0.0418636,-0.0185611,0.03530136,0.02200461,0.03826144,-0.02566163,-0.0628938,0.01514208,0.00554538,0.03039019,-0.02844561,0.00266214,0.01573233,-0.06092297,-0.04294452,0.0079866,-0.00112928,0.02023592,0.01374836,0.02920515,0.05681622,0.06739577,-0.02735259,0.03395704,0.01189055,0.00741169,0.00057321,-0.03403817,-0.05113651,-0.04799781,-0.05253271,0.07363161,0.04181664,-0.01324673,0.02400272,0.042765,0.00230525,-0.02724517,0.05389899,-0.0406772,-0.04653118,0.02707907,-0.01437457,-0.01025385,0.12213462,0.01682842,-0.30725038,0.02164504,-0.0138355,0.01042459,-0.00005493,0.0333543,-0.04550256,-0.03835836,-0.04190168,0.03091772,-0.03215678,0.03721141,0.03164086,-0.05598939,-0.00774758,0.01431771,0.08748148,-0.03083039,0.07888401,-0.01622666,-0.00310735,0.03417851,0.18075684,0.00776009,0.03645127,-0.02106718,0.00909884,0.00539562,0.0458208,0.05972371,-0.04044943,0.00887326,0.08949768,-0.0336703,0.06817325,0.06270143,0.00613046,0.04311295,-0.03805733,0.0388119,-0.02215401,0.03668635,-0.04862667,0.02291931,0.07540652,-0.0453503,-0.0681738,-0.08683326,0.00380362,-0.01726585,-0.01809288,0.00018789,-0.04944523,-0.04256821,0.04072929,-0.02552411,-0.00064035,-0.00599139,-0.03547418,0.00655548,0.03866158,-0.00768474,0.09346067,0.06762376,0.03908781],"last_embed":{"tokens":259,"hash":"1c803ja"}}},"text":null,"length":0,"last_read":{"hash":"1c803ja","at":1782975296540},"key":"gpts-package/design_system.md#UI診断ディレクター デザインシステム#1. 文字数規定（最重要・絶対遵守）#1.3 C-1 スコアカード 文字数規定","lines":[47,56],"size":306,"outlinks":[],"class_name":"SmartBlock"},
"smart_blocks:gpts-package/design_system.md#UI診断ディレクター デザインシステム#1. 文字数規定（最重要・絶対遵守）#1.3 C-1 スコアカード 文字数規定#{1}": {"path":null,"last_embed":{"hash":"4xjry8","at":1782975296605},"embeddings":{"TaylorAI/bge-micro-v2":{"vec":[-0.00192855,0.01658052,0.04161413,-0.04794912,0.00232384,0.05210998,-0.05682775,0.02833786,0.0453061,-0.02940691,-0.02227062,-0.06209065,0.05791169,0.05663028,0.00476683,-0.04450981,0.03146796,0.01996511,0.00653282,-0.01905922,0.13845292,-0.08966539,-0.07322295,-0.06653859,0.03931038,0.03289222,-0.00463675,-0.05073995,-0.02304887,-0.18096194,-0.06183664,0.01148078,0.03144665,-0.02657169,-0.02004405,0.03155431,0.01024221,0.07268863,-0.0139295,0.04547229,-0.01902471,0.02050945,-0.02477543,-0.01029079,-0.00941754,-0.04957829,-0.08141878,0.0013074,0.00731286,-0.04219584,-0.07395616,0.04352987,-0.00347129,0.01785002,-0.05250911,0.02094461,0.06903333,0.02950649,0.00615795,-0.02746332,0.02448572,-0.00107498,-0.23158984,0.06907134,0.03451572,0.02234426,-0.02366364,0.00009212,0.05989682,0.02227012,-0.09013604,0.03373659,0.01626542,0.05960818,-0.05512847,0.00424936,0.01598553,-0.03498645,-0.03891364,-0.04161014,-0.00906411,-0.00192749,-0.03141921,0.00666979,-0.04036836,-0.0213193,-0.01649941,0.00297246,-0.02240074,0.05515147,0.0004938,-0.06436323,0.05073912,0.05144788,-0.10463858,0.02449121,0.00345877,0.04382076,-0.06837517,0.14289866,-0.05912587,-0.01160249,0.03445296,0.03031822,0.06600377,0.00910548,0.00699216,-0.01001112,-0.02843099,0.0503976,-0.02474958,-0.00096833,0.01197534,-0.02674232,-0.0049033,0.01697178,-0.01768369,-0.02160323,0.01525066,-0.03793095,-0.00913881,0.02024395,0.01753471,-0.0208621,-0.00610525,0.00225246,0.02706722,-0.01551757,-0.01846147,0.07100229,-0.01292147,0.05582955,-0.06734482,-0.0299579,0.02256983,0.05474136,-0.00270876,0.0521621,-0.02654126,0.03772416,-0.00371172,-0.04311749,-0.01908149,-0.08140807,0.00855389,0.08354641,-0.07301784,0.05430486,0.00100493,-0.00988652,0.01110374,0.0659603,-0.01486119,-0.03166309,-0.04683468,0.00432376,0.06114996,0.06392518,-0.01979367,0.02813711,0.0008549,-0.00134645,-0.05279116,0.13205591,0.06916915,-0.04950282,-0.06643992,0.00257871,0.00921494,-0.03231524,-0.00685171,0.03847019,0.02049073,-0.02428754,0.06242453,-0.00873331,0.01250361,0.02368915,-0.01185065,0.02453109,0.07228306,0.00832363,-0.05506156,-0.00092799,0.00588911,-0.08585288,-0.01667438,-0.04781837,0.01805579,-0.0395789,-0.10059462,0.04740648,0.02567318,-0.01574744,-0.0011121,-0.03778879,-0.06140831,-0.02011605,0.01584371,-0.03580963,0.15137196,0.02882474,-0.02626467,-0.04026899,-0.01672151,0.01614048,-0.00949907,-0.02482953,-0.03596999,0.01259221,0.00297857,-0.01257016,0.08040786,0.03780508,-0.00951243,-0.02133212,-0.01919634,0.08767787,0.00131416,0.01591791,0.01901585,0.02011446,-0.06630125,-0.24833812,-0.01766691,0.0163289,-0.04926136,0.0127685,-0.04985309,0.06120265,-0.00950194,0.05092926,0.03971737,0.14265265,0.04527714,-0.08763742,0.02865395,-0.01252302,-0.02023102,-0.00013712,0.02666458,-0.03632707,-0.03955679,0.03145711,0.02034024,0.01048844,0.00475541,0.0925331,-0.01193203,0.12469632,-0.00591131,-0.03767004,-0.01810921,0.05255935,0.04544028,-0.02742069,-0.08344401,0.08989631,0.0633136,-0.02063924,0.03689935,0.01831435,-0.01463346,0.01465184,0.06282785,-0.01708972,-0.042654,-0.01922048,-0.07996662,0.03204486,-0.00958615,-0.03814903,0.0408943,-0.04521639,-0.02039847,0.02780901,0.02707289,0.04073097,-0.02602486,-0.06262093,0.01792742,0.00454644,0.03252207,-0.02679949,0.00442614,0.01596295,-0.06184958,-0.03991317,0.00664982,-0.00092152,0.02143838,0.01221633,0.02835717,0.05242108,0.0685425,-0.03083444,0.03570543,0.01302879,0.00607694,0.00098981,-0.03578762,-0.04881718,-0.04812228,-0.05185536,0.07023921,0.0400776,-0.01566606,0.02090394,0.04375448,0.0016238,-0.0221072,0.05313873,-0.04275072,-0.0467831,0.02603286,-0.01681753,-0.01131786,0.12465879,0.0213452,-0.30699623,0.01697414,-0.01728808,0.01210176,0.00208716,0.0334632,-0.04487064,-0.03641865,-0.04458525,0.03083213,-0.02813029,0.03513113,0.03300609,-0.05538237,-0.00821783,0.01144779,0.08495397,-0.0335216,0.07691106,-0.01830178,-0.00035859,0.03017924,0.18190478,0.00986877,0.03495533,-0.02210441,0.01557208,0.00641082,0.03956826,0.05876222,-0.03994069,0.0130189,0.09109307,-0.034759,0.06643868,0.06203826,0.01112022,0.04016422,-0.03761685,0.0416491,-0.02235681,0.03625777,-0.04807368,0.02073145,0.07705136,-0.04234734,-0.06795727,-0.08898804,0.00617088,-0.02273761,-0.02203624,-0.00175977,-0.0457655,-0.04146243,0.04192552,-0.0231114,-0.00433243,-0.00765677,-0.03816963,0.00715449,0.0394851,-0.01017036,0.09430055,0.07368651,0.04016213],"last_embed":{"tokens":257,"hash":"4xjry8"}}},"text":null,"length":0,"last_read":{"hash":"4xjry8","at":1782975296605},"key":"gpts-package/design_system.md#UI診断ディレクター デザインシステム#1. 文字数規定（最重要・絶対遵守）#1.3 C-1 スコアカード 文字数規定#{1}","lines":[49,56],"size":280,"outlinks":[],"class_name":"SmartBlock"},
"smart_blocks:gpts-package/design_system.md#UI診断ディレクター デザインシステム#1. 文字数規定（最重要・絶対遵守）#1.4 C-2 改善提案リスト 文字数規定": {"path":null,"last_embed":{"hash":"8kb8a9","at":1782975296675},"embeddings":{"TaylorAI/bge-micro-v2":{"vec":[-0.01430432,0.02230343,0.04347439,-0.06298956,-0.00220678,0.06589127,-0.05120232,0.04539733,0.03750512,-0.00348548,-0.01788765,-0.07952272,0.05108098,0.05777817,-0.02693025,-0.01688703,-0.0030953,0.00845036,0.0083738,-0.00016379,0.15323329,-0.08502511,-0.05084788,-0.08080637,0.03668907,0.01804323,-0.01578424,-0.05161353,-0.02745142,-0.16503778,-0.05389246,0.02711954,0.02698878,-0.02827885,-0.0522719,0.02755394,0.00439949,0.08979983,-0.05040469,0.01150665,-0.02974347,0.0282608,-0.03076722,-0.02400572,0.00346706,-0.05216159,-0.07393049,-0.01546326,-0.01814046,-0.06127523,-0.04387381,0.00333755,-0.01104909,0.01373126,-0.02830399,0.03124831,0.04372223,-0.00299837,0.00606026,-0.00302597,0.031973,0.01874907,-0.22394758,0.06807622,0.02010499,0.00894445,-0.01633502,-0.01421128,0.06178204,0.04312192,-0.08621772,0.02917883,0.01551746,0.06129408,-0.04502179,-0.01890613,0.02330996,-0.03770862,-0.02167801,-0.04199989,-0.03338071,0.0240648,-0.02827833,-0.00094732,-0.03030938,-0.02657144,-0.00966845,-0.02413953,-0.01617887,0.05187669,0.02722432,-0.08404205,0.02764528,0.02942142,-0.088586,0.05487511,-0.00791046,0.0247128,-0.06897876,0.14600971,-0.07909682,-0.01409071,0.03704319,0.04159288,0.05067173,-0.01714099,-0.00265749,-0.03862823,-0.02431921,0.03952248,-0.01609091,-0.00341824,0.00610367,-0.02058929,0.02115917,0.01013179,-0.01294846,0.00697121,0.01101026,-0.04873528,-0.01464449,0.00148269,0.00095739,0.00207095,-0.00033221,0.00306278,0.00295691,-0.01342207,0.00655928,0.08459599,0.01526934,0.04050872,-0.04607197,-0.00080014,0.02607058,0.0440764,-0.01595664,0.04227183,-0.02070583,0.01959041,-0.0133858,-0.02222051,-0.01551036,-0.09222338,0.0190413,0.10725505,-0.07235971,0.02710018,-0.0186264,-0.00224567,0.02029173,0.03460724,-0.02618006,-0.02633283,-0.06098978,0.00694541,0.05106647,0.04620679,0.00628988,0.01320027,-0.00240819,0.00320075,-0.07147916,0.14575647,0.06360038,-0.0420868,-0.08337525,-0.02015627,0.03930277,-0.00959558,-0.02275951,0.06597571,0.04822951,-0.0182983,0.09353684,0.03042387,-0.00433123,0.01935777,-0.01355446,0.02797477,0.09069959,0.00563886,-0.05273444,0.00550839,-0.0012631,-0.10718795,-0.01977726,-0.0402362,0.01098451,-0.02031647,-0.10520488,0.05971292,0.02352183,0.01413431,-0.0250751,-0.0628891,-0.04949602,-0.02140592,-0.00206737,-0.01206838,0.10169521,0.02204513,-0.01540282,-0.03792914,-0.00597425,0.00237774,0.0079937,-0.04567057,-0.02801887,0.02836679,-0.01100781,-0.02708788,0.06285818,0.00527567,-0.02823691,-0.00311935,-0.02204652,0.06656171,-0.00606831,0.03379416,0.01537722,0.01819281,-0.02266278,-0.23897527,-0.02488939,0.00859081,-0.03506534,0.03251195,-0.05577261,0.02908995,-0.02577593,0.0036613,0.07760835,0.15632106,0.04029786,-0.08135754,0.04870758,-0.01397417,-0.02064802,-0.02162353,0.01559081,-0.02757531,-0.04698697,0.02829674,0.00799105,-0.0234308,-0.0153812,0.05900768,0.01320733,0.15223244,0.02308144,-0.02327199,0.02164962,0.08173747,0.05523774,-0.02548443,-0.09917839,0.05894258,0.09388802,-0.01865573,0.02710135,0.05047584,-0.02162188,0.03495487,0.0765777,-0.03077736,-0.05950984,-0.02552924,-0.04200145,0.02319828,0.01113259,-0.00621271,0.0389859,-0.04062483,-0.02024818,0.05695986,0.01271542,0.03549,-0.03704176,-0.06936125,0.0046633,0.005455,0.03892762,-0.03630636,0.00476506,0.03017713,-0.04866049,-0.05683801,0.01772361,-0.00373934,-0.00387163,0.02275009,0.04656704,0.05989635,0.05114562,0.01522308,0.01279472,0.03052203,-0.00677819,0.03396517,0.00128727,-0.03962183,-0.0613314,-0.0499075,0.03745708,0.0100439,-0.01853288,0.01571597,0.05213762,0.0202309,-0.03266289,0.01430109,0.00450727,-0.0480042,0.03439946,0.00030396,0.01147251,0.10433223,-0.00811011,-0.30593601,0.02977569,-0.00078864,0.01614644,-0.00194739,0.03094759,-0.02857328,-0.04274728,-0.05858587,0.05013704,-0.05801016,0.04868454,0.05632303,-0.00774903,-0.00149405,-0.02029078,0.07176717,-0.02064896,0.08772184,-0.05037589,-0.00723032,0.03946782,0.19452299,-0.0015155,0.03647803,-0.03130821,-0.00472037,0.0160481,0.07432229,0.06055551,-0.03620433,-0.00207578,0.06854163,-0.05392762,0.04473407,0.11172167,0.00494867,0.05043243,-0.02998182,0.02486368,-0.03422447,0.02583798,-0.03397699,-0.01018123,0.06269249,-0.03633653,-0.07383226,-0.07366613,-0.01213703,-0.00818522,-0.02028285,0.01481985,-0.03970684,-0.06105587,0.02918922,-0.0272825,0.03978889,0.0037372,-0.02572544,0.00775322,0.02501325,0.00230582,0.08393672,0.05537023,0.04026085],"last_embed":{"tokens":225,"hash":"8kb8a9"}}},"text":null,"length":0,"last_read":{"hash":"8kb8a9","at":1782975296675},"key":"gpts-package/design_system.md#UI診断ディレクター デザインシステム#1. 文字数規定（最重要・絶対遵守）#1.4 C-2 改善提案リスト 文字数規定","lines":[57,65],"size":280,"outlinks":[],"class_name":"SmartBlock"},
"smart_blocks:gpts-package/design_system.md#UI診断ディレクター デザインシステム#1. 文字数規定（最重要・絶対遵守）#1.4 C-2 改善提案リスト 文字数規定#{1}": {"path":null,"last_embed":{"hash":"19cmj6h","at":1782975296731},"embeddings":{"TaylorAI/bge-micro-v2":{"vec":[-0.01403829,0.02405979,0.04237171,-0.0618668,-0.00270505,0.06719984,-0.05151257,0.0476379,0.03628749,-0.00277485,-0.01701324,-0.07602214,0.04954053,0.05805576,-0.02546548,-0.01531229,-0.00289976,0.00724884,0.00874729,0.00188623,0.15183921,-0.08477246,-0.05257193,-0.08010677,0.03775628,0.01428946,-0.01641469,-0.05269071,-0.02870477,-0.16567194,-0.05446224,0.02473753,0.0232471,-0.02868634,-0.05290349,0.0243812,0.00512334,0.08920408,-0.05113492,0.00929469,-0.03171125,0.0309647,-0.0322961,-0.0246903,0.00266778,-0.05291153,-0.07353478,-0.01311351,-0.0177156,-0.06302916,-0.03989292,0.00120316,-0.01072193,0.01322778,-0.0272617,0.0311883,0.04177981,-0.00509275,0.00869229,-0.00218922,0.03309606,0.01995033,-0.22489083,0.06932323,0.02017706,0.00854895,-0.01489213,-0.01617001,0.0610006,0.04444497,-0.08504107,0.02822876,0.01521386,0.06254449,-0.04349698,-0.0221813,0.02521178,-0.0371812,-0.02069327,-0.04047651,-0.03621433,0.02418445,-0.03083895,-0.00309102,-0.02961716,-0.02609438,-0.00990367,-0.02560027,-0.01619611,0.04956942,0.02965302,-0.08586824,0.02635179,0.02872912,-0.08993552,0.05681244,-0.00859036,0.02504749,-0.07087865,0.14392719,-0.07591366,-0.01388944,0.03501134,0.04201429,0.05096293,-0.01682221,-0.00306444,-0.03756261,-0.02698238,0.03671552,-0.01499709,-0.00415244,0.00574344,-0.01724332,0.01998225,0.01245658,-0.00986031,0.00868796,0.00996394,-0.04670943,-0.01744581,0.00376875,-0.00023897,0.00073727,0.00055995,0.00272596,0.00407555,-0.0122854,0.00526969,0.08314438,0.01621952,0.04098971,-0.04435509,0.00010616,0.0244926,0.04328837,-0.01473734,0.04340773,-0.02151106,0.01590662,-0.01318671,-0.01957145,-0.01655235,-0.09394425,0.02082337,0.10740475,-0.07331736,0.02711839,-0.01781539,-0.00293785,0.02023165,0.0323646,-0.02426525,-0.02783484,-0.06069811,0.0071144,0.05050366,0.04410597,0.00604368,0.01316257,-0.00454051,0.00371708,-0.07176996,0.1464621,0.06356604,-0.04199864,-0.08445932,-0.02241497,0.03941504,-0.00818748,-0.02332484,0.06526289,0.04787474,-0.01856492,0.09425863,0.03260944,-0.00757468,0.01701545,-0.01139734,0.02863892,0.09363687,0.00546329,-0.0504258,0.00587867,0.00028305,-0.10539152,-0.02199588,-0.03880715,0.00921463,-0.02239596,-0.10502712,0.0582243,0.02118397,0.01471851,-0.02612632,-0.06245847,-0.04934414,-0.02163424,-0.00179395,-0.00985129,0.10171376,0.02046275,-0.01352916,-0.0353657,-0.00581093,0.00048649,0.00731544,-0.04557861,-0.02929523,0.02862972,-0.00963928,-0.02801258,0.06012619,0.00210705,-0.02782088,-0.00128828,-0.02283187,0.06865872,-0.00725684,0.03619922,0.01834182,0.01779861,-0.0200649,-0.23847488,-0.02341915,0.00982995,-0.03494911,0.03545531,-0.05616002,0.03007485,-0.02700363,0.00070974,0.07861077,0.15737037,0.04151968,-0.08090218,0.04896098,-0.01518107,-0.02099845,-0.02118561,0.0140321,-0.02693127,-0.04909788,0.03005347,0.01023474,-0.02722064,-0.01674699,0.05742341,0.01527128,0.15249243,0.01936812,-0.02360014,0.02033475,0.07924794,0.05680652,-0.02376467,-0.10036283,0.059336,0.09411308,-0.0176799,0.0253524,0.04965726,-0.02144182,0.03640873,0.07769331,-0.03132738,-0.06066059,-0.02553208,-0.04077209,0.0241071,0.01587866,-0.00400454,0.03791488,-0.04175721,-0.02075204,0.05335841,0.01126614,0.03801332,-0.03872955,-0.06872928,0.00736249,0.00411852,0.03621393,-0.03501469,0.00399864,0.02972936,-0.04512282,-0.0576437,0.01459982,-0.005837,-0.00484182,0.02152885,0.04521979,0.05779336,0.05131211,0.01388619,0.01245884,0.03223617,-0.00636404,0.03446426,0.00214443,-0.0394895,-0.0620615,-0.04865805,0.03514497,0.00702479,-0.01913472,0.01531726,0.05068925,0.01982906,-0.03101811,0.01121972,0.00697988,-0.04622417,0.03680076,-0.00061616,0.01123329,0.10618871,-0.00868518,-0.30461109,0.03026987,-0.00038158,0.01565117,-0.00200471,0.03055975,-0.02785761,-0.0420406,-0.06190339,0.0501607,-0.05915794,0.05081667,0.05862107,-0.00626899,-0.00269904,-0.02162823,0.0694996,-0.02414058,0.08831651,-0.05043561,-0.00575856,0.0398813,0.19693951,0.00081174,0.03724406,-0.03243276,-0.00519436,0.0174045,0.07246494,0.06031578,-0.03326167,-0.00098139,0.0676199,-0.05435174,0.04209062,0.11337792,0.00606146,0.05195944,-0.02940962,0.02588554,-0.03566458,0.02646307,-0.03446713,-0.01330096,0.06387538,-0.03683033,-0.07430039,-0.07187939,-0.0122338,-0.00697496,-0.01860851,0.01518042,-0.03923476,-0.06139591,0.02698568,-0.02483816,0.04078951,0.00450786,-0.02218353,0.00677951,0.02677526,0.00438141,0.08430608,0.05837541,0.04351106],"last_embed":{"tokens":223,"hash":"19cmj6h"}}},"text":null,"length":0,"last_read":{"hash":"19cmj6h","at":1782975296731},"key":"gpts-package/design_system.md#UI診断ディレクター デザインシステム#1. 文字数規定（最重要・絶対遵守）#1.4 C-2 改善提案リスト 文字数規定#{1}","lines":[59,65],"size":253,"outlinks":[],"class_name":"SmartBlock"},
"smart_blocks:gpts-package/design_system.md#UI診断ディレクター デザインシステム#1. 文字数規定（最重要・絶対遵守）#1.5 C-3 ビジュアル診断ボード 文字数規定": {"path":null,"last_embed":{"hash":"qfq3s","at":1782975296788},"embeddings":{"TaylorAI/bge-micro-v2":{"vec":[-0.00477188,0.01517565,0.04948,-0.06031418,0.02432765,0.05434249,-0.07228801,0.038331,0.05462287,-0.01473857,-0.02204444,-0.05401231,0.0484619,0.0406437,-0.0251663,-0.01470896,0.01638286,0.0143989,-0.00429711,-0.04019544,0.12643299,-0.0651609,-0.0391673,-0.06808471,0.04300551,0.03257692,-0.0096918,-0.04473735,-0.02818971,-0.19966406,-0.05697586,0.03101179,0.02428785,-0.032228,-0.04627731,0.00434763,-0.03293749,0.08666015,-0.02065708,0.02228805,-0.03148588,0.04040685,-0.02423158,-0.03450984,-0.00392002,-0.02912572,-0.05935355,-0.03526129,0.00487097,-0.07374109,-0.05096294,0.01398882,-0.0106708,-0.00217545,-0.03330077,0.02200737,0.06341179,0.00827874,0.01205942,0.00805241,0.01456425,-0.00077052,-0.22576253,0.07354648,0.04468548,0.00331543,-0.02769447,0.00271486,0.06661899,0.03136522,-0.08719856,0.02219549,0.00733113,0.03108534,-0.03281435,-0.01926204,0.02527074,-0.03371744,-0.03298842,-0.04014518,-0.00396799,0.04624957,-0.01952017,-0.01088034,-0.03226151,-0.03306971,0.00165149,-0.01913798,-0.02984014,0.05626717,0.01760856,-0.07782143,0.03606614,0.0610107,-0.04888316,0.03517126,-0.00335981,0.00719281,-0.02468648,0.12893578,-0.0617521,0.00457235,0.04309458,0.04791588,0.0674976,-0.01473258,0.00900325,-0.00925817,-0.03017714,0.03523993,-0.0287941,-0.00748228,0.03139827,-0.03038745,0.01454304,0.00277535,-0.01507337,-0.02267912,0.00542097,-0.0322539,-0.0218556,0.01790151,0.0131608,-0.01238573,-0.01094606,0.01794933,0.01263808,-0.01516094,-0.00749235,0.08623081,0.02622219,0.07093525,-0.05216983,0.00099482,0.00275146,0.02693659,-0.00898211,0.05787332,0.00536006,0.01355145,-0.03244891,-0.0156519,0.00598864,-0.11470952,-0.01209561,0.1113419,-0.08971987,0.01668354,-0.00816111,-0.01400394,0.00839113,0.03978577,-0.01953674,-0.00367924,-0.05254532,0.01647396,0.05578408,0.08884272,-0.01120665,0.00996674,-0.02927326,-0.00836478,-0.06678007,0.14075872,0.06714399,-0.05201648,-0.05762042,-0.01576157,0.01758036,-0.02751003,-0.00957751,0.05205046,0.02009369,-0.01558605,0.07846295,-0.01634301,0.01546282,0.01536763,-0.01217596,0.02882897,0.09349782,-0.00705667,-0.0548573,-0.00391741,0.01081005,-0.10239664,-0.01867362,-0.03582436,0.00303115,0.00035182,-0.09537409,0.03176991,0.03626373,-0.00212951,-0.0359748,-0.0496746,-0.05623111,-0.00590188,0.01067654,-0.06458025,0.12936291,0.01481949,-0.0036195,-0.05296397,-0.02920314,0.0168942,-0.01689369,-0.05700005,-0.03049963,0.00706731,-0.01927919,-0.00598304,0.07556658,0.02671053,-0.01096376,-0.03296559,-0.03658472,0.08778246,0.00014081,0.02976941,0.00038879,0.0320087,-0.07041876,-0.25509846,-0.01707739,0.01732345,-0.03367241,0.0051586,-0.04639491,0.03193019,-0.00851251,0.06601225,0.08672054,0.15207905,0.05790547,-0.10222641,0.01749538,-0.01946202,0.00390119,0.00360176,0.02271391,-0.02552759,-0.01657725,0.01106805,-0.00850368,0.00388026,0.00166541,0.04864703,-0.03489415,0.15050657,0.0106322,-0.04703273,-0.01012558,0.04872278,0.04867782,-0.02232956,-0.07403106,0.08438706,0.07412155,-0.0400115,0.01266725,0.01725114,-0.04253587,0.01396716,0.04741781,0.00255031,-0.05341451,-0.00593719,-0.06538153,0.02070719,-0.01051523,-0.03571542,0.04012158,-0.02582517,-0.02001459,0.04486706,0.02593498,0.0375306,-0.03257926,-0.05098285,-0.00229854,-0.01800017,0.01420494,-0.02882347,0.01320395,0.03199644,-0.0428328,-0.04529686,0.03169695,0.0129922,0.01783153,0.038341,0.04269176,0.04923867,0.06347119,0.01327135,0.0325087,0.0330834,0.01615706,0.01288093,-0.03492008,-0.03833362,-0.05398577,-0.04720394,0.05741327,0.03395008,-0.00854304,0.02886619,0.0524031,-0.01056454,-0.07587435,0.04740324,-0.03251297,-0.02924894,0.0349769,-0.00088507,0.01395185,0.0928318,0.02440999,-0.29884765,0.02883594,-0.00359891,-0.00258445,-0.00895155,0.02639446,-0.02344501,-0.03397799,-0.04024477,0.04299185,-0.06718631,0.03741842,0.02721395,-0.04396623,-0.00261984,0.0062544,0.07912967,-0.02309148,0.10230175,-0.02331436,-0.02525081,0.05167392,0.18660088,0.02534011,0.01968088,-0.0488696,-0.01806142,0.00410756,0.05751386,0.06036677,-0.02477649,0.0090144,0.11945403,-0.03381016,0.07171852,0.08231676,-0.00203755,0.04466411,-0.03545351,0.03278998,-0.01839888,0.04224815,-0.04997559,0.0150464,0.04885874,-0.04923887,-0.04555266,-0.05735941,0.00224489,-0.01601372,-0.01384571,0.0264976,-0.03154938,-0.01787327,0.03544145,-0.01574597,0.01305121,-0.00470806,-0.05157961,-0.00502257,0.04496565,-0.03031046,0.07652812,0.06632819,0.03461397],"last_embed":{"tokens":405,"hash":"qfq3s"}}},"text":null,"length":0,"last_read":{"hash":"qfq3s","at":1782975296788},"key":"gpts-package/design_system.md#UI診断ディレクター デザインシステム#1. 文字数規定（最重要・絶対遵守）#1.5 C-3 ビジュアル診断ボード 文字数規定","lines":[66,80],"size":539,"outlinks":[],"class_name":"SmartBlock"},
"smart_blocks:gpts-package/design_system.md#UI診断ディレクター デザインシステム#1. 文字数規定（最重要・絶対遵守）#1.5 C-3 ビジュアル診断ボード 文字数規定#{1}": {"path":null,"last_embed":{"hash":"15iab7l","at":1782975296898},"embeddings":{"TaylorAI/bge-micro-v2":{"vec":[-0.00548732,0.01301161,0.04988628,-0.0578187,0.0225834,0.05743621,-0.07226434,0.03760516,0.05458816,-0.0114596,-0.01924999,-0.05330748,0.04716828,0.03915999,-0.02783898,-0.01356986,0.01425351,0.01497254,-0.00678078,-0.04010124,0.12506178,-0.06503037,-0.03572639,-0.06533305,0.04289179,0.03107267,-0.01082549,-0.04682853,-0.02972263,-0.20093518,-0.05574892,0.03370405,0.02176759,-0.03241055,-0.04519541,0.00495304,-0.03301182,0.08662021,-0.02207457,0.02228451,-0.03135222,0.04311341,-0.02234065,-0.03049598,-0.00885178,-0.02989439,-0.06015116,-0.03350397,0.00367491,-0.07421601,-0.04991203,0.01313364,-0.00922903,-0.0039435,-0.0329723,0.02050303,0.06471562,0.00793515,0.01237372,0.0089994,0.01331388,0.00123461,-0.22710702,0.07316796,0.04193496,0.00426678,-0.02610404,0.00245605,0.06785529,0.02852345,-0.08599574,0.02031569,0.00481193,0.03066709,-0.03373744,-0.02042552,0.02553964,-0.03016198,-0.03352752,-0.03882385,-0.00400087,0.04401778,-0.0223467,-0.01361567,-0.032099,-0.03337308,0.00138492,-0.01785072,-0.03016387,0.05632484,0.01476546,-0.07565238,0.03363245,0.06217382,-0.04981777,0.03536077,-0.00353105,0.00679949,-0.02404872,0.1293111,-0.06179743,0.00393671,0.04212341,0.0484239,0.06991997,-0.01392701,0.00967883,-0.00653456,-0.0271734,0.03275196,-0.02907251,-0.00684978,0.03357974,-0.03308435,0.01244262,0.00326701,-0.01816122,-0.02240035,0.00241512,-0.02820197,-0.0198387,0.01712173,0.01545194,-0.01405717,-0.01444461,0.01736881,0.01455327,-0.0161933,-0.00663836,0.08937956,0.02605554,0.07578218,-0.05215459,-0.00166432,0.00309032,0.02691194,-0.00939807,0.05663455,0.00328641,0.01220417,-0.03404105,-0.01260295,0.00734667,-0.11622516,-0.01297022,0.11127933,-0.08795738,0.01980917,-0.00438264,-0.01406321,0.00884,0.03973632,-0.01921646,-0.00386935,-0.05484638,0.01908604,0.05491953,0.08594959,-0.0135901,0.01376004,-0.02944572,-0.00997733,-0.06680598,0.13782211,0.06734521,-0.0518172,-0.05496841,-0.01763357,0.01970079,-0.02969864,-0.00885671,0.05324775,0.01933221,-0.01560458,0.07680266,-0.01587227,0.01584787,0.01353009,-0.00797462,0.03374691,0.09273107,-0.00765071,-0.05243487,-0.00309467,0.00693981,-0.09949015,-0.02005513,-0.03446529,-0.00007487,0.00217178,-0.09654383,0.03162797,0.0357649,-0.00180762,-0.03509091,-0.04626277,-0.05224592,-0.00520036,0.01138756,-0.06787723,0.13257977,0.01363392,-0.00185562,-0.05350405,-0.03056722,0.01385982,-0.01725596,-0.05621774,-0.03348652,0.00888195,-0.01994633,-0.00327723,0.07625551,0.02760543,-0.00819997,-0.03256026,-0.03626321,0.08985009,0.00220481,0.02901666,-0.00270362,0.03258452,-0.0681937,-0.25500548,-0.01900499,0.01905094,-0.03505617,0.00784171,-0.0470842,0.03363862,-0.01062905,0.06440738,0.08923003,0.15340346,0.05576372,-0.10156535,0.01723429,-0.01589431,0.00306403,0.00326982,0.02457132,-0.02600205,-0.01801263,0.01154437,-0.00706988,0.00495478,-0.00055486,0.04599707,-0.03474669,0.15217879,0.00836742,-0.04549313,-0.00881584,0.04786934,0.04665571,-0.02023121,-0.07615982,0.08206325,0.07347394,-0.03944745,0.01067685,0.01723461,-0.04334064,0.01238516,0.0459399,0.00225791,-0.05355009,-0.00183355,-0.06730353,0.02351085,-0.01069676,-0.03555676,0.03930683,-0.02528066,-0.02090065,0.04771237,0.02434266,0.04023945,-0.03187911,-0.05054135,0.00149481,-0.02006377,0.01526418,-0.02860839,0.01404687,0.03152114,-0.04278801,-0.04379612,0.03030768,0.01104522,0.02019962,0.03665281,0.04576761,0.04978982,0.06353842,0.01239081,0.03129125,0.0354344,0.01688184,0.01465479,-0.03591023,-0.03824349,-0.05431589,-0.04722495,0.05571656,0.03496246,-0.00627947,0.0267692,0.05357517,-0.01404638,-0.0792068,0.04723856,-0.03359719,-0.02595206,0.03256806,0.00133047,0.0146415,0.09210341,0.02478212,-0.29952732,0.02725982,-0.00587097,-0.00106811,-0.00756594,0.02777546,-0.02201213,-0.03535523,-0.03829809,0.04136473,-0.06563257,0.03894047,0.02798748,-0.0436306,-0.00045105,0.00299778,0.07876458,-0.0236013,0.10243733,-0.02199861,-0.02605364,0.05220071,0.18685175,0.02462372,0.01622202,-0.04901062,-0.01818959,0.00080678,0.05791271,0.05858538,-0.02440247,0.01083818,0.11888266,-0.03528365,0.07378461,0.08080504,0.00007253,0.04200635,-0.03723837,0.03440645,-0.01870293,0.04049049,-0.05054782,0.01308808,0.04915546,-0.04671168,-0.04789565,-0.05751308,-0.00025249,-0.01702131,-0.01203981,0.02666685,-0.03278737,-0.02027678,0.03917387,-0.01385997,0.01098293,-0.003763,-0.05534665,-0.00288157,0.04121371,-0.03429784,0.07569999,0.0673679,0.03366196],"last_embed":{"tokens":403,"hash":"15iab7l"}}},"text":null,"length":0,"last_read":{"hash":"15iab7l","at":1782975296898},"key":"gpts-package/design_system.md#UI診断ディレクター デザインシステム#1. 文字数規定（最重要・絶対遵守）#1.5 C-3 ビジュアル診断ボード 文字数規定#{1}","lines":[68,80],"size":509,"outlinks":[],"class_name":"SmartBlock"},
"smart_blocks:gpts-package/design_system.md#UI診断ディレクター デザインシステム#1. 文字数規定（最重要・絶対遵守）#1.6 バリデーション失敗時の挙動": {"path":null,"last_embed":{"hash":"mdsdpw","at":1782975297008},"embeddings":{"TaylorAI/bge-micro-v2":{"vec":[-0.04023017,0.03152203,0.01768241,-0.0553204,-0.02038684,0.01736831,-0.07004834,0.07472529,0.04199799,-0.0177934,-0.00271225,-0.11450686,0.04479953,0.02686322,-0.02106148,-0.06463125,-0.00378802,0.03291084,-0.02723603,0.00830264,0.13261703,-0.03017569,-0.03365793,-0.1020628,0.03835181,0.07370415,0.0051806,-0.05399505,-0.01956271,-0.19507398,-0.06009955,0.01170779,0.01324959,-0.0268689,0.02952131,0.03304109,-0.06125627,0.0227417,-0.01714795,0.04780167,-0.02363764,0.04696734,0.02848957,-0.01565067,0.03087945,-0.06470147,-0.10400645,-0.03584486,-0.01744732,-0.04277295,-0.0536212,0.05074501,0.00631301,-0.00568886,-0.01675624,0.01593468,0.04327311,0.04134476,0.02337862,-0.00712178,0.03535185,0.03695164,-0.20730424,0.09013917,0.04302789,0.01600214,-0.05146642,-0.01089132,0.04435695,-0.02611819,-0.05136656,0.02328055,0.01311635,0.09261683,0.00552222,0.03108179,0.00947114,-0.03527955,0.03091248,0.02496591,-0.01731626,-0.01194657,-0.01597149,-0.00755176,-0.01644197,-0.04339349,0.01876793,0.03261406,-0.01037597,0.03234797,0.01557551,-0.08434899,0.03338683,0.04358711,-0.03464635,0.03055897,0.01558128,0.02161556,-0.06893328,0.12039513,-0.06242223,0.00386718,-0.05204361,0.06878514,0.07611002,0.00657829,-0.01345047,0.01699034,-0.02336447,-0.02914926,-0.02791137,-0.00563701,0.0017838,-0.01974709,-0.02176176,0.07179284,-0.00870789,-0.04473607,-0.03554675,-0.03428054,-0.03971983,-0.02280349,0.00082226,0.00363164,-0.0131169,0.0194099,0.02841175,0.02839972,-0.04732116,0.10952019,0.00323498,0.00850559,-0.08820856,-0.01252666,0.02621038,0.03500872,-0.01700281,0.06000912,0.00225319,0.01346677,-0.0168862,-0.09966146,-0.01604749,-0.0326588,-0.04382217,0.04153653,-0.07730186,0.03512961,-0.0149894,-0.05011724,-0.00334255,0.02862122,-0.03011522,-0.04130576,0.01407016,-0.01251908,0.08210812,0.02454378,-0.01848761,-0.03020838,-0.01250587,0.02716999,-0.08422983,0.10250907,0.00781522,-0.06152864,-0.01854459,0.0193416,0.00933842,-0.06015281,0.03641598,0.00591191,0.01124999,0.0106412,0.0201848,-0.0199332,-0.03361403,0.04821556,0.01438067,0.04433123,0.05186865,0.00104049,-0.0442134,0.0138285,-0.0058822,-0.07058057,-0.00186993,-0.06335235,0.08531905,-0.01074781,-0.04212098,0.04069306,0.01850333,-0.03988478,-0.03174961,-0.04175487,-0.06990124,0.00568001,0.0166303,-0.05437797,0.14556085,0.02758969,-0.00668681,-0.05507745,-0.0132169,0.0169294,0.0339463,-0.04445382,0.02402616,0.04283614,-0.01846463,-0.01461418,0.07761948,0.01695896,-0.01326817,-0.0188486,-0.0177033,0.07219852,-0.00703162,0.05042687,0.00091643,-0.001488,-0.06351034,-0.23332866,-0.0056355,0.00168482,-0.02564763,0.01488028,-0.06062986,0.00254486,-0.025984,0.01244847,0.06039826,0.098939,0.05013819,-0.05786724,0.01173799,-0.02857554,-0.02382014,-0.04497108,0.02196254,-0.04170133,-0.02076728,-0.03560239,0.00578375,-0.01801899,-0.01777171,0.04943978,-0.04366442,0.17087297,-0.00297871,-0.00131483,0.00516246,0.07276992,0.03895598,-0.03202757,-0.11475971,0.09997227,0.07928176,-0.04565367,0.0593016,0.0200753,0.00022114,0.04964319,0.05816636,-0.01892582,-0.06622106,-0.00857185,-0.06122581,0.03062323,0.01303271,-0.01728055,0.08925396,-0.01166586,0.02968298,0.05262283,0.01343915,0.01943593,-0.08063024,-0.06986731,0.03756894,0.00809471,0.00458922,-0.00956106,-0.06180873,0.01567056,-0.00180527,-0.04548924,0.01294241,0.01357212,0.00411626,0.04810381,0.03494556,0.04926988,0.10010613,-0.0104713,0.00644849,0.00172433,0.02262275,0.00214439,-0.00144128,-0.02227553,-0.0247102,-0.03007915,0.10074414,0.04161028,0.03795548,0.03663152,-0.01966192,-0.01423933,0.01883642,0.08626525,-0.04328897,-0.00399433,0.02671322,-0.05044565,0.02222297,0.08395389,-0.02686902,-0.27843323,-0.01219701,-0.02843149,-0.02172252,-0.02309818,0.02342995,-0.00499354,-0.00268186,-0.06111691,-0.00495191,-0.06807345,0.03974747,0.05036951,-0.0340784,-0.01285517,0.01482202,0.05484015,-0.01661945,0.08727118,-0.01583043,-0.02464683,0.03768,0.17433314,-0.01795907,0.04433556,-0.00797223,0.02415671,0.01321275,0.08186735,0.03946138,-0.03364447,0.02559,0.13192193,-0.05158329,0.06745572,0.07745463,-0.02447136,0.0070463,-0.02794308,0.00089337,0.00489351,0.03615288,-0.05607201,-0.00025442,0.07928932,-0.01159974,-0.0307689,-0.04402555,-0.02121144,-0.02245721,-0.06520529,0.05769587,-0.02699114,-0.0519528,0.0198843,-0.00160571,0.03673092,0.00828137,-0.01382479,0.00663968,0.00169474,-0.01899819,0.09138351,0.09161694,0.00467393],"last_embed":{"tokens":488,"hash":"mdsdpw"}}},"text":null,"length":0,"last_read":{"hash":"mdsdpw","at":1782975297008},"key":"gpts-package/design_system.md#UI診断ディレクター デザインシステム#1. 文字数規定（最重要・絶対遵守）#1.6 バリデーション失敗時の挙動","lines":[81,123],"size":835,"outlinks":[],"class_name":"SmartBlock"},
"smart_blocks:gpts-package/design_system.md#UI診断ディレクター デザインシステム#1. 文字数規定（最重要・絶対遵守）#1.6 バリデーション失敗時の挙動#コード側（03_pptx_builder.py）の挙動": {"path":null,"last_embed":{"hash":"tva9uq","at":1782975297108},"embeddings":{"TaylorAI/bge-micro-v2":{"vec":[-0.04720372,0.02893174,0.01556808,-0.05559683,-0.01350104,0.00907312,-0.07397329,0.07052678,0.03269531,-0.01955609,-0.00685629,-0.11034699,0.03280767,0.03718995,-0.02444118,-0.06890271,-0.00179215,0.03250896,-0.04035368,0.0168615,0.13087799,-0.02317224,-0.01800021,-0.09810874,0.04583499,0.07397628,0.00593377,-0.0685972,-0.02232598,-0.19472682,-0.05994479,0.00852082,0.00796471,-0.02678173,0.03375596,0.0276256,-0.06213643,0.02130809,-0.00431259,0.04928207,-0.02506599,0.0581275,0.03617791,-0.01266835,0.01641385,-0.06365958,-0.11037216,-0.02933632,-0.01426574,-0.03621403,-0.05380201,0.05279227,0.00542764,-0.02032037,-0.01686457,0.02185956,0.0435712,0.04584331,0.03359531,-0.00958467,0.03242597,0.0286762,-0.20093988,0.09429561,0.04069347,0.01755999,-0.0484868,-0.00614781,0.03637352,-0.02175012,-0.03496958,0.01373928,0.00719373,0.1005177,0.01521583,0.03111525,0.01068945,-0.02672658,0.03465095,0.02496994,-0.02665173,-0.01505993,-0.01247344,-0.0007315,-0.01622495,-0.04356732,0.01098175,0.04458716,-0.01379195,0.02428272,0.01110553,-0.08091874,0.04181705,0.04427272,-0.03939677,0.01852452,0.00925579,0.03148428,-0.0783819,0.12201123,-0.04888011,0.00004152,-0.05850198,0.07171728,0.07933965,0.00925615,-0.02099884,0.01749788,-0.01263844,-0.02755089,-0.02832008,-0.00692718,-0.00361476,-0.01360621,-0.01371352,0.08580305,-0.00100096,-0.04489423,-0.04110004,-0.03559381,-0.04367969,-0.01442371,-0.01033521,-0.00195149,-0.02354305,0.01419805,0.03295584,0.02179347,-0.04050481,0.10591818,-0.00801268,-0.00539097,-0.08313895,-0.02189269,0.00893899,0.04437404,-0.01695305,0.05327404,-0.00222804,0.01483666,-0.01262925,-0.11328796,-0.01777298,-0.02429844,-0.03304353,0.03899036,-0.08082314,0.0307048,-0.01832493,-0.05375207,0.00405028,0.02117489,-0.02940827,-0.0547056,0.01572146,-0.01522409,0.08265845,0.02919312,-0.02611863,-0.04263722,-0.00480089,0.03074896,-0.082063,0.10304097,0.00179603,-0.0577009,-0.02045933,0.01789422,0.00609289,-0.05825159,0.0472123,-0.00144488,0.01217366,0.01289701,0.03237525,-0.02607015,-0.03740168,0.04451745,-0.00052228,0.05791822,0.04855345,-0.0020919,-0.04425436,0.02008189,0.00626693,-0.06111762,-0.0069565,-0.06367713,0.08622945,-0.00211351,-0.04255586,0.04639823,0.02176078,-0.05043146,-0.03930258,-0.0382164,-0.06795046,0.00827126,0.01011992,-0.0597105,0.13766351,0.03165143,-0.00377753,-0.05686556,-0.0042676,0.00492498,0.03510236,-0.04011633,0.02375588,0.04505639,-0.01364643,-0.02466475,0.08435223,0.00601815,0.00025439,-0.01950519,-0.0136519,0.07608264,-0.01800554,0.0387448,0.01020588,-0.01217545,-0.06410547,-0.23614113,0.00052777,0.00790848,-0.02841519,0.01342269,-0.06727172,0.02236512,-0.02406901,0.00401926,0.05338963,0.09261809,0.04318528,-0.0641916,-0.00570947,-0.03280811,-0.02451392,-0.05146189,0.0227713,-0.03916819,-0.00185043,-0.04410795,0.01110382,-0.03150177,-0.00468227,0.0504308,-0.05125293,0.1674653,0.00595891,0.00541388,-0.00104841,0.06221041,0.04615177,-0.02470458,-0.10206101,0.10575821,0.0687361,-0.03849502,0.06451651,0.01621987,-0.00300162,0.05319829,0.06440167,-0.01097451,-0.06646767,0.00240468,-0.04858112,0.03258904,0.01679072,-0.02274837,0.08402178,-0.02147529,0.03592827,0.044106,0.03005342,0.02841399,-0.06914835,-0.0873409,0.04253271,0.0213148,-0.00153659,-0.00574567,-0.059487,0.01290116,-0.00147891,-0.04256638,0.01003223,0.02933674,0.00151525,0.04887862,0.04034984,0.05517786,0.08254611,-0.01833674,0.01128593,-0.00008687,0.01704761,0.00003446,0.00216382,-0.02145704,-0.02634132,-0.02647594,0.0895515,0.04375095,0.04649189,0.03718758,-0.00664764,-0.01926199,0.02404176,0.08990767,-0.04468111,0.0028778,0.02877303,-0.05069196,0.02519417,0.08227956,-0.03640744,-0.27072662,-0.01051571,-0.0284925,-0.01139708,-0.02833717,0.0200551,-0.00234081,0.00218036,-0.06663551,0.00016733,-0.08256274,0.03628459,0.04354244,-0.03093402,-0.02257067,0.01455416,0.05151241,-0.01317523,0.09345145,-0.01308515,-0.01365645,0.04443866,0.17146702,-0.02394189,0.0442194,-0.00554383,0.02132024,0.00885878,0.07498561,0.02588078,-0.03034088,0.02498326,0.13307923,-0.04509446,0.07002676,0.08101022,-0.02151899,0.00758845,-0.01900334,-0.00113308,0.01272759,0.04402716,-0.06713802,-0.01407111,0.08087289,-0.01740582,-0.02082608,-0.03946434,-0.01348704,-0.02853605,-0.06350183,0.06304803,-0.03403969,-0.04983288,0.02216125,0.00164902,0.02590447,0.00172043,-0.01886188,0.00393683,-0.00803437,-0.02042111,0.08475291,0.09092857,-0.00149509],"last_embed":{"tokens":330,"hash":"tva9uq"}}},"text":null,"length":0,"last_read":{"hash":"tva9uq","at":1782975297108},"key":"gpts-package/design_system.md#UI診断ディレクター デザインシステム#1. 文字数規定（最重要・絶対遵守）#1.6 バリデーション失敗時の挙動#コード側（03_pptx_builder.py）の挙動","lines":[83,103],"size":579,"outlinks":[],"class_name":"SmartBlock"},
"smart_blocks:gpts-package/design_system.md#UI診断ディレクター デザインシステム#1. 文字数規定（最重要・絶対遵守）#1.6 バリデーション失敗時の挙動#コード側（03_pptx_builder.py）の挙動#{1}": {"path":null,"last_embed":{"hash":"y4o0ba","at":1782975297189},"embeddings":{"TaylorAI/bge-micro-v2":{"vec":[-0.04664316,0.02712311,0.01568432,-0.05494614,-0.01396448,0.00936026,-0.07576285,0.0691558,0.0313302,-0.01823883,-0.00511546,-0.11109636,0.03491288,0.03505453,-0.02026131,-0.07184937,-0.0054167,0.03245385,-0.03999999,0.01903003,0.13083164,-0.02157717,-0.01723327,-0.09821839,0.04576168,0.07431374,0.00356921,-0.07065427,-0.02149901,-0.19519679,-0.05925611,0.00909477,0.00921659,-0.02684084,0.03424548,0.02620114,-0.0666853,0.01947129,-0.0055232,0.04770853,-0.02444456,0.05800003,0.03527636,-0.01358612,0.01475729,-0.0619856,-0.11054744,-0.03028991,-0.01072387,-0.03575737,-0.05293513,0.05554659,0.00580538,-0.02099675,-0.01263364,0.0209243,0.04423463,0.04683134,0.03519185,-0.0115225,0.03232981,0.03022318,-0.20097902,0.09328723,0.04131525,0.01991067,-0.04800253,-0.00848142,0.03462423,-0.02285337,-0.03783571,0.01587782,0.00856549,0.10076912,0.01818218,0.03125183,0.00814394,-0.02550929,0.03681864,0.02632033,-0.02977879,-0.01536786,-0.01383439,-0.00264367,-0.01653646,-0.04026088,0.01554128,0.04297538,-0.01140099,0.02204297,0.00964153,-0.08324867,0.04456882,0.04548827,-0.03893927,0.01645895,0.00695068,0.0320471,-0.0815244,0.11951527,-0.05137613,0.00331581,-0.05992727,0.07150534,0.07861826,0.0088718,-0.02403191,0.01673702,-0.01014531,-0.02919573,-0.03046575,-0.00709897,-0.00415123,-0.01466335,-0.01384376,0.08481335,-0.00003899,-0.04265142,-0.04284897,-0.03509754,-0.04121408,-0.01247676,-0.01003736,-0.00175121,-0.02392446,0.01857589,0.03289479,0.02406524,-0.03964297,0.10421247,-0.01049718,-0.00674662,-0.08525096,-0.01927825,0.00763705,0.04429647,-0.01665184,0.0521903,-0.00186837,0.01352943,-0.01248386,-0.11162439,-0.01747449,-0.02333564,-0.03179785,0.04011138,-0.08264518,0.0308536,-0.01565591,-0.05397675,0.00290588,0.0219871,-0.02988518,-0.05938533,0.01933015,-0.01179269,0.08382063,0.03043544,-0.02594708,-0.04251397,-0.00714847,0.03144555,-0.08087445,0.10079525,0.00243364,-0.05926203,-0.01768842,0.01963764,0.00149226,-0.05800454,0.04868162,-0.00478865,0.011853,0.01136498,0.03179973,-0.02545502,-0.03680995,0.04312882,0.00209971,0.05535271,0.04964161,-0.00419036,-0.04318983,0.01971116,0.00354084,-0.06044275,-0.00893655,-0.06509772,0.08611203,-0.00507406,-0.04440939,0.04642856,0.0204308,-0.05299231,-0.04005631,-0.04009285,-0.0647661,0.00970974,0.01015964,-0.05781891,0.13620774,0.03170537,-0.0044414,-0.05498592,-0.00417653,0.00732116,0.03595123,-0.04144567,0.02827136,0.04668463,-0.01540845,-0.02484145,0.08283585,0.00360881,-0.00019651,-0.02034586,-0.0170852,0.07399306,-0.02049759,0.04015684,0.01074236,-0.01404393,-0.06465032,-0.23500556,0.003126,0.00474245,-0.02914678,0.01533046,-0.06965484,0.02130368,-0.02616291,0.00156386,0.05359323,0.09250748,0.04131042,-0.06297562,-0.00681402,-0.03202578,-0.02587606,-0.05300257,0.02314162,-0.03823423,0.00099165,-0.04406261,0.01122489,-0.03221215,-0.00504589,0.0488767,-0.05270348,0.17034878,0.00256492,0.00479458,-0.00232698,0.06367189,0.04427943,-0.02585309,-0.10220938,0.104808,0.06760504,-0.03832749,0.06575881,0.01855862,-0.00294252,0.05225251,0.06456535,-0.01093695,-0.06725326,0.00349863,-0.04831975,0.0320504,0.0184255,-0.01994196,0.08591657,-0.0201011,0.03812019,0.04489104,0.02741799,0.03066866,-0.0728084,-0.08498316,0.04462265,0.02346083,-0.00267208,-0.00321575,-0.06301495,0.01103157,-0.00078466,-0.03998927,0.00700333,0.02596459,0.00237709,0.04714992,0.03939691,0.05234154,0.08028354,-0.0185834,0.01136062,0.0013622,0.01909838,-0.00390784,0.0050023,-0.02244595,-0.02627801,-0.02525086,0.09076473,0.04063874,0.04733658,0.03726552,-0.0089005,-0.01819524,0.02417897,0.09260484,-0.04056738,0.00350583,0.02913555,-0.05036366,0.02786795,0.08302988,-0.03874282,-0.26978263,-0.0123059,-0.02600414,-0.01270956,-0.02704653,0.02036168,-0.00088531,0.00473076,-0.06567767,-0.00404752,-0.08358119,0.03719908,0.04468554,-0.02856744,-0.01908132,0.0144314,0.04901604,-0.01159895,0.09204227,-0.01123578,-0.01680729,0.04314841,0.17102496,-0.02314268,0.0440737,-0.00450296,0.01814881,0.01042521,0.0756456,0.02747516,-0.0280688,0.02521081,0.13587913,-0.0425513,0.0662263,0.0798557,-0.02295517,0.00677802,-0.01710794,-0.00142894,0.01336869,0.04497311,-0.06308229,-0.01258874,0.0813802,-0.0195084,-0.01953524,-0.0383562,-0.01310927,-0.02881257,-0.06395943,0.06382176,-0.03383963,-0.04964693,0.02019953,0.00596061,0.0275628,0.00160206,-0.0154903,0.00525469,-0.00983172,-0.02090738,0.08341543,0.08909898,-0.00010317],"last_embed":{"tokens":327,"hash":"y4o0ba"}}},"text":null,"length":0,"last_read":{"hash":"y4o0ba","at":1782975297189},"key":"gpts-package/design_system.md#UI診断ディレクター デザインシステム#1. 文字数規定（最重要・絶対遵守）#1.6 バリデーション失敗時の挙動#コード側（03_pptx_builder.py）の挙動#{1}","lines":[85,103],"size":545,"outlinks":[],"class_name":"SmartBlock"},
"smart_blocks:gpts-package/design_system.md#UI診断ディレクター デザインシステム#1. 文字数規定（最重要・絶対遵守）#1.6 バリデーション失敗時の挙動#GPTs側の対応フロー": {"path":null,"last_embed":{"hash":"7d6k92","at":1782975297271},"embeddings":{"TaylorAI/bge-micro-v2":{"vec":[-0.01435009,0.03822087,0.04865027,-0.04800612,0.00296493,0.04561855,-0.02297954,0.05801084,0.04258172,-0.02677253,-0.00238123,-0.09181757,0.05817653,0.00531101,-0.01906812,-0.02329545,0.00725761,0.01176877,0.0333155,-0.0214702,0.13975914,-0.05994817,-0.07449296,-0.10131256,0.02276519,0.06679921,-0.01024087,-0.02922173,-0.00843751,-0.18824656,-0.04859584,0.00422246,0.03719562,-0.04407749,-0.01946065,0.03667189,-0.02539903,0.05616027,-0.0555771,0.03760118,-0.0198713,0.03195843,-0.00597076,-0.02006488,0.05042125,-0.04574621,-0.06922854,-0.02227027,0.00126665,-0.05880191,-0.06989086,0.02064189,0.01419815,0.02853482,-0.0401673,-0.00768476,0.05766678,0.00636499,-0.02600467,-0.00885757,0.03220149,0.04264967,-0.23605254,0.07911724,0.0407096,0.01498455,-0.03151118,-0.01102532,0.06512245,0.02261125,-0.09734438,0.04477499,0.02173076,0.05252529,-0.06004072,0.02075504,0.01032419,-0.04539126,-0.00210605,-0.00004503,0.00655521,0.0164988,-0.01991849,-0.00943224,-0.02007536,-0.02835966,0.0156694,-0.01184899,0.01307541,0.05593221,0.00755057,-0.08886392,0.02156466,0.03610217,-0.06188194,0.04289148,0.01730531,0.01478134,-0.01211228,0.14635976,-0.09406103,0.00512093,0.01045471,0.06586143,0.03968219,-0.0069524,0.01679955,-0.00800569,-0.04770522,0.010835,-0.00109321,-0.00401633,0.02530608,-0.02928753,-0.00780115,0.00931779,-0.02452284,-0.02002749,0.00718317,-0.02611111,-0.00923672,-0.02150466,0.02394637,0.01602464,0.02276145,0.00529883,0.0277651,0.02447955,-0.04054885,0.09723556,0.03177058,0.05672258,-0.08058596,-0.01483858,0.06572051,0.0367753,0.00493684,0.06258638,-0.01069283,0.02661334,-0.03708678,-0.04164702,-0.01349031,-0.06350635,-0.02455323,0.07929749,-0.07849153,0.03327654,0.01103095,-0.03176906,-0.01611353,0.05778334,-0.03194001,0.00722881,-0.02364752,-0.00602951,0.05747442,0.03620334,-0.02080854,0.03742826,-0.01557087,-0.00051563,-0.07383052,0.12388383,0.06162936,-0.02692066,-0.03699597,0.01868855,0.04507333,-0.07251284,-0.01151057,0.04983851,0.01897079,-0.02767324,0.01712177,0.01135739,-0.0044885,0.0371174,0.00351348,0.00293426,0.08058336,0.00365567,-0.05080446,0.00248808,-0.02582508,-0.09570882,0.00954,-0.04676869,0.04343164,0.01166575,-0.07207991,0.04481626,-0.01912308,0.00222359,-0.00475044,-0.03895633,-0.05985807,-0.0239057,0.0231532,-0.0416459,0.14623222,0.01675388,-0.00032275,-0.01963448,-0.0215779,0.04136787,0.00708694,-0.05263223,-0.01854756,0.0242282,-0.0210498,0.00334437,0.06450302,0.04873529,-0.06641599,-0.0014301,-0.01333132,0.04582713,-0.00120492,0.06088146,0.00011321,0.02225102,-0.06415636,-0.23042218,-0.01705702,0.0100585,-0.03011924,-0.00078395,-0.04471002,-0.02560404,-0.00659447,0.05969082,0.06038535,0.11284085,0.05482212,-0.06819382,0.05776152,-0.00775021,-0.02368893,-0.00857291,0.01113903,-0.04488967,-0.08221191,0.0090573,-0.00332184,-0.00495994,-0.03149451,0.08757756,-0.00655934,0.14970452,0.01997671,-0.00832878,-0.00333345,0.07743198,0.03208229,-0.03743139,-0.11626171,0.06715234,0.08492078,-0.05361481,0.01844301,0.0178892,-0.01761282,0.02456793,0.03513534,-0.04978259,-0.04902846,-0.04333476,-0.08742329,0.02928968,0.01956855,-0.01292337,0.06628817,-0.00464166,-0.00901879,0.06897228,0.0022019,0.00833457,-0.07794026,-0.0417047,0.00777095,-0.03474673,0.01287136,-0.02947143,-0.0100288,0.00901122,-0.04653134,-0.05103891,0.02068395,-0.01908296,-0.00754638,0.04795476,0.02007977,0.04529897,0.1064069,-0.0009054,-0.00193021,0.00239956,0.01339148,0.02796889,-0.05846869,-0.05841228,-0.03229629,-0.0388353,0.08892477,0.04519502,0.00336075,0.03609123,-0.01003511,0.01194655,-0.01913187,0.06392556,-0.02510873,-0.02332924,0.03721498,-0.02120975,-0.02469822,0.09310861,0.02478715,-0.28692788,0.01171711,0.00152919,-0.00982266,-0.01423085,0.01321791,-0.01188581,-0.0404009,-0.03837693,0.00169654,-0.0386756,0.03726107,0.04728656,-0.05556604,0.01146837,0.01632359,0.07932746,-0.02946425,0.07513946,-0.02937394,-0.01172547,0.01810846,0.18965149,0.02264825,0.03165575,-0.01301969,0.01456174,0.00403187,0.0678613,0.05864406,-0.02652125,0.01111947,0.09039751,-0.05614347,0.06218698,0.07884938,-0.01123215,0.02926224,-0.03763604,0.02918109,-0.01657819,-0.01271601,-0.03827469,0.02250307,0.0662991,-0.03092552,-0.08313195,-0.06727488,-0.04903238,0.00836539,-0.04734628,0.02747443,-0.01577869,-0.04178097,0.03121649,-0.02472061,0.01789297,0.00319877,-0.0207067,0.00368667,0.05215851,-0.02492991,0.08354505,0.07209212,0.0222324],"last_embed":{"tokens":219,"hash":"7d6k92"}}},"text":null,"length":0,"last_read":{"hash":"7d6k92","at":1782975297271},"key":"gpts-package/design_system.md#UI診断ディレクター デザインシステム#1. 文字数規定（最重要・絶対遵守）#1.6 バリデーション失敗時の挙動#GPTs側の対応フロー","lines":[104,123],"size":232,"outlinks":[],"class_name":"SmartBlock"},
"smart_blocks:gpts-package/design_system.md#UI診断ディレクター デザインシステム#1. 文字数規定（最重要・絶対遵守）#1.6 バリデーション失敗時の挙動#GPTs側の対応フロー#{1}": {"path":null,"last_embed":{"hash":"dszygz","at":1782975297321},"embeddings":{"TaylorAI/bge-micro-v2":{"vec":[-0.01340969,0.03867476,0.05003484,-0.04632445,0.00229805,0.04677451,-0.02029269,0.05542286,0.04275156,-0.02579507,0.00139296,-0.09327558,0.05769614,0.00176974,-0.01705641,-0.0230447,0.00783973,0.01053753,0.03501703,-0.02087151,0.13892736,-0.05793237,-0.07757287,-0.101432,0.02226026,0.06641862,-0.0113192,-0.02811113,-0.00889256,-0.18759429,-0.04603909,0.00527853,0.03583863,-0.04237446,-0.02073779,0.03523422,-0.02690946,0.0566183,-0.05762602,0.03710887,-0.02063921,0.03314306,-0.00521171,-0.01973012,0.04760985,-0.04499458,-0.07127139,-0.02326464,0.00140411,-0.05984684,-0.06571759,0.02275348,0.01456792,0.02971668,-0.03972603,-0.00717562,0.05317483,0.00858573,-0.02758833,-0.01005549,0.03230172,0.04071901,-0.23523797,0.07877522,0.03864232,0.01421493,-0.03160471,-0.01059815,0.06759676,0.02335869,-0.09917105,0.04612415,0.01926444,0.04891136,-0.0576187,0.02133875,0.00894161,-0.04546178,-0.00221403,0.00166942,0.00701052,0.01673911,-0.01943275,-0.01163301,-0.02292819,-0.03076132,0.01602518,-0.0157408,0.01411317,0.05659814,0.00597642,-0.087772,0.01981777,0.03429909,-0.06327572,0.04380251,0.01784567,0.01703076,-0.01042178,0.14516021,-0.09557901,0.00699,0.0109314,0.06691764,0.04175517,-0.008832,0.01454017,-0.0039145,-0.04618131,0.01206838,-0.00230522,-0.00665168,0.02712139,-0.02826682,-0.01024192,0.01073067,-0.02563498,-0.01954677,0.00968094,-0.02712486,-0.00799019,-0.02149192,0.02883197,0.01447519,0.02213362,0.0080926,0.02958276,0.02652226,-0.04208002,0.09712313,0.03260266,0.05462758,-0.07725565,-0.01296013,0.06630732,0.03460471,0.00430733,0.06394272,-0.01305035,0.02523458,-0.03582963,-0.04161899,-0.01053975,-0.06249737,-0.02354966,0.07670264,-0.07843115,0.0322245,0.01180488,-0.03104156,-0.01875345,0.05729933,-0.03055883,0.00477575,-0.02499317,-0.00169645,0.05569061,0.03416043,-0.02296956,0.04012867,-0.01499553,-0.00077912,-0.07360346,0.12683702,0.06310877,-0.02839004,-0.03852764,0.01985375,0.04551199,-0.06942008,-0.01097405,0.0481337,0.01954227,-0.0285094,0.0164778,0.01041413,-0.00631775,0.03815817,0.00501956,0.00159666,0.0806374,0.00072354,-0.04847509,0.00050392,-0.02733886,-0.09667879,0.01096943,-0.04612743,0.04082081,0.0086258,-0.07054257,0.04644793,-0.02013258,0.00237454,-0.00192134,-0.04078438,-0.060326,-0.02325,0.02315393,-0.04192466,0.14861165,0.01398836,0.0012631,-0.01624863,-0.02474112,0.04341145,0.0070268,-0.05489376,-0.01998921,0.0220988,-0.02064762,0.00336458,0.06468468,0.05093227,-0.0665815,0.00001807,-0.0145411,0.04650985,-0.00076662,0.06020857,0.00008878,0.02618428,-0.06373028,-0.23327197,-0.01749741,0.00786811,-0.02930569,-0.00028405,-0.04505626,-0.02608021,-0.00427818,0.0588982,0.05762136,0.11077188,0.05453857,-0.06717178,0.05783106,-0.00752943,-0.02458478,-0.00848054,0.0115101,-0.04382913,-0.08222878,0.00783185,-0.00434928,-0.00430097,-0.02986265,0.08797245,-0.00765952,0.14954522,0.02175645,-0.00528383,-0.00349208,0.07849391,0.03013105,-0.03749784,-0.11477349,0.06753671,0.0839228,-0.0522947,0.017159,0.02171095,-0.01578187,0.02341711,0.03237002,-0.05067381,-0.04894665,-0.04004433,-0.08778502,0.03013443,0.02109244,-0.01270012,0.06610879,-0.00431152,-0.01367271,0.06891436,-0.00012309,0.00989827,-0.07880136,-0.04106451,0.00692781,-0.0365039,0.01325077,-0.03111784,-0.00984661,0.0082212,-0.04657643,-0.0524841,0.01969947,-0.01852967,-0.00761216,0.0475786,0.01902735,0.0432418,0.1096856,-0.00086692,-0.00283111,-0.0017743,0.01536563,0.023952,-0.05778402,-0.06057672,-0.03110089,-0.03989506,0.08876775,0.04483142,0.00208947,0.03624426,-0.01175976,0.01050516,-0.01596242,0.06507184,-0.02432721,-0.02255729,0.03867649,-0.02208959,-0.02236678,0.09609316,0.02514526,-0.28677946,0.01176941,0.00203726,-0.01140524,-0.01636622,0.01572706,-0.01139361,-0.03928314,-0.03937459,-0.00026107,-0.0374724,0.03488142,0.04864012,-0.05270848,0.01215948,0.01753136,0.07895729,-0.02862727,0.07570305,-0.02833219,-0.01455621,0.01759039,0.18989368,0.02262504,0.03259221,-0.01029507,0.01032532,0.0065742,0.06771248,0.05697365,-0.02467112,0.01168646,0.08855805,-0.05750005,0.06248471,0.0790806,-0.01130933,0.02785555,-0.03851581,0.02775386,-0.01579364,-0.01238533,-0.03967996,0.02163954,0.06683309,-0.03034979,-0.08101738,-0.06752061,-0.050777,0.00890023,-0.04901419,0.02995233,-0.01617741,-0.04038433,0.03220659,-0.0254749,0.01720059,0.00085819,-0.01820561,0.00220786,0.05134541,-0.02315326,0.0833184,0.07454488,0.02449071],"last_embed":{"tokens":216,"hash":"dszygz"}}},"text":null,"length":0,"last_read":{"hash":"dszygz","at":1782975297321},"key":"gpts-package/design_system.md#UI診断ディレクター デザインシステム#1. 文字数規定（最重要・絶対遵守）#1.6 バリデーション失敗時の挙動#GPTs側の対応フロー#{1}","lines":[106,123],"size":214,"outlinks":[],"class_name":"SmartBlock"},
"smart_blocks:gpts-package/design_system.md#UI診断ディレクター デザインシステム#2. タイポグラフィ規定": {"path":null,"last_embed":{"hash":"pe5esd","at":1782975297370},"embeddings":{"TaylorAI/bge-micro-v2":{"vec":[-0.01757875,0.03302768,0.04157519,-0.05994616,0.0188993,0.02425036,-0.08615178,0.01906687,0.05088737,-0.02517547,-0.02802292,-0.05964866,0.05498035,0.03836428,-0.02157655,-0.02960233,0.03377777,0.02001732,-0.01599157,0.0018966,0.12598595,-0.00751634,-0.01135545,-0.08383447,0.02360149,0.01455249,-0.02341084,-0.02966028,-0.03589091,-0.16574597,-0.04001626,0.03378071,0.06376012,-0.00592567,-0.00661111,0.02658143,-0.03600218,0.0646121,-0.03191969,0.02417432,-0.04578985,0.02165412,-0.01676479,-0.00809475,0.0440903,-0.05785356,-0.05192766,-0.04698964,-0.00694818,-0.04567579,-0.06520145,0.03941637,0.010787,-0.00776532,-0.00013442,0.03671278,0.06687601,0.01000445,0.02390112,0.0068931,0.01818447,0.02727024,-0.22728027,0.05353169,0.01673375,0.00056916,-0.03678522,-0.01207901,0.0689498,0.0018003,-0.0774864,-0.00415423,0.00412142,0.0678857,-0.02732433,-0.01694791,0.0063828,-0.06780072,-0.02077514,-0.05426122,-0.00779506,0.02290281,-0.02129721,-0.04106908,0.0147134,-0.00401656,0.00948321,-0.01032209,-0.02946473,0.02842559,-0.01161186,-0.07583776,0.05429348,0.03093752,-0.07438179,0.00265467,-0.02772408,0.02396039,-0.04486023,0.10926855,-0.02713594,-0.02449876,0.04661866,0.02268839,0.07594796,0.02569418,-0.00075074,-0.02959176,-0.06852318,0.03015434,-0.03396656,0.00734297,0.04771912,-0.01996446,0.00270484,0.00428074,-0.02196093,-0.00120853,0.05140297,-0.01871396,0.00602286,-0.02021192,0.02572119,-0.00843384,-0.01735689,0.00893539,-0.00851571,0.00809969,-0.01618512,0.07011137,-0.01496376,0.07012989,-0.02038687,-0.00549412,0.00905978,0.03052026,-0.0399387,0.05008931,0.00780227,-0.0224807,-0.04126869,-0.06219911,0.00784679,-0.06333499,-0.03080368,0.04590622,-0.06248685,0.05176841,-0.00334827,0.00856574,-0.01327739,0.05193391,-0.03798549,-0.03723854,-0.03670024,-0.01927065,0.06051604,0.10665079,-0.01699132,0.0004523,0.00030449,-0.03232668,-0.05741079,0.1167642,0.04492267,-0.02892041,-0.03474631,0.03932917,0.02912647,-0.01933556,0.01265119,0.08295481,0.040293,0.00575601,0.08125564,-0.00682357,0.03067309,0.03300478,0.00410567,0.02145809,0.04224912,-0.01589887,-0.04495134,0.00420078,0.01719537,-0.10807914,0.00203745,-0.07716483,0.03202828,-0.01845302,-0.05316767,0.02954195,0.02884181,0.00005966,-0.00923681,-0.03476383,-0.0654669,0.00631126,0.02168213,-0.0577122,0.15913042,0.00852176,-0.04568384,-0.07407382,0.00072489,0.03338846,0.02609731,-0.03164857,-0.03216635,-0.0066313,-0.03221201,0.00935178,0.08888622,0.04600435,0.03417763,-0.02170898,-0.02344321,0.08386811,0.02661661,0.01787767,0.00422215,-0.01610327,-0.08707583,-0.24749455,-0.00858788,0.01455486,-0.04264623,-0.00770415,-0.03317437,0.05418099,-0.03565541,0.08945693,0.04564242,0.11658313,0.05141701,-0.06729992,0.03079696,-0.01357307,0.04071175,0.0178699,0.00180031,-0.01877592,-0.06356885,0.02036111,0.04125302,0.00514841,-0.0253069,0.04841928,0.01027727,0.13861932,0.01287472,-0.017442,-0.0172794,0.06339469,0.07229973,-0.020693,-0.07705757,0.10442916,0.07779119,-0.00797767,0.01883991,0.00855639,-0.02696834,0.02134833,0.0807437,-0.00751498,-0.05524665,-0.01236748,-0.08559542,-0.00490292,-0.03582695,-0.05393125,0.04669506,-0.02300316,0.05761289,0.04618418,0.04068341,0.02144725,-0.01749559,-0.08915692,-0.03698811,-0.02189561,0.05012917,-0.01027325,-0.01358804,0.00338221,-0.05601041,-0.03566388,0.02829892,0.012654,0.0151102,0.04984862,0.00321705,0.04045765,0.0441244,0.01113388,0.01441934,0.04183321,0.03165117,0.01875454,-0.00790323,-0.04417517,-0.01808163,-0.03277598,0.06443926,0.04956294,-0.03177685,0.03574844,0.03995186,-0.0055022,-0.02388918,0.08471171,-0.03630365,-0.06028278,0.02622757,0.00968538,-0.01922183,0.09429608,0.00374813,-0.33127257,0.00449037,-0.01011972,0.01336079,-0.00545761,0.01109552,-0.05759684,-0.04822448,-0.07502519,0.00699187,-0.0807335,0.05199641,0.00501386,-0.04491177,-0.00518337,-0.03799318,0.07345898,-0.01533757,0.05483554,-0.05033686,-0.05975881,0.01719116,0.18432134,-0.01471891,-0.02009658,-0.05810159,0.0312163,0.00601683,0.04501743,0.08192234,-0.02176436,0.02530727,0.12841173,-0.05192148,0.02546629,0.06724226,-0.00366323,0.05671792,-0.05141443,0.00166765,-0.06681363,0.0757945,-0.03581339,0.00172554,0.07935453,-0.03257233,-0.02761646,-0.0169536,0.02102352,-0.00857059,-0.02849896,0.0340803,-0.03357929,-0.03565494,0.0454652,-0.00957125,-0.02006688,-0.01407639,-0.03491544,0.02455344,0.02195312,-0.008011,0.01740909,0.04827178,0.0338176],"last_embed":{"tokens":498,"hash":"pe5esd"}}},"text":null,"length":0,"last_read":{"hash":"pe5esd","at":1782975297370},"key":"gpts-package/design_system.md#UI診断ディレクター デザインシステム#2. タイポグラフィ規定","lines":[124,155],"size":746,"outlinks":[],"class_name":"SmartBlock"},
"smart_blocks:gpts-package/design_system.md#UI診断ディレクター デザインシステム#2. タイポグラフィ規定#2.1 フォント": {"path":null,"last_embed":{"hash":"13kxz3r","at":1782975297510},"embeddings":{"TaylorAI/bge-micro-v2":{"vec":[-0.02772678,0.03882774,0.06084783,-0.04546306,0.002616,0.02596655,-0.06386815,0.01567051,0.03213864,-0.02129531,-0.03606681,-0.06537236,0.05844144,0.03524224,-0.00194573,-0.02122423,0.02768073,0.02969669,-0.0136492,-0.00198347,0.12078974,-0.00573004,-0.02518527,-0.08975847,0.02161979,0.02682546,-0.02032412,-0.01984719,-0.01873215,-0.16174562,-0.03736456,0.01074771,0.03362362,-0.00719175,-0.01797929,0.02456933,-0.03435468,0.06272888,-0.04356514,0.04375936,-0.03509259,0.02118137,-0.03702851,-0.03484058,0.06396268,-0.06140964,-0.03999281,-0.0494475,-0.006082,-0.03591311,-0.07525373,0.04742945,-0.00264286,-0.00064714,-0.02201091,0.04431765,0.07404753,0.01440195,0.03337924,0.01821907,0.02504175,0.01363605,-0.21495843,0.05124025,0.00565022,0.00770634,-0.04063802,-0.02832964,0.06516147,0.01452111,-0.07886031,-0.0079361,0.01119369,0.0556045,-0.0232024,-0.00982779,-0.00040372,-0.05897361,-0.02504499,-0.04757639,-0.00726176,0.02480737,-0.01644869,-0.04483991,-0.00655276,0.0084517,-0.00691231,0.01127052,-0.02669515,0.01532007,-0.00437164,-0.08824712,0.04550668,0.0235466,-0.05937481,0.01807919,-0.02530313,0.03364116,-0.02510564,0.12858757,-0.05523833,-0.01462224,0.03146163,0.03673333,0.05849529,0.025349,-0.01470135,-0.02986642,-0.06870566,0.03680001,-0.00424595,0.00546658,0.05077219,-0.0173921,0.02633731,-0.01750517,-0.01431463,-0.00055771,0.05097406,-0.00065179,0.02354305,-0.00784199,0.04347282,-0.00980486,-0.00164476,0.0105292,-0.00821429,0.00825917,-0.01033347,0.06624252,-0.01932892,0.07378899,-0.00764873,0.00783438,0.02373582,0.02385847,-0.02976743,0.04952587,0.00329656,-0.04291648,-0.03833029,-0.05015673,0.01502276,-0.08141576,-0.0163006,0.05234332,-0.06404636,0.05382334,-0.00256989,-0.00350813,-0.02021844,0.04961544,-0.05886291,-0.03312919,-0.04074783,-0.0179087,0.05735588,0.10990948,-0.00141129,0.01043858,-0.00320691,-0.0393425,-0.05165053,0.11657569,0.04554103,-0.02885905,-0.04460831,0.02318991,0.00479516,-0.00777265,0.00297552,0.07127906,0.02858784,-0.01191417,0.07539365,0.00134664,-0.01728735,0.02779673,-0.02635219,0.01267784,0.04120301,-0.01193209,-0.05362644,-0.02022844,0.0052417,-0.12475442,0.01177901,-0.08919345,0.01989648,0.01387248,-0.06418293,0.03396525,0.02624399,-0.01299998,-0.00684061,-0.01597823,-0.06156493,0.00160907,0.01661557,-0.05292385,0.14652926,0.0217137,-0.04279698,-0.05851127,-0.02595751,0.0230388,-0.00418585,-0.03134285,-0.01635443,0.00166621,-0.01966577,-0.01144871,0.08754032,0.05225308,0.03149295,-0.0076749,-0.03124326,0.07986019,0.02768772,0.03010458,0.0142744,0.01399621,-0.09632608,-0.26472569,-0.00090539,-0.01453673,-0.04136134,-0.00127456,-0.04194896,0.04539323,-0.03042272,0.05917795,0.03507808,0.13834108,0.06704449,-0.04884992,0.03892281,-0.01637086,0.03613589,0.01233305,-0.01487009,-0.02152959,-0.08852462,0.00177437,0.02136789,0.00523709,-0.04389869,0.06973758,0.0045758,0.13892502,0.02161335,0.00882618,-0.02037244,0.07618979,0.07336032,-0.04534697,-0.10557543,0.09928048,0.08671421,0.00663943,0.01293009,0.02218098,-0.03348158,0.02535771,0.08379597,-0.01199791,-0.07148796,-0.00348926,-0.07471423,0.01875115,0.01256464,-0.03725948,0.03976895,-0.01307621,0.06082062,0.05497899,0.04975957,0.00463095,-0.0273004,-0.06523408,-0.00272261,-0.01342251,0.04944966,-0.01102811,-0.01552566,0.01055406,-0.05853918,-0.02819377,0.01128179,0.01482894,-0.00162385,0.06214825,0.01281933,0.02849237,0.05012104,0.00356856,0.00012436,0.02347673,0.03765199,0.03873661,-0.02135902,-0.05697782,0.00463029,-0.03227485,0.04771169,0.0496807,-0.01639785,0.03004024,0.04404088,-0.01735678,-0.02702858,0.07994311,-0.04923899,-0.04585988,0.0289666,-0.0072496,-0.03667187,0.1004419,0.00259932,-0.31601465,0.01800293,0.00581294,0.01011707,-0.02719914,0.0121,-0.06580296,-0.05155575,-0.06894198,-0.01253976,-0.06154556,0.04878972,0.02289261,-0.03335108,-0.00373084,-0.02050696,0.08103105,-0.00760769,0.07261084,-0.0358895,-0.05274791,0.02857091,0.20450947,-0.00489157,-0.00066882,-0.04181225,0.0161817,-0.00074589,0.04318501,0.07115509,-0.03034164,0.00850749,0.10362271,-0.0472827,0.03759978,0.04813268,-0.01243351,0.06468307,-0.02974062,0.01121762,-0.07731275,0.08145668,-0.06081337,-0.02327249,0.07146034,-0.06123816,-0.0315208,-0.01852577,0.00004875,0.00687992,-0.00777563,0.03747453,-0.02464449,-0.02577774,0.03149484,-0.01334843,-0.02416265,-0.01837888,-0.05204803,0.0282953,0.03059101,0.00598977,0.03115474,0.02828715,0.04088729],"last_embed":{"tokens":167,"hash":"13kxz3r"}}},"text":null,"length":0,"last_read":{"hash":"13kxz3r","at":1782975297510},"key":"gpts-package/design_system.md#UI診断ディレクター デザインシステム#2. タイポグラフィ規定#2.1 フォント","lines":[126,133],"size":218,"outlinks":[],"class_name":"SmartBlock"},
"smart_blocks:gpts-package/design_system.md#UI診断ディレクター デザインシステム#2. タイポグラフィ規定#2.1 フォント#{1}": {"path":null,"last_embed":{"hash":"d4raty","at":1782975297553},"embeddings":{"TaylorAI/bge-micro-v2":{"vec":[-0.02939729,0.03911848,0.0590912,-0.0452986,0.00443755,0.02739554,-0.06907588,0.01140388,0.03009987,-0.02037668,-0.03260906,-0.06426691,0.05790083,0.03486396,0.00147153,-0.01933642,0.03224261,0.02992401,-0.01852734,0.00006568,0.11480775,-0.00180534,-0.02464108,-0.09148426,0.01803607,0.02334753,-0.02459611,-0.0196864,-0.02074324,-0.16075766,-0.03427828,0.00557409,0.03451762,-0.003627,-0.01752401,0.02054011,-0.02823816,0.06086637,-0.04085257,0.04297112,-0.03521096,0.02368577,-0.03744069,-0.03440638,0.06677745,-0.06118034,-0.03808618,-0.05049826,-0.00442952,-0.03833371,-0.0728325,0.04854191,0.00279052,-0.00135214,-0.02192109,0.04581393,0.07486743,0.01153457,0.0352372,0.02296788,0.02530289,0.00952959,-0.21524981,0.04932986,0.00308884,0.01022492,-0.04439447,-0.032783,0.06374571,0.01426996,-0.0800364,-0.01060678,0.00908049,0.05465011,-0.02600266,-0.01109672,-0.0020345,-0.05818942,-0.02316025,-0.04609784,-0.00341002,0.02826704,-0.01385383,-0.05014589,-0.00576956,0.01230243,-0.00745768,0.0098603,-0.02594654,0.0096235,-0.00501466,-0.0903919,0.04352019,0.02440156,-0.0557103,0.01666183,-0.0265329,0.03451264,-0.0224736,0.12837845,-0.05613863,-0.01474237,0.03096023,0.03669827,0.05634783,0.02679838,-0.01764618,-0.03063886,-0.06661567,0.03923529,-0.00136809,0.00348812,0.04762035,-0.02029273,0.02839609,-0.01634766,-0.01448152,-0.00076218,0.04937131,-0.00176934,0.02405437,-0.0081713,0.04788655,-0.01506574,-0.00488476,0.00881097,-0.00898189,0.00844933,-0.01038023,0.06445398,-0.02075912,0.07594609,-0.00405249,0.00373338,0.02675044,0.0266552,-0.02784688,0.05238597,0.0042486,-0.0405263,-0.04022033,-0.05391137,0.01814226,-0.07940678,-0.01385988,0.05174384,-0.06074776,0.05552242,-0.00341664,-0.00305346,-0.01747214,0.04679526,-0.06138681,-0.03697289,-0.04108799,-0.01760586,0.05788142,0.10740025,0.00345544,0.00997321,-0.00463765,-0.0393739,-0.05353471,0.11863473,0.04653385,-0.02737161,-0.04204307,0.02647541,0.00718777,-0.00786513,0.00389411,0.07190809,0.03200585,-0.01047943,0.07701726,0.00141717,-0.02138971,0.02467872,-0.02344047,0.01511684,0.03761282,-0.01057494,-0.0515496,-0.01764412,0.01086201,-0.12299688,0.0088315,-0.08889156,0.01907368,0.0172007,-0.06526878,0.03147527,0.02578101,-0.0127813,-0.00495092,-0.01373062,-0.06402784,0.0033561,0.01915875,-0.0529511,0.14847732,0.02348878,-0.04044147,-0.0611787,-0.02463728,0.02312139,-0.00171476,-0.02896887,-0.02119679,-0.00008189,-0.02035349,-0.01457745,0.08531146,0.05228136,0.03549779,-0.0071679,-0.03588299,0.07842609,0.03261087,0.03004008,0.01152199,0.0114761,-0.09862669,-0.2650905,-0.00297378,-0.01176725,-0.04524288,-0.00284297,-0.04182969,0.04583842,-0.02920702,0.05858106,0.03283167,0.14021993,0.06614323,-0.04660938,0.03615908,-0.01308865,0.0386511,0.0111263,-0.01000602,-0.02229305,-0.0859128,0.00750691,0.0211389,0.00508581,-0.04667814,0.07292186,0.00956587,0.14093989,0.02264499,0.01209565,-0.01943116,0.07678751,0.07535551,-0.04606583,-0.10639909,0.10164854,0.08552123,0.00815102,0.01073373,0.02074262,-0.03467549,0.02131503,0.08393448,-0.01355787,-0.07201397,-0.00519037,-0.07008156,0.01915894,0.00871699,-0.03912199,0.03769287,-0.01442895,0.06178639,0.05290611,0.0532793,0.00741057,-0.02805862,-0.06722987,-0.005281,-0.01537406,0.04381226,-0.00379906,-0.01591784,0.00841382,-0.05633562,-0.02562172,0.01185758,0.01505739,-0.00337859,0.0604038,0.01332463,0.0303017,0.04769364,0.00538619,-0.00310662,0.0235623,0.0391666,0.04055635,-0.01963385,-0.05660458,0.00658948,-0.03744195,0.04376245,0.05177948,-0.01349616,0.02700797,0.0435858,-0.02162032,-0.02735813,0.07866205,-0.05377076,-0.04541562,0.03064912,-0.00795972,-0.03378271,0.09913336,0.00438923,-0.31404799,0.01738225,0.00577122,0.00930555,-0.02767123,0.01060054,-0.06500528,-0.05588019,-0.06804367,-0.01618819,-0.06232318,0.05181461,0.02209463,-0.02997951,-0.00582414,-0.02180557,0.07783516,-0.00415258,0.07357278,-0.03535823,-0.04907972,0.02800241,0.20413867,-0.0043283,-0.00230554,-0.0449248,0.01684504,-0.00234057,0.04368722,0.06959491,-0.03210724,0.00614235,0.10348264,-0.04602297,0.03995771,0.05047188,-0.00909822,0.06149092,-0.02820751,0.01314315,-0.08041357,0.08209811,-0.05837685,-0.02625819,0.07139838,-0.05941833,-0.03340468,-0.01743142,0.00186244,0.00752281,-0.01116677,0.03988752,-0.02452195,-0.02621582,0.03042305,-0.01596884,-0.02550255,-0.02238536,-0.0499738,0.02427898,0.0354835,0.00701837,0.02988663,0.02696941,0.03842271],"last_embed":{"tokens":165,"hash":"d4raty"}}},"text":null,"length":0,"last_read":{"hash":"d4raty","at":1782975297553},"key":"gpts-package/design_system.md#UI診断ディレクター デザインシステム#2. タイポグラフィ規定#2.1 フォント#{1}","lines":[128,133],"size":204,"outlinks":[],"class_name":"SmartBlock"},
"smart_blocks:gpts-package/design_system.md#UI診断ディレクター デザインシステム#2. タイポグラフィ規定#2.2 タイポスケール": {"path":null,"last_embed":{"hash":"t5tj0x","at":1782975297593},"embeddings":{"TaylorAI/bge-micro-v2":{"vec":[-0.00787542,0.0159873,0.040148,-0.03989423,0.00601448,0.04697702,-0.07315472,0.04749308,0.05516789,-0.01538688,-0.01752554,-0.06400453,0.06984434,0.0278221,-0.04258211,-0.03182822,0.0063579,0.00577164,-0.00167413,-0.02574581,0.15379803,-0.06124751,-0.02743363,-0.08502259,0.03628759,0.07942152,-0.02112509,-0.04029301,-0.01830452,-0.18630308,-0.05212394,0.05277012,0.04962489,-0.00983094,-0.02828453,0.03898701,-0.0365088,0.0945642,-0.04725771,0.03445343,-0.03315206,0.02405215,-0.01132017,-0.02192804,0.01510132,-0.04906072,-0.07175639,-0.02476276,-0.00419582,-0.04682893,-0.07588214,0.04517483,-0.00093874,0.0190855,-0.03386974,0.00671961,0.04971425,0.01797718,-0.01667611,-0.00679023,0.0436155,-0.00301049,-0.22507124,0.06951512,0.01788698,-0.00289166,-0.03082569,-0.01819083,0.07163221,0.04748578,-0.07576052,0.0251697,-0.00806703,0.0377085,-0.02391633,-0.00162771,-0.01229622,-0.03667335,-0.01277953,-0.03699145,-0.03088558,0.00740457,-0.02301995,-0.01048259,-0.01559661,-0.02560551,0.00423885,-0.01002224,0.01251778,0.05867684,0.00639818,-0.06171743,0.04063943,0.04958291,-0.10672119,0.01828144,-0.0101424,0.03038723,-0.04845176,0.14169604,-0.04069457,-0.01490522,0.03191254,0.04716203,0.04718108,-0.00363089,0.01870923,-0.01216403,-0.0549227,0.03369768,-0.04026895,0.005567,0.01723907,-0.02418846,0.00842891,0.01077981,-0.01830969,-0.00127973,0.03218354,-0.03077717,-0.02161787,0.01415754,-0.00470199,-0.00919286,0.02734526,-0.01788523,0.00756803,-0.01188678,0.00924167,0.08527047,0.01552514,0.06847329,-0.03640079,0.00268419,0.02891089,0.04371437,-0.0260236,0.06323213,0.00242424,0.03184967,-0.00017929,-0.05054446,-0.00353503,-0.05174974,-0.00964024,0.10721787,-0.08597024,0.02718378,-0.01529152,0.00048591,-0.00192927,0.06419092,-0.02647068,-0.03445959,-0.0236791,-0.00335086,0.05840998,0.0818296,-0.01420109,-0.01242051,-0.02268646,-0.0060714,-0.07947296,0.10453589,0.06270684,-0.03732724,-0.06657784,0.0213991,0.04221934,-0.03159739,0.00235901,0.04238414,-0.007619,-0.01250583,0.07716063,-0.01783084,0.02891599,0.04086253,-0.00066882,0.02674595,0.07512262,-0.00149257,-0.04860675,0.00744172,0.01925655,-0.08505896,-0.00295201,-0.02799789,0.03164489,-0.02997791,-0.07754853,0.02750202,-0.01132597,0.00500471,-0.03828349,-0.05247302,-0.04909007,-0.00041415,0.01006358,-0.03984164,0.13308613,0.01579854,-0.04677605,-0.06508189,-0.00591617,0.00127819,0.01867678,-0.0406714,-0.04280297,0.0099395,-0.00742697,-0.01814817,0.06672482,0.0258843,-0.00176756,-0.0170625,-0.01539886,0.07477886,0.01157162,0.03443587,0.01474243,0.01990211,-0.06100148,-0.25211093,-0.01365963,0.02212005,-0.03369506,0.00710161,-0.0639021,0.02559463,-0.00513679,0.08317782,0.05735268,0.11425344,0.03592614,-0.08469943,0.04101928,-0.02207615,0.00895222,-0.00885784,0.0091458,-0.01201031,-0.04182684,0.02808453,0.02459613,0.00490622,-0.00836429,0.0732618,-0.00673291,0.13349824,0.01108369,-0.03728529,-0.01392187,0.06606003,0.05819199,-0.01605189,-0.08174327,0.08229169,0.0699558,-0.03083671,0.04503851,0.01693562,-0.04672681,-0.00689847,0.06762831,-0.04412844,-0.04542866,0.00764381,-0.07706056,-0.00455467,-0.03529247,-0.0407283,0.05448964,-0.01769162,-0.00247239,0.09066025,0.01710458,0.03810081,-0.01323529,-0.07855473,-0.01482015,-0.0157182,0.0260678,-0.04688666,-0.01671617,0.02259943,-0.06901339,-0.05839811,0.04187191,0.01788001,-0.00893922,0.00482951,0.05386289,0.05873869,0.06380827,0.01090933,0.02911792,0.0261675,0.00109548,0.00150841,-0.02294966,-0.05570397,-0.05143597,-0.07359146,0.05394554,0.05554995,-0.00624985,0.03610931,0.03651319,0.01929071,-0.04985816,0.04906938,-0.0178094,-0.03134824,0.04188679,-0.00532223,0.00540595,0.08552227,-0.00687769,-0.30956277,0.02303816,-0.00440884,0.0072746,0.01545885,0.03266088,-0.02926969,-0.04834829,-0.06167479,0.01412799,-0.0630618,0.03821394,0.03847522,-0.02134149,-0.00139203,0.01932042,0.09558279,-0.03182124,0.05385052,-0.05763459,0.00538489,0.02933014,0.19021286,0.0087499,0.00687611,-0.05612145,0.00594566,0.00899255,0.08248814,0.04756392,-0.04289042,0.00730558,0.11177045,-0.0465105,0.03985255,0.08527055,-0.03740992,0.0445529,-0.036325,0.02151989,-0.03177352,0.03107988,-0.0260763,0.04464188,0.06663992,-0.03771582,-0.06145476,-0.04505393,0.01771354,-0.00909294,-0.02668967,0.01422243,-0.04413274,-0.03474635,0.04830121,-0.01475938,-0.00345201,-0.02431756,-0.04874118,0.00936867,0.02627515,-0.00687046,0.06319057,0.04863063,0.03208841],"last_embed":{"tokens":222,"hash":"t5tj0x"}}},"text":null,"length":0,"last_read":{"hash":"t5tj0x","at":1782975297593},"key":"gpts-package/design_system.md#UI診断ディレクター デザインシステム#2. タイポグラフィ規定#2.2 タイポスケール","lines":[134,143],"size":261,"outlinks":[],"class_name":"SmartBlock"},
"smart_blocks:gpts-package/design_system.md#UI診断ディレクター デザインシステム#2. タイポグラフィ規定#2.2 タイポスケール#{1}": {"path":null,"last_embed":{"hash":"1sv8cqf","at":1782975297643},"embeddings":{"TaylorAI/bge-micro-v2":{"vec":[-0.0100145,0.01420102,0.03986236,-0.0382225,0.00758854,0.04695048,-0.07895868,0.04725538,0.05494553,-0.01327216,-0.01808321,-0.06426363,0.07131373,0.03040468,-0.04000772,-0.03173129,0.00730957,0.0084314,-0.00122719,-0.02669014,0.15095867,-0.05888852,-0.0229823,-0.08376376,0.02932596,0.07851912,-0.02313171,-0.03894164,-0.01918514,-0.18696766,-0.05192312,0.04909758,0.04692062,-0.00554764,-0.02607375,0.03875474,-0.03387041,0.0966834,-0.04754433,0.03437919,-0.03161686,0.0229348,-0.01073224,-0.02305776,0.01628125,-0.05020162,-0.06795453,-0.02342153,-0.00349522,-0.04832857,-0.07552168,0.04353194,0.00399977,0.0190843,-0.03400481,0.0048784,0.04982881,0.01703551,-0.02064165,-0.00798036,0.04780137,-0.0030125,-0.2230961,0.06709737,0.01404433,0.00260274,-0.03626584,-0.01985727,0.06937788,0.04500509,-0.07389285,0.02296268,-0.0084406,0.03690698,-0.02252079,-0.0070463,-0.01432015,-0.03776933,-0.01161059,-0.03759876,-0.02835208,0.00896228,-0.02180259,-0.01362992,-0.01365313,-0.02458677,0.00409062,-0.00583254,0.01583909,0.05989306,0.00818113,-0.06219191,0.04024344,0.04906525,-0.10577586,0.01597541,-0.01016028,0.0293881,-0.04326648,0.1412874,-0.03740467,-0.01747578,0.03220759,0.04632498,0.04869726,-0.00355678,0.01581995,-0.01107601,-0.0527464,0.0334044,-0.04136307,0.00707488,0.01432528,-0.02229289,0.00760449,0.00781381,-0.01887879,-0.00203345,0.0288252,-0.02705347,-0.0210826,0.0136856,-0.0005706,-0.01242982,0.02641685,-0.01889495,0.00941668,-0.01495313,0.0103487,0.08321653,0.0122001,0.0707101,-0.03899833,-0.00015624,0.02826116,0.04677172,-0.02678353,0.06746604,0.00271327,0.03210608,0.00092667,-0.05304396,0.00043187,-0.05140323,-0.0112968,0.10637102,-0.08283111,0.02826186,-0.01621319,0.00399929,-0.00004052,0.06583906,-0.02328596,-0.03757988,-0.01940918,-0.00634528,0.05845277,0.08003751,-0.01352558,-0.01446909,-0.02036969,-0.00883942,-0.078183,0.10654136,0.0650699,-0.03619064,-0.06177061,0.02104634,0.04753547,-0.03261732,0.00566929,0.0408341,-0.01115009,-0.01212042,0.07987244,-0.01715515,0.02925834,0.03888185,-0.00191943,0.03149842,0.07519525,0.00052325,-0.04921291,0.0084459,0.02196705,-0.08264623,-0.00894755,-0.02797019,0.02628185,-0.02548873,-0.07777996,0.02719834,-0.01446193,0.00233291,-0.0347378,-0.05193356,-0.04805966,0.00262076,0.00916352,-0.03899714,0.13660997,0.01719716,-0.04687556,-0.0703523,-0.00472646,0.00130724,0.0243257,-0.03910242,-0.04991381,0.00749013,-0.00645436,-0.01846602,0.06497088,0.02583944,-0.00043656,-0.01558476,-0.01556352,0.07309747,0.01447898,0.03731303,0.01443027,0.01984372,-0.05947422,-0.25028548,-0.01188707,0.02294799,-0.03438181,0.0064436,-0.06363152,0.02823152,-0.00411399,0.08520713,0.06366853,0.11585253,0.03095156,-0.08295728,0.03578709,-0.02303175,0.01252434,-0.00678564,0.01109271,-0.01057576,-0.04678448,0.03271678,0.02494381,0.0028042,-0.01069182,0.07677554,-0.00130246,0.13314767,0.00998465,-0.03414302,-0.01500342,0.06967743,0.055673,-0.01942164,-0.08207757,0.08487565,0.06771628,-0.0296388,0.04440136,0.01826031,-0.04925321,-0.01201673,0.06707809,-0.04629913,-0.04508913,0.00960165,-0.07698556,-0.00102771,-0.03943438,-0.03809319,0.05197088,-0.02090591,-0.00009206,0.09232605,0.01403611,0.04139097,-0.01318942,-0.0796085,-0.01740718,-0.01809985,0.02105941,-0.04683263,-0.01902484,0.01813412,-0.06700138,-0.06347348,0.04087061,0.01644345,-0.00869653,0.00433866,0.05432487,0.05813475,0.0614632,0.00855052,0.02654973,0.02691456,0.00310743,0.00238051,-0.02399006,-0.05428503,-0.05215545,-0.07727741,0.05132768,0.05700966,-0.00331035,0.03376867,0.03473165,0.01605457,-0.05244577,0.04610013,-0.02177874,-0.03385781,0.04394877,-0.00446796,0.00926944,0.08042429,-0.00379775,-0.30926624,0.02123467,-0.00621217,0.00804294,0.01563301,0.03270715,-0.02916684,-0.04846049,-0.06153797,0.01213731,-0.06333039,0.03872667,0.04119159,-0.0189237,-0.00880231,0.01797332,0.09442738,-0.03412834,0.05434061,-0.06069381,0.00872293,0.02816459,0.19193031,0.0092276,0.00390109,-0.05845677,0.00781969,0.01149739,0.08316694,0.04812001,-0.04598453,0.00858328,0.10924803,-0.04820178,0.04310196,0.08717505,-0.03655781,0.0395506,-0.03728302,0.02460549,-0.03189002,0.02843054,-0.02862597,0.04350765,0.06921333,-0.03820393,-0.06247386,-0.04653062,0.01913673,-0.00696791,-0.02758475,0.01342192,-0.04443274,-0.03359364,0.04742803,-0.01180872,0.00016092,-0.02446407,-0.04859198,0.01106059,0.0260174,-0.00586003,0.06296632,0.04854484,0.03102131],"last_embed":{"tokens":220,"hash":"1sv8cqf"}}},"text":null,"length":0,"last_read":{"hash":"1sv8cqf","at":1782975297643},"key":"gpts-package/design_system.md#UI診断ディレクター デザインシステム#2. タイポグラフィ規定#2.2 タイポスケール#{1}","lines":[136,143],"size":244,"outlinks":[],"class_name":"SmartBlock"},
"smart_blocks:gpts-package/design_system.md#UI診断ディレクター デザインシステム#2. タイポグラフィ規定#2.3 太さ・色のメリハリ": {"path":null,"last_embed":{"hash":"18lex80","at":1782975297688},"embeddings":{"TaylorAI/bge-micro-v2":{"vec":[-0.01864594,0.02477114,0.01602609,-0.05802333,0.0411605,0.02978315,-0.05588945,0.04953985,0.02617159,-0.02205124,-0.01281172,-0.07771035,0.03763169,0.03134862,-0.02704998,-0.01860112,0.01137967,0.01056331,-0.00836897,0.00018596,0.13768509,-0.04088628,-0.03690029,-0.08588077,0.03248024,0.02562791,-0.03128271,-0.04615498,-0.02341484,-0.17632087,-0.05062315,0.05113532,0.05664948,-0.01813926,-0.01823265,0.00901975,-0.03243636,0.06857346,-0.03340783,0.0135231,-0.02672412,0.01670947,0.01160447,-0.00618676,-0.00298668,-0.03722952,-0.07824585,0.00026733,0.01633876,-0.06838765,-0.03121212,0.03670573,-0.00265028,0.00664764,0.00798133,0.01309208,0.05406547,0.01073408,0.00044632,-0.00889357,0.02327175,0.01313571,-0.23727748,0.05977173,0.03395441,0.00087722,-0.00677534,0.0123032,0.06375913,0.02227266,-0.07222594,0.01221616,0.01073666,0.07718821,-0.05123045,-0.00181779,0.0169061,-0.0630491,-0.01829513,-0.03194503,0.00333104,0.01226616,-0.03567332,-0.03449827,0.02220479,-0.03803528,-0.00974116,-0.01278169,-0.00481195,0.06168873,-0.01185273,-0.07204842,0.08146222,0.03607301,-0.11182778,0.04134595,-0.00985887,0.02403104,-0.04623801,0.13314544,-0.0245068,-0.01842717,0.03860094,0.02299592,0.08043951,-0.00047011,0.02812127,-0.00291576,-0.03925755,0.01847801,-0.06025623,0.01782485,0.02821244,-0.02234485,-0.02059334,0.01706368,-0.02448253,-0.00280143,0.02884143,-0.06497036,-0.02016219,-0.02142855,0.00987312,-0.01480452,0.00206108,-0.00660366,0.01402853,0.00424544,-0.03733214,0.0937673,-0.01251656,0.03368282,-0.06603111,-0.01038327,0.02192363,0.04014335,-0.00046073,0.05068713,0.00004501,0.02912333,-0.03170061,-0.03381442,-0.01490804,-0.06090979,-0.00481261,0.05070575,-0.0748327,0.03293795,0.00974623,0.00549194,0.00229909,0.04707859,0.00516121,-0.01749145,-0.02698506,0.00345141,0.0648775,0.07913953,-0.01746037,-0.0057067,-0.01348876,0.00057386,-0.077301,0.11474796,0.04077094,-0.04409752,-0.04625173,0.00931631,0.05669248,-0.03098275,-0.0056245,0.07887036,0.04757401,0.00519844,0.08392594,0.00678548,0.0438895,0.02662911,0.01290594,0.00889635,0.06514994,-0.03611039,-0.0419914,0.00156371,0.02177929,-0.07891689,0.00613729,-0.03961042,0.04858939,-0.03911863,-0.07813168,0.02168041,-0.00818219,0.01346049,-0.01488244,-0.06103797,-0.04277517,-0.03124429,0.02036629,-0.05321272,0.14350922,-0.00194592,-0.02815331,-0.05094261,0.01097551,0.02376761,0.03859071,-0.03705141,-0.05266393,0.02284143,-0.04344744,0.02693272,0.08583317,0.02544175,0.00260709,-0.03377832,-0.01570171,0.09739599,-0.0038807,0.00654721,0.02399464,0.00729636,-0.05371529,-0.24656256,0.00262679,0.03658222,-0.04062822,-0.02150582,-0.03366778,0.03835658,-0.01533778,0.10504075,0.05357542,0.11163621,0.03590962,-0.08713114,0.03285678,-0.00087474,0.01495512,0.01526376,0.01456027,-0.02456503,-0.0348375,-0.00474901,0.03497384,-0.00269816,-0.01164474,0.06882556,-0.01049684,0.15095414,0.02879258,-0.01697677,-0.0342498,0.05155817,0.07373991,-0.00571566,-0.08755446,0.08428447,0.06878302,-0.0266958,0.03000043,0.01743682,-0.03062742,0.03284717,0.05973751,-0.02495085,-0.05878706,0.00156786,-0.0788722,0.01465817,-0.05413445,-0.03565819,0.05155713,-0.03089229,0.00982956,0.03878967,0.02516368,0.01390145,-0.0019725,-0.08852323,-0.01532854,-0.0254585,0.03596689,-0.04114253,0.0135466,-0.01843607,-0.07307366,-0.05545336,0.03531902,0.00403211,0.00038127,0.04235593,0.0129986,0.0596763,0.04827181,0.0181517,0.01535448,0.02498868,0.01074494,-0.02496023,-0.02241469,-0.04681123,-0.02150994,-0.02762983,0.09719658,0.0512271,-0.02231547,0.03216603,0.01995919,0.00004405,-0.03196602,0.09213587,-0.02370742,-0.07156838,0.02422895,0.00683587,-0.01553257,0.10424051,0.00992514,-0.30963019,0.02490186,0.00321781,0.00767519,-0.00383441,0.03403006,-0.01565683,-0.04518185,-0.06915562,0.01553611,-0.07069081,0.0504932,0.02436616,-0.03896103,-0.01029678,-0.02713177,0.10041034,-0.04515164,0.04963112,-0.0615211,-0.04450787,0.02093137,0.16292061,-0.00226475,0.03020275,-0.03768439,0.01319486,-0.00652359,0.05614534,0.07694167,-0.02528372,0.02809907,0.11701328,-0.04988303,0.02794356,0.09482295,0.00429492,0.02986078,-0.07230618,-0.00776724,-0.04411674,0.03751319,-0.03928509,0.02439461,0.07405693,-0.02775378,-0.04677097,-0.05872343,0.00421429,-0.00329582,-0.03613008,0.00956741,-0.04475414,-0.06322061,0.05701175,-0.02241479,-0.01323467,-0.00328244,-0.01677237,0.01622379,0.03240737,-0.02017918,0.03435383,0.06786694,0.03450212],"last_embed":{"tokens":188,"hash":"18lex80"}}},"text":null,"length":0,"last_read":{"hash":"18lex80","at":1782975297688},"key":"gpts-package/design_system.md#UI診断ディレクター デザインシステム#2. タイポグラフィ規定#2.3 太さ・色のメリハリ","lines":[144,155],"size":248,"outlinks":[],"class_name":"SmartBlock"},
"smart_blocks:gpts-package/design_system.md#UI診断ディレクター デザインシステム#2. タイポグラフィ規定#2.3 太さ・色のメリハリ#{1}": {"path":null,"last_embed":{"hash":"v2hhhu","at":1782975297726},"embeddings":{"TaylorAI/bge-micro-v2":{"vec":[-0.01969659,0.02454416,0.01248513,-0.05490126,0.0427733,0.02807933,-0.0636114,0.05192908,0.0240541,-0.0243833,-0.00948176,-0.07755985,0.03535047,0.02800652,-0.02459962,-0.01995539,0.01478787,0.01070933,-0.01141861,0.00120386,0.13592756,-0.03557807,-0.03454734,-0.0846139,0.0295753,0.02507342,-0.03398324,-0.04547134,-0.02375051,-0.17775321,-0.04647263,0.04968758,0.05706545,-0.01447705,-0.01452868,0.00496778,-0.03280065,0.06958028,-0.03275301,0.01151644,-0.02652166,0.01471867,0.01557294,-0.00429803,-0.00501096,-0.03788701,-0.07591197,0.00040009,0.01993863,-0.0723241,-0.02709807,0.03844325,0.00283246,0.0076419,0.00874212,0.01328515,0.05503538,0.00520426,0.00117832,-0.00635455,0.02744254,0.01302759,-0.23817095,0.05796069,0.03278748,0.00177851,-0.00891808,0.01340275,0.06245384,0.02253303,-0.07001484,0.01154099,0.0110008,0.07758354,-0.0466774,-0.00354836,0.01752517,-0.06667029,-0.0171632,-0.03093614,0.00714767,0.01134724,-0.03578826,-0.03379213,0.02619292,-0.03843495,-0.01055684,-0.01113726,-0.00512324,0.05505879,-0.00756216,-0.07127844,0.07938301,0.03568242,-0.11155652,0.04081476,-0.01223342,0.02338111,-0.04195273,0.13165453,-0.02202985,-0.02004219,0.03782352,0.02419981,0.07953911,-0.00208506,0.02958618,-0.00177544,-0.0393922,0.02115458,-0.05934862,0.01960832,0.02655958,-0.02233107,-0.01764712,0.01377343,-0.02668035,-0.00661237,0.027952,-0.06426749,-0.0205002,-0.02252174,0.01048931,-0.01876659,0.00222878,-0.00859663,0.01593495,0.00559651,-0.03759369,0.09438472,-0.01302071,0.03360711,-0.06538925,-0.01228262,0.02014882,0.03917902,-0.0009233,0.0535086,0.00078724,0.02917011,-0.03041563,-0.03500653,-0.01454414,-0.05594947,-0.00531851,0.05051878,-0.07350181,0.03342628,0.00595228,0.0059101,0.00402172,0.04642418,0.00776178,-0.01712424,-0.02567882,0.00577054,0.06428216,0.0757115,-0.01649844,-0.00803779,-0.01174161,-0.00097233,-0.07819828,0.1158893,0.03695556,-0.04262124,-0.04108436,0.01119772,0.06023846,-0.02963893,-0.00194728,0.07765877,0.04754623,0.00718185,0.08473735,0.00802837,0.0412283,0.01909234,0.01845794,0.01031186,0.06619228,-0.03778787,-0.04009311,0.00325842,0.02461662,-0.07807668,0.00488759,-0.04017702,0.04946524,-0.04010645,-0.07803162,0.02070475,-0.01036202,0.01142383,-0.01653419,-0.06034137,-0.04026929,-0.03168524,0.01947696,-0.05098903,0.14865212,-0.00351203,-0.02639736,-0.05424295,0.01147314,0.02176012,0.04071782,-0.03607649,-0.05685451,0.02226842,-0.04293416,0.02696428,0.08507428,0.02289741,0.00082877,-0.03423249,-0.01861731,0.09563229,-0.00325787,0.00780698,0.02362914,0.00889095,-0.05245297,-0.24746612,0.00359661,0.03934511,-0.04516604,-0.02384756,-0.0300526,0.04151563,-0.01561538,0.10968197,0.06077238,0.11111724,0.03450098,-0.08498988,0.02724253,0.00050364,0.01824859,0.01652305,0.01819904,-0.02334308,-0.03230633,-0.00462513,0.03342667,-0.00574801,-0.01412536,0.07010027,-0.006724,0.15271606,0.03050952,-0.01833742,-0.03702276,0.05152835,0.07358311,-0.00383495,-0.08555935,0.09101868,0.06798262,-0.02462715,0.02824145,0.01503155,-0.03069517,0.0301969,0.05672081,-0.02518615,-0.05721539,0.00364005,-0.07742773,0.01516037,-0.05875874,-0.03693822,0.05267107,-0.03057657,0.01287185,0.03619527,0.02497539,0.01843142,-0.00237874,-0.09013656,-0.01337493,-0.03175172,0.03033467,-0.038468,0.01198502,-0.02351557,-0.06892013,-0.05560949,0.03720174,0.00261641,0.00075489,0.04372004,0.01166905,0.06017608,0.0488942,0.0180303,0.01130191,0.02668789,0.00817513,-0.02934591,-0.01999802,-0.04420162,-0.01981833,-0.02774368,0.09826351,0.05383886,-0.02369338,0.02983044,0.01684594,-0.00417895,-0.0317996,0.0903141,-0.02570671,-0.07069237,0.02744979,0.0092719,-0.01652709,0.10322767,0.01297533,-0.30832225,0.02441642,0.00368691,0.00696805,-0.00412936,0.03410094,-0.01518217,-0.04555653,-0.06869699,0.01358285,-0.06999134,0.0530063,0.02258501,-0.03911817,-0.01458549,-0.02848366,0.10189594,-0.04969035,0.04485418,-0.06526744,-0.04530227,0.0176013,0.16020077,-0.00461536,0.02709959,-0.0378795,0.01389384,-0.00412198,0.05839789,0.07697964,-0.02506917,0.02876603,0.11973239,-0.05138102,0.0278119,0.09869744,0.00759054,0.02812729,-0.07117213,-0.00670627,-0.04303926,0.0365051,-0.0395016,0.02171472,0.07359129,-0.02618165,-0.0499641,-0.05878555,0.00554503,-0.0033099,-0.03849409,0.00921641,-0.04631389,-0.06567091,0.05273918,-0.02057461,-0.01444779,-0.00579232,-0.01326904,0.01496177,0.03141796,-0.02261634,0.035273,0.06711023,0.0324135],"last_embed":{"tokens":186,"hash":"v2hhhu"}}},"text":null,"length":0,"last_read":{"hash":"v2hhhu","at":1782975297726},"key":"gpts-package/design_system.md#UI診断ディレクター デザインシステム#2. タイポグラフィ規定#2.3 太さ・色のメリハリ#{1}","lines":[146,155],"size":229,"outlinks":[],"class_name":"SmartBlock"},
"smart_blocks:gpts-package/design_system.md#UI診断ディレクター デザインシステム#3. 配色規定": {"path":null,"last_embed":{"hash":"hrnjts","at":1782975297766},"embeddings":{"TaylorAI/bge-micro-v2":{"vec":[-0.02690502,0.02473018,0.04061101,-0.05518242,0.03631373,0.06050609,-0.0364987,0.04605821,0.04172653,0.00497994,0.00697883,-0.08144148,0.03166848,0.05890813,-0.02928204,-0.0356627,0.00406738,0.01157042,-0.01493765,-0.01222048,0.12713335,-0.05685084,-0.05300037,-0.08453313,0.04356525,0.03650815,-0.02300774,-0.0420796,-0.02447848,-0.17596373,-0.04535825,0.05455241,0.02280852,-0.03545166,-0.02754394,-0.00083519,-0.03216038,0.07201166,-0.03569216,0.01409155,-0.02344233,-0.00474812,-0.0039744,-0.01734609,-0.02118913,-0.04474048,-0.06693707,-0.02050147,0.00867404,-0.05830866,-0.01752173,0.0286506,-0.00467156,-0.00188003,0.00446348,0.01936441,0.05537801,0.02836387,-0.0166941,-0.03791847,0.03433697,0.03696183,-0.23617303,0.05839483,0.03179387,0.0117027,0.00871788,-0.00138008,0.06753946,0.01696529,-0.07795193,0.02629118,0.0053891,0.05641349,-0.06310854,0.00170621,0.05088452,-0.05230129,-0.03021583,-0.05846681,-0.01504227,0.03430242,-0.03777444,-0.0074626,0.02182854,-0.02375229,-0.00931751,-0.00629597,-0.00239218,0.05561458,-0.01531383,-0.06313121,0.04808057,0.03072315,-0.08189915,0.01466937,-0.00766782,0.02403815,-0.07520113,0.11424351,-0.01586637,-0.01066097,0.04621865,0.01726705,0.0846924,-0.00568958,0.00115827,-0.01757238,-0.05071247,0.01961064,-0.0495062,0.00290379,0.01608097,-0.0340309,-0.01475576,0.02741442,-0.02089639,-0.00079669,0.04223647,-0.05110392,-0.01202646,-0.00396536,0.03411061,-0.01899824,-0.0045661,-0.00026526,0.00242461,0.00444878,-0.04479776,0.09956658,-0.00342749,0.03307759,-0.05531423,-0.03173503,0.0083606,0.03041383,-0.0278248,0.05350521,0.0045288,0.04300526,-0.04653823,-0.01618713,0.00246604,-0.08542319,-0.01660776,0.03654681,-0.10119786,0.03296616,-0.0127712,0.0102512,0.02634355,0.04473691,-0.00859034,-0.01151704,-0.04661672,-0.00319108,0.05117238,0.08877783,-0.01901496,0.01023466,0.00078185,0.00601916,-0.07253479,0.12081843,0.05802524,-0.05107968,-0.05228896,0.02198424,0.03915029,-0.03100537,-0.00352453,0.09083878,0.02191592,-0.03193484,0.08815494,-0.01265706,0.02322404,0.04130993,0.01050363,0.02284014,0.05794177,-0.05863285,-0.04658092,-0.0152895,0.01809069,-0.08238822,-0.00775586,-0.02008041,0.03475305,-0.03873172,-0.07426511,0.03380223,-0.00255975,0.0321366,-0.01753515,-0.04418694,-0.08322388,-0.03327642,0.02096979,-0.04690472,0.16848472,0.0095417,-0.01661784,-0.05152888,-0.00270036,0.02455869,0.02202642,-0.03434122,-0.05455595,0.01581329,-0.02199591,0.02089694,0.07233635,0.01705439,0.03073266,-0.02583331,-0.0071339,0.0660684,-0.01709264,0.01086882,0.0162101,0.0196807,-0.07655556,-0.24003766,-0.02004671,0.03460434,-0.03970755,-0.01363571,-0.04750058,0.0328083,-0.0220206,0.10353352,0.04514458,0.12827104,0.06084948,-0.07249769,0.02015575,-0.0162788,0.00926536,0.01950833,0.04659689,-0.02181764,-0.03195924,0.00993353,0.03791374,-0.00050158,-0.01363958,0.0559464,-0.00484872,0.16199905,-0.00774997,-0.00851716,-0.01110893,0.06433384,0.04582811,-0.01052404,-0.06767806,0.08599309,0.10280339,-0.03028281,0.01775665,0.0010242,-0.01230669,0.02045253,0.06421496,-0.01620038,-0.05899686,-0.00044335,-0.10768209,0.0289346,-0.05614397,-0.02450416,0.05305659,-0.02585247,-0.01681183,0.04048281,0.03660685,0.01849809,-0.01425644,-0.08077917,-0.01917077,-0.03080764,0.05475533,-0.04588919,0.00643577,-0.00397684,-0.06233395,-0.04767083,0.01678576,0.00878309,0.00678548,0.05231639,0.02480166,0.04282761,0.07367568,0.01339287,0.00819902,0.04624536,0.0099629,-0.00505025,-0.00492739,-0.02986456,-0.0236406,-0.03566629,0.06406685,0.03233687,-0.01442419,0.03092339,0.04454295,0.01275567,-0.02975211,0.08440774,-0.01161388,-0.06220795,0.03759364,0.02024912,-0.01330891,0.097571,0.00635409,-0.31501284,0.01362355,-0.01955127,0.00552698,0.01601926,0.02024739,-0.02098452,-0.04073389,-0.07982665,0.02578407,-0.05534514,0.03657982,0.00286513,-0.05864311,0.01267337,-0.01449988,0.08389443,-0.04609571,0.02675465,-0.0191004,-0.04513171,0.04554643,0.16657673,0.01186051,0.01580985,-0.03243323,0.0242519,-0.00689418,0.04447322,0.0671851,-0.03591401,0.02699371,0.10966148,-0.06267483,0.03156031,0.09857512,-0.00077538,0.0015198,-0.05661782,0.00633625,-0.02601984,0.04361062,-0.02510043,0.00710919,0.06822459,-0.02030662,-0.03894714,-0.05477142,0.01062269,-0.01123602,-0.0211182,0.02936122,-0.02887408,-0.06510806,0.0576282,-0.01536469,-0.01585638,0.00234168,-0.01830954,0.01862208,0.03262682,-0.01454209,0.03545385,0.05938181,0.04585866],"last_embed":{"tokens":425,"hash":"hrnjts"}}},"text":null,"length":0,"last_read":{"hash":"hrnjts","at":1782975297766},"key":"gpts-package/design_system.md#UI診断ディレクター デザインシステム#3. 配色規定","lines":[156,202],"size":1452,"outlinks":[],"class_name":"SmartBlock"},
"smart_blocks:gpts-package/design_system.md#UI診断ディレクター デザインシステム#3. 配色規定#3.1 基本パレット（3色アクセント + 中立色）": {"path":null,"last_embed":{"hash":"px6hn0","at":1782975297876},"embeddings":{"TaylorAI/bge-micro-v2":{"vec":[-0.02362229,0.02425493,0.03954882,-0.05469168,0.03833141,0.05729549,-0.03458535,0.04576131,0.04276837,0.00605844,0.01162451,-0.08285569,0.03038993,0.0577785,-0.02745554,-0.03454337,0.00280227,0.01311364,-0.01323983,-0.01180272,0.12971003,-0.05690581,-0.05484153,-0.08451626,0.04522983,0.03850289,-0.02257922,-0.04154764,-0.02590143,-0.17730108,-0.04515655,0.05466243,0.02141871,-0.03796205,-0.02858637,0.00158132,-0.03382499,0.07178535,-0.0342386,0.01543784,-0.02331774,-0.00055761,-0.00477216,-0.01587645,-0.02328262,-0.0461092,-0.06701602,-0.01946439,0.01053389,-0.0582389,-0.01633281,0.030048,-0.00319256,-0.0008204,0.00345694,0.0181648,0.0524867,0.02985503,-0.01833452,-0.03821325,0.03199438,0.03917712,-0.23664421,0.05738769,0.03559919,0.01151019,0.00842875,-0.00121263,0.06625011,0.01912722,-0.07839531,0.02805048,0.00471246,0.05650292,-0.06497967,0.00035164,0.05097057,-0.05151793,-0.02991908,-0.05854869,-0.0168985,0.03328929,-0.03820994,-0.00796846,0.01888047,-0.02591322,-0.00985882,-0.00882465,-0.00433238,0.05641027,-0.01824957,-0.06566498,0.048408,0.02810302,-0.0829952,0.01423799,-0.00658632,0.02435954,-0.07647045,0.11336692,-0.01118152,-0.00864724,0.04495241,0.01583361,0.0863572,-0.00620282,0.00064871,-0.02045364,-0.05188021,0.01897325,-0.05002579,0.00131914,0.02128662,-0.03177912,-0.02017355,0.02983363,-0.0205714,-0.0007857,0.04270049,-0.05345697,-0.01342973,-0.00581462,0.03476338,-0.01822752,-0.00252443,-0.0010616,0.00417056,0.00418011,-0.04484639,0.10166568,-0.00433462,0.03395148,-0.05604194,-0.02909186,0.00954429,0.02804017,-0.0277107,0.05277117,0.0021505,0.04181566,-0.04781897,-0.01641929,0.00276578,-0.08609031,-0.0143705,0.03662023,-0.10124951,0.03284507,-0.00836855,0.01011468,0.02426015,0.04709231,-0.00730831,-0.01228057,-0.04848216,-0.00286736,0.05489381,0.08607115,-0.02244634,0.00912801,-0.00020637,0.00656419,-0.07053944,0.11810582,0.05851764,-0.05003622,-0.05246592,0.02114244,0.0363174,-0.03305348,-0.00278709,0.09278763,0.02332498,-0.03393108,0.08509336,-0.01374335,0.02258336,0.0436947,0.01403163,0.02469362,0.05648169,-0.05990224,-0.04454551,-0.01400654,0.01687602,-0.08303285,-0.00567329,-0.01879913,0.03435107,-0.04063095,-0.07408606,0.0365417,-0.00460802,0.03252617,-0.01829499,-0.0434137,-0.08150545,-0.0337661,0.02240636,-0.04749181,0.16921256,0.00719774,-0.01407566,-0.047111,-0.00245916,0.02646927,0.02368293,-0.03423458,-0.05320575,0.01676652,-0.02101769,0.02307029,0.07159111,0.01564783,0.03296125,-0.02606052,-0.00648442,0.0662439,-0.02139924,0.01226698,0.01610116,0.0197273,-0.07733752,-0.23945487,-0.01928115,0.03313063,-0.04192153,-0.01291052,-0.0452478,0.0338833,-0.01882734,0.10190575,0.042885,0.12731515,0.05953481,-0.07147184,0.02253313,-0.01719214,0.00861506,0.01726913,0.04657152,-0.02051996,-0.02850532,0.00854213,0.03997273,-0.00251378,-0.01284201,0.05465965,-0.00743673,0.16289477,-0.00870605,-0.00894983,-0.01201294,0.06269702,0.04463802,-0.01057031,-0.0689501,0.08549075,0.10313562,-0.02919903,0.01904099,-0.003121,-0.01103876,0.01973002,0.06306797,-0.01278986,-0.0571077,-0.00008168,-0.11052834,0.03260895,-0.0539967,-0.02563515,0.05181381,-0.02419785,-0.01708291,0.03852227,0.03707248,0.01740578,-0.01396902,-0.08186156,-0.0192216,-0.03427347,0.05362294,-0.04514799,0.00747211,-0.00390892,-0.06006799,-0.04693289,0.01628214,0.00625618,0.00700929,0.04906812,0.02497051,0.04281298,0.07322086,0.01231655,0.00687777,0.04665504,0.00798247,-0.00522106,-0.00379453,-0.02819837,-0.02722159,-0.03363233,0.06432787,0.02927583,-0.01597859,0.03304922,0.04349698,0.01322932,-0.02795072,0.08744004,-0.00856059,-0.06202452,0.03727272,0.02008279,-0.01167909,0.10034832,0.00569051,-0.31464821,0.01248146,-0.01795842,0.00282522,0.0200285,0.01850282,-0.01985395,-0.04067164,-0.08072542,0.02672369,-0.05601912,0.03417744,0.00208106,-0.05940092,0.01082511,-0.01496886,0.08311512,-0.04574868,0.02272183,-0.01853911,-0.04357833,0.04617986,0.16591641,0.01305621,0.0190805,-0.03181285,0.02343582,-0.00622537,0.0396204,0.0696435,-0.03070434,0.02699162,0.11002012,-0.06465568,0.03225419,0.09806114,0.0004497,0.00245769,-0.05830629,0.00085289,-0.02629769,0.04362698,-0.02372787,0.00710967,0.06841214,-0.01902782,-0.03728743,-0.05055356,0.01058042,-0.01355186,-0.02181387,0.03180526,-0.02762611,-0.06536598,0.05845782,-0.01541779,-0.01582866,0.00166353,-0.01911418,0.01750517,0.03155103,-0.01474469,0.03320578,0.05892504,0.04703937],"last_embed":{"tokens":425,"hash":"px6hn0"}}},"text":null,"length":0,"last_read":{"hash":"px6hn0","at":1782975297876},"key":"gpts-package/design_system.md#UI診断ディレクター デザインシステム#3. 配色規定#3.1 基本パレット（3色アクセント + 中立色）","lines":[158,172],"size":622,"outlinks":[],"class_name":"SmartBlock"},
"smart_blocks:gpts-package/design_system.md#UI診断ディレクター デザインシステム#3. 配色規定#3.1 基本パレット（3色アクセント + 中立色）#{1}": {"path":null,"last_embed":{"hash":"1dd5eb3","at":1782975297999},"embeddings":{"TaylorAI/bge-micro-v2":{"vec":[-0.02205466,0.02411618,0.03808887,-0.05701239,0.04017988,0.0577869,-0.03669753,0.044519,0.0399134,0.00576753,0.01343241,-0.08533674,0.02988955,0.05935306,-0.0262365,-0.03379094,0.00474388,0.01491897,-0.01281181,-0.01088539,0.12554608,-0.05539179,-0.05500506,-0.08294918,0.03893996,0.03579265,-0.02474049,-0.04374386,-0.02563941,-0.1769422,-0.04375191,0.05227972,0.02343221,-0.03529459,-0.02781097,-0.00091717,-0.0304147,0.07151453,-0.03257206,0.01473708,-0.02318699,0.00038308,-0.00457164,-0.01317585,-0.02897281,-0.04654454,-0.06724824,-0.01867469,0.01439219,-0.06350227,-0.01451961,0.02773629,0.00089127,-0.00126363,0.00140483,0.01866327,0.05624729,0.02623621,-0.01767657,-0.03882384,0.0368821,0.0404977,-0.23547743,0.05505839,0.03434555,0.01659963,0.01029836,-0.00020577,0.0631554,0.01655874,-0.08065741,0.02439302,0.00625889,0.05670844,-0.06536385,-0.00094956,0.05333437,-0.05098779,-0.02869068,-0.05990876,-0.0115619,0.03344852,-0.0376935,-0.00858001,0.01736502,-0.02761039,-0.00919401,-0.00793907,-0.0072175,0.05383072,-0.01827833,-0.06735618,0.04978819,0.02642434,-0.07842685,0.01222547,-0.00721899,0.01879485,-0.07753003,0.11271211,-0.0107328,-0.01063417,0.04970335,0.01616501,0.08359531,-0.00608287,-0.00100719,-0.02101881,-0.05041534,0.01864825,-0.0506193,0.0036897,0.01840662,-0.02972668,-0.02122096,0.02976935,-0.02248647,-0.00470406,0.04326925,-0.04963831,-0.01277653,-0.00606899,0.03677159,-0.02329386,-0.00564269,-0.00220143,0.00264512,0.0067948,-0.04599918,0.09780359,-0.00892875,0.0344021,-0.05950759,-0.03501078,0.01119499,0.02743066,-0.02862645,0.05362295,0.00080661,0.04591694,-0.04893118,-0.01795121,0.00656626,-0.08551291,-0.01525921,0.03355822,-0.0990795,0.036187,-0.00803631,0.01277317,0.02761486,0.04956196,-0.00427959,-0.01136809,-0.04913508,-0.00472871,0.05337686,0.08221566,-0.01963101,0.01167526,-0.00084508,0.0067632,-0.06491864,0.11994915,0.05882886,-0.05180658,-0.04729409,0.02368138,0.03976651,-0.03300977,-0.00524732,0.09746753,0.02221986,-0.03497183,0.08552478,-0.0157007,0.02359219,0.0399659,0.02351861,0.02813515,0.05388823,-0.05804458,-0.04453992,-0.01580637,0.02150693,-0.08015723,-0.00882488,-0.02010953,0.03077928,-0.03853371,-0.06928696,0.0324828,-0.0071403,0.03519124,-0.01422999,-0.04407519,-0.08197779,-0.03402064,0.0260518,-0.04355509,0.16659895,0.00780957,-0.00833301,-0.05103571,0.00250996,0.03223529,0.02373456,-0.03223539,-0.05867714,0.01606674,-0.02347633,0.02462542,0.07105465,0.01539923,0.03062424,-0.02520281,-0.00854581,0.06525629,-0.02056675,0.01073789,0.01460242,0.01722222,-0.07352202,-0.23615976,-0.01892149,0.03782461,-0.04735658,-0.01470018,-0.0437778,0.03459815,-0.02019505,0.10424039,0.04635462,0.13083003,0.05790543,-0.067689,0.01686017,-0.01477861,0.01259919,0.02105307,0.05270477,-0.02010126,-0.03204515,0.01033154,0.04166959,-0.00704728,-0.0143052,0.05835838,-0.0026813,0.16429529,-0.00837498,-0.00755617,-0.00999447,0.06430045,0.04071043,-0.01522979,-0.06697311,0.08927886,0.1040768,-0.02666003,0.01501335,-0.0029768,-0.01256187,0.01389486,0.06433842,-0.01373137,-0.05581146,-0.00187796,-0.11311376,0.03117844,-0.05747753,-0.02440099,0.05746825,-0.02670231,-0.01806705,0.03467864,0.03816544,0.01954621,-0.01135432,-0.08447859,-0.0206498,-0.03796586,0.05110142,-0.04093121,0.00732175,-0.00848825,-0.05827889,-0.0473878,0.0149622,0.00315868,0.00453872,0.05190922,0.02400005,0.04636207,0.07121944,0.01499802,0.00686004,0.05281853,0.00518978,-0.00340669,-0.00300136,-0.02508742,-0.02674635,-0.03784798,0.06383057,0.03095088,-0.01688025,0.03352679,0.0421334,0.01167993,-0.02580163,0.0835787,-0.00833234,-0.06331956,0.03996398,0.02286516,-0.00845142,0.09927919,0.00621599,-0.31277764,0.01217647,-0.02199858,0.00640731,0.02290837,0.01903314,-0.01924469,-0.03985599,-0.0782617,0.02620951,-0.05621929,0.03615469,-0.00036452,-0.05977118,0.00917132,-0.01842237,0.07818973,-0.0503457,0.02436768,-0.0212744,-0.04490251,0.04334595,0.16095884,0.01067377,0.01698344,-0.0324362,0.0284526,-0.00836581,0.03718802,0.07207811,-0.03343154,0.02877294,0.1080064,-0.06389779,0.03516645,0.10273884,0.00539777,-0.00475622,-0.06097107,0.00100496,-0.02752661,0.03983619,-0.02289182,0.0089469,0.07136396,-0.01318238,-0.04055032,-0.05639082,0.01175539,-0.01437287,-0.02747077,0.0274989,-0.02802411,-0.07041115,0.06106527,-0.01529212,-0.01539068,0.00161309,-0.01749003,0.01804773,0.0345567,-0.01864663,0.02962417,0.05926346,0.04684792],"last_embed":{"tokens":423,"hash":"1dd5eb3"}}},"text":null,"length":0,"last_read":{"hash":"1dd5eb3","at":1782975297999},"key":"gpts-package/design_system.md#UI診断ディレクター デザインシステム#3. 配色規定#3.1 基本パレット（3色アクセント + 中立色）#{1}","lines":[160,172],"size":591,"outlinks":[],"class_name":"SmartBlock"},
"smart_blocks:gpts-package/design_system.md#UI診断ディレクター デザインシステム#3. 配色規定#3.2 透明度バリエーション（次フェーズ：ビジュアル強化で使用）": {"path":null,"last_embed":{"hash":"11x5wbd","at":1782975298121},"embeddings":{"TaylorAI/bge-micro-v2":{"vec":[-0.01637581,0.02555579,0.03061275,-0.02466589,0.04097552,0.03686409,-0.02594513,0.04363037,0.04256445,0.00142412,-0.00070785,-0.10393322,-0.00213487,0.07149846,-0.03112602,-0.02216483,0.00029174,0.01112838,-0.00518484,-0.02249606,0.16232505,-0.05295438,-0.0542043,-0.09614763,0.03342728,0.04131577,-0.02379637,-0.0579928,-0.01347564,-0.17493702,-0.07238274,0.03890315,0.02808227,-0.03673304,-0.04392217,0.01226173,-0.02997793,0.06664634,-0.02465337,0.02707512,-0.00586069,-0.00266308,-0.01110997,-0.02142831,-0.00927454,-0.04113953,-0.05668283,-0.00054127,0.00056482,-0.06170377,-0.01894376,0.04279388,-0.00835719,0.0038412,-0.02279483,0.02686021,0.06479841,0.03499184,0.01108164,-0.01779465,0.03578068,0.04680029,-0.21853437,0.03876959,0.03962812,-0.01411697,0.00616258,-0.01523383,0.04952132,0.02349188,-0.07802655,0.02511677,0.0000458,0.05675717,-0.06520497,-0.00276036,0.04229093,-0.05503416,-0.02760344,-0.05424577,-0.00260639,0.02257964,-0.02987942,-0.00779057,0.02177336,-0.03129709,-0.02906329,-0.0095672,-0.00375822,0.07194547,-0.01108607,-0.10130858,0.03174656,0.02755763,-0.08452518,0.02635205,-0.00062714,0.00927209,-0.05911627,0.13409264,-0.02430218,-0.00537079,0.04275656,0.03045477,0.10112435,-0.02621176,0.01555445,-0.02664691,-0.05410295,0.03682158,-0.04677171,0.01052778,0.01834085,-0.00696702,-0.03556103,0.02287052,-0.01434044,0.00610597,0.0098355,-0.0505829,-0.02789788,0.00058718,0.03693869,-0.00498111,-0.00583653,0.00048075,0.01178899,0.00356753,-0.01891424,0.10047362,-0.00802032,0.01816624,-0.05332188,-0.01120255,0.037344,0.0487799,0.00269027,0.06118737,-0.01187205,0.02650072,-0.02752621,-0.02643735,0.00720183,-0.07493263,-0.00276598,0.05999197,-0.09271725,0.04462218,-0.00567326,0.00568651,0.00545568,0.05419605,-0.01200849,-0.02592241,-0.05521906,0.0160697,0.05256622,0.08388124,-0.0206455,0.00989286,-0.00200147,0.02868829,-0.05928209,0.09987165,0.05036537,-0.04612644,-0.06271644,0.01852832,0.03984133,-0.03595754,-0.01590206,0.1065357,0.02766592,-0.03238354,0.06995218,-0.00358597,0.01513727,0.02977181,0.03121024,-0.00110362,0.05292769,-0.04435823,-0.05605188,0.01363483,0.02627234,-0.07729752,-0.00548181,-0.02523282,0.0408568,-0.0293062,-0.07239234,0.01022853,-0.01652374,0.02722698,-0.01489072,-0.05100379,-0.06073795,-0.04989053,0.02008496,-0.04350828,0.14095189,-0.01242383,-0.02466444,-0.05318705,0.01792698,0.02155689,0.03844077,-0.03747742,-0.06449962,0.0239567,-0.02616975,0.01878242,0.07700758,0.02726349,0.00566624,-0.02124728,0.002858,0.07296414,-0.02140248,-0.01425544,0.03049325,0.01637365,-0.06278783,-0.23601146,-0.01706559,0.04080071,-0.05768547,0.00256205,-0.03108434,0.02453139,0.00174655,0.08403672,0.05559515,0.14968155,0.05412876,-0.04338718,0.02815505,-0.01167265,0.00804898,0.003704,0.01506059,-0.01608022,-0.04610742,0.00572483,0.02178125,0.00050377,-0.01420586,0.06832568,-0.02763953,0.16537222,0.00541143,-0.02970683,-0.01893286,0.04773543,0.04038337,-0.01275282,-0.08317558,0.09379024,0.10167452,-0.01612677,0.02548242,0.01404952,-0.03204965,0.03106378,0.0822003,-0.0319786,-0.06165441,0.00577714,-0.08570074,0.05230723,-0.018548,-0.02391446,0.05419159,-0.01895935,-0.00816838,0.0517657,0.03186811,0.00715705,-0.0150339,-0.06988349,-0.00999026,-0.01336911,0.03440892,-0.04568391,0.00668365,-0.01279881,-0.06949519,-0.03808681,0.02521382,-0.01059365,-0.00927714,0.03971836,0.03974769,0.05456835,0.08215032,0.0050197,0.00972324,0.04010269,0.00521744,-0.01482777,-0.01762612,-0.03751194,-0.025403,-0.04052132,0.06516167,0.0136582,-0.0078045,0.04321004,0.03883237,0.00305042,-0.05095439,0.06072057,-0.01449627,-0.0680371,0.03088198,0.00511241,-0.02607919,0.10080212,-0.00150147,-0.31953192,0.01379373,-0.00506322,0.00783248,0.00893762,0.00166876,-0.00295063,-0.02339486,-0.06984706,0.02470079,-0.06913253,0.02680963,0.01305294,-0.04304131,0.01646309,-0.00340565,0.08503892,-0.05987132,0.02343508,-0.03070604,-0.03933334,0.0420187,0.16940778,-0.00918479,0.02331067,-0.0208514,0.02085743,-0.00742598,0.0451856,0.08759934,-0.01989454,0.04209995,0.0933473,-0.06114274,0.05627092,0.08966016,0.00228055,-0.01066555,-0.04352921,-0.02809109,-0.01630069,0.04159198,-0.04365369,0.03153257,0.08051645,-0.04235139,-0.04288458,-0.05418824,0.01148586,-0.00302071,-0.02784109,0.00811698,-0.02289674,-0.05406009,0.04813071,-0.02623074,-0.01159264,0.00986828,-0.03301905,0.00141589,0.02363079,-0.04150728,0.0274547,0.04649097,0.05202967],"last_embed":{"tokens":207,"hash":"11x5wbd"}}},"text":null,"length":0,"last_read":{"hash":"11x5wbd","at":1782975298121},"key":"gpts-package/design_system.md#UI診断ディレクター デザインシステム#3. 配色規定#3.2 透明度バリエーション（次フェーズ：ビジュアル強化で使用）","lines":[173,181],"size":268,"outlinks":[],"class_name":"SmartBlock"},
"smart_blocks:gpts-package/design_system.md#UI診断ディレクター デザインシステム#3. 配色規定#3.2 透明度バリエーション（次フェーズ：ビジュアル強化で使用）#{1}": {"path":null,"last_embed":{"hash":"miaaly","at":1782975298172},"embeddings":{"TaylorAI/bge-micro-v2":{"vec":[-0.0138699,0.02457465,0.02666967,-0.02357946,0.04173055,0.03952905,-0.03247545,0.04250233,0.0389761,-0.00098759,0.00110708,-0.10449971,-0.00262245,0.07004809,-0.0263025,-0.02227162,-0.00022728,0.01251556,-0.00505806,-0.02272311,0.15803018,-0.04882298,-0.05562359,-0.09311625,0.02910092,0.04196269,-0.02549138,-0.05879403,-0.01415914,-0.17614958,-0.06879216,0.03683612,0.02572934,-0.03579091,-0.0402893,0.01072323,-0.03661438,0.06877758,-0.02457168,0.02655557,-0.00487312,-0.00538126,-0.01393117,-0.0177795,-0.01276594,-0.04428841,-0.05333648,-0.00014019,0.00280948,-0.06436779,-0.01130948,0.04162325,-0.00290099,0.00310234,-0.02301538,0.02758641,0.0657327,0.03346886,0.00844761,-0.01506451,0.03885032,0.0486977,-0.21911319,0.03702806,0.04098016,-0.00599645,0.00393973,-0.01547995,0.04679667,0.02051869,-0.07911739,0.02124181,-0.00310451,0.05506711,-0.06260954,-0.00468287,0.04282084,-0.05716086,-0.02679337,-0.05597132,0.00106674,0.0246378,-0.02739065,-0.00881358,0.02074647,-0.03272891,-0.02794681,-0.00945804,-0.00434807,0.0696821,-0.01147232,-0.10089934,0.03216318,0.02534261,-0.08048622,0.02424613,-0.00109282,0.00675524,-0.05858758,0.13439454,-0.02252497,-0.00752796,0.04548524,0.0351438,0.09811666,-0.02738545,0.01434668,-0.02758225,-0.05234133,0.03789834,-0.04740394,0.01474556,0.01638919,-0.00379935,-0.03504777,0.02455117,-0.01782861,0.00181241,0.01081686,-0.04811269,-0.02394192,0.0002855,0.03772845,-0.00784928,-0.0092386,-0.00151103,0.01388222,0.00311137,-0.02242018,0.10230921,-0.01134944,0.0213693,-0.05288,-0.0161291,0.04027236,0.04775299,-0.00165546,0.06463135,-0.0134881,0.0271958,-0.03022345,-0.02620878,0.00981211,-0.07648869,0.00168862,0.05850028,-0.09255254,0.04711827,-0.00586912,0.00868023,0.01227699,0.05180756,-0.01100523,-0.03222561,-0.05687119,0.0128954,0.05511402,0.08015592,-0.01843493,0.0123701,-0.00089545,0.02996114,-0.05716543,0.10394866,0.04849632,-0.05101482,-0.05390964,0.01803467,0.04225639,-0.03899383,-0.01360954,0.10913174,0.02431001,-0.03427712,0.07294168,-0.0093367,0.01256178,0.02671373,0.03797232,0.00193659,0.05040328,-0.04619691,-0.05726513,0.01595186,0.02500015,-0.07574408,-0.00573482,-0.02351626,0.03896905,-0.0290722,-0.07131787,0.01003819,-0.01999967,0.03246048,-0.01627167,-0.04672751,-0.06084717,-0.04756912,0.01993621,-0.03958191,0.13983126,-0.01428801,-0.02152132,-0.05599849,0.02092496,0.02213094,0.0430482,-0.03898268,-0.0663328,0.02605793,-0.02765476,0.02097713,0.07509641,0.02996376,0.0051003,-0.02002855,0.00106233,0.06960202,-0.01761898,-0.0142826,0.02674215,0.01602114,-0.06113213,-0.23440146,-0.01535739,0.04273563,-0.06089696,0.00014803,-0.02983019,0.02694226,0.0033632,0.08422498,0.06104359,0.15057863,0.05401728,-0.04150259,0.02429719,-0.01238575,0.01310263,0.00463362,0.022352,-0.01375321,-0.04575638,0.00755041,0.02143054,-0.00165873,-0.01422471,0.06972634,-0.02357482,0.16868113,0.00542836,-0.0302972,-0.01834305,0.04937468,0.03557181,-0.01416063,-0.08653716,0.09809239,0.10038883,-0.01557,0.02555787,0.0122109,-0.03458977,0.02578546,0.08167641,-0.03108678,-0.06255718,0.00657113,-0.09231214,0.0540216,-0.02253904,-0.02522976,0.05493264,-0.02105419,-0.00453929,0.04961936,0.03383171,0.0105159,-0.01415998,-0.0711863,-0.00986343,-0.02344411,0.03129484,-0.04278685,0.0020572,-0.01766218,-0.06383559,-0.04052242,0.02395177,-0.0112912,-0.00752538,0.03902457,0.04082309,0.06104003,0.0816832,0.00509313,0.00259331,0.04304517,0.00220686,-0.01432922,-0.01560828,-0.03652408,-0.02432059,-0.04180453,0.06327334,0.01744207,-0.01126866,0.04960389,0.03812316,-0.00536041,-0.05370006,0.05674628,-0.01502825,-0.06963717,0.03407836,0.01009455,-0.02339263,0.10093067,-0.00475698,-0.31449723,0.01583299,-0.00716101,0.00609755,0.01150123,0.00172234,-0.00134992,-0.02478939,-0.06971005,0.02185721,-0.06320354,0.02665649,0.00927078,-0.04190601,0.01590959,-0.00426413,0.08704381,-0.06101184,0.02051322,-0.03043781,-0.03939432,0.03793487,0.1676202,-0.01009527,0.02110139,-0.02232224,0.02361054,-0.00297946,0.04545203,0.08561637,-0.02122905,0.03961113,0.09263951,-0.06235044,0.05690291,0.09673224,0.00719406,-0.01344727,-0.04529803,-0.02674977,-0.02005609,0.03740996,-0.0417866,0.03116378,0.08105228,-0.04182358,-0.04626649,-0.05576307,0.01054965,-0.00207814,-0.02562915,0.0073135,-0.02566388,-0.06163287,0.04984382,-0.02439112,-0.01139825,0.00996986,-0.02945061,0.00276716,0.02446516,-0.0404012,0.02470579,0.04884696,0.05087555],"last_embed":{"tokens":205,"hash":"miaaly"}}},"text":null,"length":0,"last_read":{"hash":"miaaly","at":1782975298172},"key":"gpts-package/design_system.md#UI診断ディレクター デザインシステム#3. 配色規定#3.2 透明度バリエーション（次フェーズ：ビジュアル強化で使用）#{1}","lines":[175,181],"size":230,"outlinks":[],"class_name":"SmartBlock"},
"smart_blocks:gpts-package/design_system.md#UI診断ディレクター デザインシステム#3. 配色規定#3.3 3色制限ルール": {"path":null,"last_embed":{"hash":null},"embeddings":{},"text":null,"length":0,"last_read":{"hash":"qk0br5","at":1782975294683},"key":"gpts-package/design_system.md#UI診断ディレクター デザインシステム#3. 配色規定#3.3 3色制限ルール","lines":[182,189],"size":140,"outlinks":[],"class_name":"SmartBlock"},
"smart_blocks:gpts-package/design_system.md#UI診断ディレクター デザインシステム#3. 配色規定#3.3 3色制限ルール#{1}": {"path":null,"last_embed":{"hash":null},"embeddings":{},"text":null,"length":0,"last_read":{"hash":"1av7z8n","at":1782975294683},"key":"gpts-package/design_system.md#UI診断ディレクター デザインシステム#3. 配色規定#3.3 3色制限ルール#{1}","lines":[184,185],"size":60,"outlinks":[],"class_name":"SmartBlock"},
"smart_blocks:gpts-package/design_system.md#UI診断ディレクター デザインシステム#3. 配色規定#3.3 3色制限ルール#{2}": {"path":null,"last_embed":{"hash":null},"embeddings":{},"text":null,"length":0,"last_read":{"hash":"qaksg9","at":1782975294683},"key":"gpts-package/design_system.md#UI診断ディレクター デザインシステム#3. 配色規定#3.3 3色制限ルール#{2}","lines":[186,186],"size":16,"outlinks":[],"class_name":"SmartBlock"},
"smart_blocks:gpts-package/design_system.md#UI診断ディレクター デザインシステム#3. 配色規定#3.3 3色制限ルール#{3}": {"path":null,"last_embed":{"hash":null},"embeddings":{},"text":null,"length":0,"last_read":{"hash":"1sh5g79","at":1782975294683},"key":"gpts-package/design_system.md#UI診断ディレクター デザインシステム#3. 配色規定#3.3 3色制限ルール#{3}","lines":[187,187],"size":20,"outlinks":[],"class_name":"SmartBlock"},
"smart_blocks:gpts-package/design_system.md#UI診断ディレクター デザインシステム#3. 配色規定#3.3 3色制限ルール#{4}": {"path":null,"last_embed":{"hash":null},"embeddings":{},"text":null,"length":0,"last_read":{"hash":"11fk7wv","at":1782975294683},"key":"gpts-package/design_system.md#UI診断ディレクター デザインシステム#3. 配色規定#3.3 3色制限ルール#{4}","lines":[188,189],"size":24,"outlinks":[],"class_name":"SmartBlock"},
"smart_blocks:gpts-package/design_system.md#UI診断ディレクター デザインシステム#4. レイアウト規定": {"path":null,"last_embed":{"hash":"1syubf","at":1782975298367},"embeddings":{"TaylorAI/bge-micro-v2":{"vec":[-0.00629742,0.020353,0.04220355,-0.03955604,0.00760587,0.06526449,-0.06421155,0.04242026,0.04903046,-0.01372584,-0.01504224,-0.08207496,0.04945378,0.02983853,-0.03493303,-0.03682418,0.01789441,0.01047551,0.00322631,-0.01726197,0.15513991,-0.08017179,-0.06877112,-0.09875423,0.03036201,0.04810445,0.00514204,-0.04966318,-0.01007203,-0.18399431,-0.04960288,0.04971909,0.04664484,-0.01936988,-0.03906117,0.02167792,-0.03441355,0.08044337,-0.03694626,0.04164913,-0.02945592,0.02668163,-0.03219561,-0.02343521,0.01483219,-0.0591917,-0.08624295,-0.01026442,-0.00090157,-0.04458064,-0.05016092,0.04565334,-0.01483986,0.03012398,-0.01458497,0.01549955,0.06873026,0.02822911,-0.01338211,-0.02916015,0.04440024,0.01429178,-0.21722752,0.06544182,0.01780032,0.02787253,-0.02946772,-0.01439224,0.07700254,0.02622937,-0.08172176,0.03339017,0.02248854,0.03978133,-0.06560285,0.00230065,0.00386612,-0.0468692,-0.02912198,-0.02570464,-0.01806134,0.02017678,-0.02985983,-0.01722854,0.00306767,-0.04387408,-0.02074785,0.00168587,0.00097034,0.05517453,-0.00269322,-0.05631777,0.03241029,0.02431403,-0.06216797,0.04977342,0.01241325,0.00543864,-0.04508772,0.14070968,-0.05263348,-0.00707209,0.03037595,0.0541768,0.05991275,0.01205224,0.00803868,-0.01072852,-0.03677971,0.01131065,-0.04056221,-0.01179406,0.02331429,-0.00947761,-0.00920919,-0.01379675,-0.03765005,-0.01133044,0.05285073,-0.02758533,-0.00676525,0.00903715,0.01571671,-0.00832987,0.01017276,0.00463931,-0.00707605,-0.00119684,-0.01307065,0.1181136,0.0050677,0.05524084,-0.03192438,0.00530453,0.02904706,0.05016448,-0.00468765,0.07450525,0.00877869,0.02724493,-0.04002604,-0.02631135,0.00417848,-0.06634086,0.00678945,0.08359604,-0.09063105,0.01617142,-0.02090108,0.01300974,0.00476556,0.02586125,-0.02049525,-0.02220858,-0.0419309,0.00292238,0.04526512,0.07395604,-0.01303199,0.01178535,-0.02514165,-0.00395475,-0.0647271,0.11493633,0.06384941,-0.03920569,-0.05321285,0.00556567,0.03149822,-0.03497541,-0.01517763,0.05771966,0.01226522,-0.02142021,0.0719097,-0.02213276,0.00980383,0.04101117,-0.00746056,0.00798119,0.07726186,-0.0164399,-0.07484157,-0.0256612,0.00844208,-0.0757565,0.00162218,-0.04577107,0.03954555,-0.03357458,-0.08168457,0.04355137,-0.0040776,0.01920839,-0.01566556,-0.05161972,-0.07398472,-0.02143511,0.01657119,-0.02215225,0.15982912,0.0095225,-0.04027675,-0.04885863,-0.00751457,0.01967452,0.00557107,-0.0506472,-0.04483646,0.02208432,-0.01459455,-0.00380033,0.08177712,0.02459035,-0.00459817,-0.01902157,-0.01378142,0.08491985,-0.00700506,0.01898453,-0.00582627,0.00544274,-0.0695527,-0.23745219,-0.00269312,0.01948912,-0.03930506,0.0000533,-0.06459729,0.03570618,-0.02893418,0.08442594,0.05938572,0.12973653,0.05057576,-0.0721871,0.05679357,-0.03335502,0.01236226,-0.00119977,0.01829547,-0.0559288,-0.04697846,-0.00340409,0.01928347,0.00742393,-0.01308108,0.05140704,-0.02249155,0.15484774,-0.0014994,-0.0292691,-0.01894096,0.07257105,0.05362551,-0.03137204,-0.07544828,0.08244914,0.09265333,-0.0206225,0.04310836,0.03604036,-0.03992031,-0.00346548,0.04962191,-0.04615993,-0.0625942,0.00533058,-0.06725783,0.00787518,-0.00937045,-0.03220433,0.0487362,-0.04248624,-0.02704292,0.07210099,0.0050996,0.03623018,-0.03957578,-0.06134554,0.0088319,-0.0025945,0.05714586,-0.04723202,-0.02159119,0.00726988,-0.05570694,-0.0304496,0.0305565,0.00285123,-0.02306928,0.01547745,0.02182701,0.05816637,0.06161449,0.01283265,0.03940822,0.02010456,0.00314133,0.01724432,-0.01334182,-0.05447493,-0.03156989,-0.061726,0.04656988,0.0294764,-0.02801723,0.03837473,0.04043718,0.01945676,-0.05841729,0.04757901,-0.02923026,-0.02346292,0.05884377,-0.00553888,-0.00357202,0.09662656,-0.00452444,-0.30859172,0.03674267,-0.00416601,-0.0095488,0.00160358,0.01154026,-0.02050186,-0.0340814,-0.04672764,-0.00025096,-0.05862791,0.03686901,0.04366535,-0.02811249,0.0275692,0.00352309,0.08586138,-0.02185744,0.07370263,-0.01523993,-0.02873531,0.04785826,0.1630097,0.01725058,0.03666312,-0.0190802,0.01713337,-0.00231731,0.07189184,0.06231506,-0.06692757,0.00705643,0.10351139,-0.04773952,0.05786024,0.09785384,-0.02756278,0.01307047,-0.04269949,0.03475098,-0.02233321,0.01170427,-0.05074855,0.02860855,0.06149136,-0.05120003,-0.05643109,-0.05109635,0.00394562,-0.00306878,0.00379407,0.03045528,-0.05488979,-0.04479621,0.04065762,-0.00719888,-0.01136029,0.00459552,-0.02494628,0.02556123,0.04025899,-0.00888681,0.05416879,0.05873718,0.02519601],"last_embed":{"tokens":356,"hash":"1syubf"}}},"text":null,"length":0,"last_read":{"hash":"1syubf","at":1782975298367},"key":"gpts-package/design_system.md#UI診断ディレクター デザインシステム#4. レイアウト規定","lines":[203,234],"size":461,"outlinks":[],"class_name":"SmartBlock"},
"smart_blocks:gpts-package/design_system.md#UI診断ディレクター デザインシステム#4. レイアウト規定#4.1 キャンバス": {"path":null,"last_embed":{"hash":null},"embeddings":{},"text":null,"length":0,"last_read":{"hash":"1dtidfk","at":1782975294683},"key":"gpts-package/design_system.md#UI診断ディレクター デザインシステム#4. レイアウト規定#4.1 キャンバス","lines":[205,212],"size":126,"outlinks":[],"class_name":"SmartBlock"},
"smart_blocks:gpts-package/design_system.md#UI診断ディレクター デザインシステム#4. レイアウト規定#4.1 キャンバス#{1}": {"path":null,"last_embed":{"hash":null},"embeddings":{},"text":null,"length":0,"last_read":{"hash":"te7fsk","at":1782975294683},"key":"gpts-package/design_system.md#UI診断ディレクター デザインシステム#4. レイアウト規定#4.1 キャンバス#{1}","lines":[207,212],"size":111,"outlinks":[],"class_name":"SmartBlock"},
"smart_blocks:gpts-package/design_system.md#UI診断ディレクター デザインシステム#4. レイアウト規定#4.2 グリッド": {"path":null,"last_embed":{"hash":null},"embeddings":{},"text":null,"length":0,"last_read":{"hash":"1769zcj","at":1782975294683},"key":"gpts-package/design_system.md#UI診断ディレクター デザインシステム#4. レイアウト規定#4.2 グリッド","lines":[213,222],"size":155,"outlinks":[],"class_name":"SmartBlock"},
"smart_blocks:gpts-package/design_system.md#UI診断ディレクター デザインシステム#4. レイアウト規定#4.2 グリッド#{1}": {"path":null,"last_embed":{"hash":null},"embeddings":{},"text":null,"length":0,"last_read":{"hash":"1hedvqv","at":1782975294683},"key":"gpts-package/design_system.md#UI診断ディレクター デザインシステム#4. レイアウト規定#4.2 グリッド#{1}","lines":[215,222],"size":141,"outlinks":[],"class_name":"SmartBlock"},
"smart_blocks:gpts-package/design_system.md#UI診断ディレクター デザインシステム#4. レイアウト規定#4.3 カード規定": {"path":null,"last_embed":{"hash":null},"embeddings":{},"text":null,"length":0,"last_read":{"hash":"1hvwvuk","at":1782975294683},"key":"gpts-package/design_system.md#UI診断ディレクター デザインシステム#4. レイアウト規定#4.3 カード規定","lines":[223,234],"size":163,"outlinks":[],"class_name":"SmartBlock"},
"smart_blocks:gpts-package/design_system.md#UI診断ディレクター デザインシステム#4. レイアウト規定#4.3 カード規定#{1}": {"path":null,"last_embed":{"hash":null},"embeddings":{},"text":null,"length":0,"last_read":{"hash":"y6pizs","at":1782975294683},"key":"gpts-package/design_system.md#UI診断ディレクター デザインシステム#4. レイアウト規定#4.3 カード規定#{1}","lines":[225,234],"size":148,"outlinks":[],"class_name":"SmartBlock"},
"smart_blocks:gpts-package/design_system.md#UI診断ディレクター デザインシステム#5. 項目数規定": {"path":null,"last_embed":{"hash":"186pmhi","at":1782975298442},"embeddings":{"TaylorAI/bge-micro-v2":{"vec":[-0.01749535,0.01225596,0.06502835,-0.03900504,0.01202272,0.06320283,-0.03352747,0.0498639,0.06645145,-0.03154125,-0.00504335,-0.06646593,0.05438246,0.04658714,-0.04464964,-0.04017635,-0.00498221,0.02045084,0.01062574,-0.03343175,0.13300297,-0.06371588,-0.04928514,-0.09153987,0.05179319,0.04579252,-0.0040187,-0.06114736,-0.04562524,-0.18040538,-0.07175083,0.01627814,0.05722832,-0.03348215,-0.03643277,0.02049927,-0.03644104,0.10493919,-0.05552742,0.05380702,-0.01287792,0.018323,-0.02370949,-0.04523723,0.01292069,-0.04364318,-0.07318153,-0.02028655,0.00113987,-0.02711605,-0.08188905,0.02807773,-0.03075282,0.01378773,-0.03894653,0.01711111,0.06631029,0.04987154,0.00504185,-0.02073618,0.02527252,0.007574,-0.21904202,0.04419333,0.03633379,0.01681064,-0.01497723,-0.01772441,0.05701066,0.03888945,-0.09703843,0.02550194,0.02491819,0.05311183,-0.05393459,0.02190546,-0.00389556,-0.05062287,-0.02097817,-0.00094713,-0.0168688,0.01672803,-0.03302148,-0.00452322,0.01026584,-0.04172817,-0.00294149,0.0049689,-0.00629522,0.0766203,0.00559428,-0.0950824,0.02406025,0.05515179,-0.0848681,0.02750166,0.02918018,0.02487148,-0.05933569,0.14759926,-0.06693058,-0.00448459,0.01716258,0.03662007,0.06745159,-0.00245669,0.01927944,-0.01915254,-0.0255455,0.00957896,-0.01019726,-0.0051367,0.03875421,-0.04402062,-0.01433261,0.02398078,-0.02299482,-0.00252017,0.04117703,-0.03890552,-0.01059392,0.01033178,0.02222893,-0.01558485,0.02511115,0.00999248,-0.00715661,-0.00899225,-0.01848693,0.095843,0.00899717,0.04824425,-0.07574844,-0.00512828,0.00776306,0.03038628,-0.00648525,0.06890769,-0.00441294,-0.0080699,-0.01663296,-0.03663363,0.01266065,-0.07460719,-0.01181031,0.07682947,-0.08454879,0.0301271,-0.00179627,-0.00186452,-0.00675104,0.04836816,-0.02492355,-0.00112342,-0.0526283,0.01138995,0.04890482,0.05269982,-0.00596379,0.01222187,-0.031216,0.00313139,-0.08606222,0.1011439,0.07142388,-0.02126216,-0.05386021,-0.00241516,0.02852397,-0.04452292,-0.00822975,0.04868627,-0.01374207,-0.02038232,0.0454271,-0.01040087,0.01021377,0.04737171,-0.01267902,0.01360995,0.0723604,-0.00600908,-0.0704755,-0.01581918,-0.00403094,-0.09070417,0.00376388,-0.05049339,0.03332232,-0.01869276,-0.09781027,0.04813262,0.0163861,0.0113471,-0.0351083,-0.04912566,-0.04711045,-0.01460935,0.02857687,-0.04279583,0.13308589,0.01568295,-0.01463766,-0.03317089,-0.01041379,0.01691458,-0.00455953,-0.06640509,-0.0388668,0.02226816,-0.0145838,-0.01030227,0.05654133,0.03967525,0.01513693,-0.02571068,-0.01178672,0.06538361,-0.00460913,0.010821,-0.01679753,0.0218136,-0.06313125,-0.24062689,-0.01744218,0.027767,-0.0256965,0.01608352,-0.05927473,0.01246939,-0.03074207,0.05680835,0.06378949,0.13160245,0.05069745,-0.07556122,0.06808119,-0.00553337,-0.01325637,-0.01955057,0.00430168,-0.03410502,-0.02547676,0.01139794,0.0039059,0.02193293,-0.01677649,0.07498246,-0.04422946,0.14499339,0.00300777,-0.01560361,-0.00020571,0.05084074,0.07250018,-0.02398246,-0.08699255,0.07899795,0.09010655,-0.02083888,0.02743395,0.01264654,-0.04420574,0.00536963,0.06412484,-0.02578574,-0.06440044,-0.01578878,-0.08097086,0.02034242,-0.00682182,-0.02460861,0.05118666,-0.03000716,-0.01093175,0.06413273,-0.0169307,0.01166437,-0.02010842,-0.06679328,0.02558146,0.00750682,0.04472589,-0.04610993,-0.00306291,0.0130399,-0.05160818,-0.05027248,0.0180296,0.03442523,0.0040112,0.03168174,0.03158721,0.06652503,0.06616976,-0.00391093,0.02838914,0.02650715,0.00440887,-0.00651739,-0.05599995,-0.0338496,-0.03447967,-0.04904861,0.06199292,0.01098951,-0.0198191,0.03043142,0.02848886,0.01412433,-0.02324555,0.06330614,-0.02671037,-0.02797749,0.01297116,0.00279558,-0.00685997,0.11557268,0.00724103,-0.3025113,0.01715328,0.00339401,-0.01568137,0.03050759,0.01329176,-0.01832099,-0.05032387,-0.05591135,0.03334641,-0.02988209,0.04276377,0.0338928,-0.02831785,0.02245803,0.01005031,0.08689399,-0.02390831,0.09353183,-0.01373826,-0.0187927,0.06120187,0.18448298,0.01514642,0.02547349,-0.01937657,0.00766054,-0.00500827,0.05242862,0.05562753,-0.04629971,0.01167505,0.11844146,-0.04342395,0.06249341,0.07559248,-0.02051642,0.02171209,-0.03245697,0.02930307,-0.01708146,0.03201817,-0.03965656,0.03375183,0.06582925,-0.0574998,-0.04454175,-0.07858349,0.00263089,0.0106305,0.0043653,0.02786628,-0.02057062,-0.05949557,0.03342829,-0.02441284,-0.01118107,0.01215028,-0.05151562,0.00647078,0.0215039,-0.01119721,0.07305404,0.0695225,0.02636218],"last_embed":{"tokens":424,"hash":"186pmhi"}}},"text":null,"length":0,"last_read":{"hash":"186pmhi","at":1782975298442},"key":"gpts-package/design_system.md#UI診断ディレクター デザインシステム#5. 項目数規定","lines":[235,256],"size":510,"outlinks":[],"class_name":"SmartBlock"},
"smart_blocks:gpts-package/design_system.md#UI診断ディレクター デザインシステム#5. 項目数規定#5.1 固定数の規定": {"path":null,"last_embed":{"hash":"1j7j5fl","at":1782975298529},"embeddings":{"TaylorAI/bge-micro-v2":{"vec":[-0.01721223,-0.00057187,0.06863524,-0.02939155,0.01029067,0.06567356,-0.02970435,0.04932607,0.05294834,-0.03913876,-0.0085875,-0.06629459,0.05332562,0.03511634,-0.02664375,-0.04198033,0.00004097,0.03064408,-0.00301007,-0.03600939,0.15075591,-0.0683929,-0.06067017,-0.09055739,0.05149968,0.0382832,0.00120418,-0.0338918,-0.03249343,-0.18470366,-0.06697385,0.02855217,0.04315927,-0.02839046,-0.0352552,0.02284067,-0.03750627,0.10668393,-0.06302545,0.06068373,-0.01587208,0.02446858,-0.02923317,-0.04968784,-0.00560453,-0.04572485,-0.06988256,-0.02354686,0.00519535,-0.05637937,-0.07388631,0.03390722,-0.03540776,0.01510028,-0.0482971,0.0098532,0.0817721,0.04573725,0.00511738,-0.02005176,0.03087911,0.00061037,-0.22197565,0.062424,0.03026761,0.02950079,0.00058884,-0.02172015,0.07597604,0.044769,-0.10043081,0.02002051,0.00699426,0.04416371,-0.04706464,0.01171075,0.00024003,-0.05264899,-0.03281698,-0.02715228,-0.02126727,0.02704356,-0.03316779,0.00643779,-0.01012734,-0.0334881,-0.02100584,-0.00405237,-0.01112753,0.07588087,-0.00640153,-0.09064841,0.01932374,0.05305655,-0.09326297,0.0361474,0.0236467,0.02519598,-0.05082178,0.15088138,-0.05542225,-0.00885253,0.02928563,0.04414818,0.05395589,0.00567294,0.01004106,-0.01191318,-0.01657089,0.01885459,-0.01470666,-0.00608889,0.03481961,-0.0416971,-0.02694457,-0.00044695,-0.01588666,-0.00578158,0.02774221,-0.04230352,-0.00019068,0.00333367,0.0295985,-0.00186645,0.01429347,0.00272698,-0.00545692,-0.01053497,-0.01012103,0.10930974,0.00237569,0.05846102,-0.05378738,-0.01873672,0.02770741,0.03839375,-0.01030321,0.06111676,-0.01714424,-0.00640878,-0.0231469,-0.02333888,0.01507144,-0.07585481,0.00277096,0.07524609,-0.08756104,0.02296794,0.00276982,0.00165079,0.00452352,0.05167087,-0.00881257,0.01001395,-0.05044192,-0.00007512,0.05058089,0.05681719,-0.00842204,0.01706659,-0.0262509,0.00709039,-0.08692696,0.1240522,0.05973935,-0.03501303,-0.05875799,-0.01165656,0.0264083,-0.03668965,-0.00266455,0.06028461,0.00039208,-0.01318184,0.06480026,0.00503316,-0.00214572,0.04391398,-0.01851345,0.0081365,0.06386871,-0.00573882,-0.05546173,-0.02457539,-0.00551091,-0.08930863,0.00631319,-0.03090019,0.03493177,-0.01260962,-0.08696386,0.05650557,0.02349285,0.00393227,-0.03588366,-0.04761119,-0.05093769,-0.01129968,0.02814871,-0.04546741,0.1389087,0.02056113,-0.0158121,-0.02893898,-0.01868437,0.01340182,-0.00627571,-0.06165417,-0.02880488,0.01839962,-0.01262241,0.01582313,0.06395472,0.02502851,0.00821011,-0.01677122,-0.00365342,0.06597642,0.0001108,0.01605254,-0.00887431,0.01707681,-0.05742401,-0.23614815,-0.00235749,0.01786264,-0.02537319,0.01099259,-0.05613703,0.0186402,-0.0349374,0.04121641,0.05567797,0.12392762,0.04009334,-0.08202062,0.07688127,-0.00639642,-0.00435354,0.00130071,0.00709663,-0.04439891,-0.02047466,0.00431165,0.00145884,0.01323585,-0.01765399,0.09051863,-0.03351992,0.14459418,-0.01387244,-0.01071695,0.00131613,0.0494823,0.06890061,-0.03276779,-0.08151755,0.06777968,0.10339609,-0.02374789,0.01574002,0.03749472,-0.04096472,0.00463571,0.06080608,-0.03295824,-0.07198501,0.00587492,-0.08691323,0.0164285,-0.0003939,-0.01210422,0.04276275,-0.03653589,-0.00732459,0.05285075,-0.01189045,0.01341436,-0.01979594,-0.05176823,0.01694348,0.00261849,0.05206206,-0.04641482,0.007056,0.01324699,-0.05751961,-0.06119337,0.0192528,0.02961093,-0.00084748,0.02745308,0.02797432,0.06518134,0.05496911,-0.00841588,0.01773027,0.01853428,0.01760263,-0.00468264,-0.04440525,-0.03418245,-0.03117985,-0.04917283,0.0639014,0.02095104,-0.02254153,0.03986712,0.02634273,0.0061532,-0.0234032,0.06051227,-0.01964138,-0.02797967,0.01050085,0.00245086,-0.01280126,0.12316001,-0.00315255,-0.29656208,0.02377754,0.01801143,-0.00021175,0.01241351,0.03571508,-0.02900617,-0.04719364,-0.05489847,0.01916664,-0.04467668,0.03094644,0.04618203,-0.01695437,0.02407069,0.00751432,0.10058745,-0.04070194,0.07325486,-0.02280798,-0.03244021,0.04564812,0.18205886,0.01186308,0.02310297,-0.0178543,0.00023973,-0.00938592,0.04220746,0.0490719,-0.03912893,-0.00355113,0.10692333,-0.04652339,0.06027057,0.07098297,-0.02244881,0.01983525,-0.04503072,0.04462927,-0.02600201,0.0290597,-0.04578317,0.02284296,0.07345461,-0.0623533,-0.04841914,-0.06983937,-0.00744475,0.0155108,0.00459748,0.02356689,-0.03618991,-0.05444831,0.05148357,-0.03126043,-0.00726638,0.01031927,-0.06758395,0.00727493,0.02853213,-0.01925186,0.06124347,0.05676411,0.04232337],"last_embed":{"tokens":288,"hash":"1j7j5fl"}}},"text":null,"length":0,"last_read":{"hash":"1j7j5fl","at":1782975298529},"key":"gpts-package/design_system.md#UI診断ディレクター デザインシステム#5. 項目数規定#5.1 固定数の規定","lines":[237,248],"size":326,"outlinks":[],"class_name":"SmartBlock"},
"smart_blocks:gpts-package/design_system.md#UI診断ディレクター デザインシステム#5. 項目数規定#5.1 固定数の規定#{1}": {"path":null,"last_embed":{"hash":"1y5cn8w","at":1782975298586},"embeddings":{"TaylorAI/bge-micro-v2":{"vec":[-0.01781632,-0.00238468,0.06972441,-0.02956719,0.00831203,0.06539229,-0.02897494,0.04742035,0.05323186,-0.03998959,-0.00693012,-0.06428714,0.05458208,0.03540044,-0.02629004,-0.04293591,0.0015488,0.02902881,-0.00477913,-0.03647208,0.14828818,-0.06942205,-0.05940425,-0.09201442,0.05189659,0.03677461,0.00127022,-0.03327473,-0.0333675,-0.18614215,-0.06675141,0.02709298,0.04106525,-0.02769818,-0.03598367,0.01992445,-0.03648822,0.10823761,-0.0656032,0.06094576,-0.01369117,0.0252704,-0.02972003,-0.0518536,-0.00751839,-0.04474259,-0.06944709,-0.02361882,0.00499603,-0.05435489,-0.07224225,0.03377987,-0.03549724,0.01529055,-0.04702065,0.00945323,0.08230935,0.04592779,0.00523658,-0.01972457,0.0313505,-0.00108022,-0.22368167,0.06143525,0.03071832,0.02911895,0.00331402,-0.02314783,0.07540186,0.04762188,-0.10029811,0.0193246,0.00475516,0.0420173,-0.04626483,0.01225032,0.00030972,-0.0507367,-0.03143479,-0.02523575,-0.02244595,0.02632879,-0.03445159,0.00509999,-0.01474336,-0.03500884,-0.02047738,-0.004887,-0.01250391,0.07719366,-0.00581743,-0.09328612,0.019078,0.05516597,-0.09219908,0.03386907,0.02428537,0.02663878,-0.04918955,0.15085438,-0.05622989,-0.00685304,0.02909257,0.04589686,0.05721328,0.00630945,0.01066534,-0.01072708,-0.01456392,0.01766677,-0.0111137,-0.00799028,0.03595458,-0.04178924,-0.0287277,-0.00007436,-0.0156977,-0.00480853,0.02905861,-0.0430771,-0.00069411,0.00177644,0.03159569,-0.00192445,0.01396555,0.0015774,-0.00631511,-0.01040993,-0.0104892,0.10990104,0.00167691,0.05718878,-0.05316017,-0.01937439,0.02977189,0.03720497,-0.00824216,0.06188009,-0.01691939,-0.00772474,-0.02298805,-0.02484654,0.01543328,-0.07535376,0.00256384,0.0752838,-0.0856163,0.02221912,0.00300248,0.00176204,0.00357056,0.05437724,-0.00831339,0.0104248,-0.05038257,0.00137062,0.05192563,0.0551716,-0.00722088,0.01420511,-0.0260954,0.00694172,-0.08604036,0.12357891,0.06065101,-0.03609858,-0.0599893,-0.01167012,0.02624503,-0.036515,-0.00175841,0.06085444,0.00038219,-0.01434554,0.06364261,0.00449936,-0.00365917,0.04399271,-0.01856814,0.00975751,0.06352944,-0.00569161,-0.05280177,-0.02663032,-0.0049275,-0.09007224,0.00572013,-0.02895328,0.03459325,-0.01333124,-0.0869406,0.05335626,0.02269499,0.00394704,-0.03531672,-0.04777353,-0.0555117,-0.01157436,0.02772922,-0.04719488,0.13794522,0.01890814,-0.01499617,-0.02809933,-0.01878449,0.01292615,-0.00740458,-0.05979692,-0.03004372,0.01855534,-0.01066048,0.01472912,0.0625658,0.02457371,0.00864516,-0.01663032,-0.00351918,0.0669478,0.0011117,0.01363835,-0.00769282,0.01738357,-0.05752133,-0.23666021,-0.00145841,0.01815276,-0.02656513,0.01424093,-0.05715811,0.01771381,-0.03403845,0.04200433,0.05498544,0.12381874,0.03902076,-0.08024668,0.0766397,-0.00534305,-0.00469338,0.00116003,0.00886325,-0.04132486,-0.01988502,0.00375337,0.0009583,0.01136076,-0.01806632,0.09133984,-0.03505385,0.14557938,-0.013619,-0.00905983,0.0011087,0.04686034,0.0711101,-0.03363054,-0.08126118,0.06642205,0.10478458,-0.02501262,0.01281117,0.03677593,-0.0395534,0.00568712,0.05954138,-0.03195304,-0.07178587,0.00415974,-0.08651234,0.01584058,0.00192305,-0.0128051,0.04378152,-0.03461609,-0.00877228,0.05227051,-0.01081324,0.01506526,-0.02164764,-0.05196761,0.0169993,0.00175067,0.05182944,-0.04581189,0.00606188,0.01148889,-0.05848997,-0.06113613,0.01704892,0.02725962,-0.00102468,0.03108114,0.02891638,0.06368971,0.05610311,-0.00916923,0.01971793,0.02120921,0.01929267,-0.00315197,-0.04386008,-0.03344876,-0.03137219,-0.04861253,0.06354052,0.0226577,-0.02341554,0.03912679,0.02915246,0.00692711,-0.0211466,0.06183866,-0.01630148,-0.02691978,0.01092842,0.00208525,-0.01333436,0.12355409,-0.0025195,-0.29682696,0.02460583,0.01850335,0.0002294,0.01368899,0.03724559,-0.02889488,-0.0454866,-0.05487237,0.0193534,-0.04581454,0.03346499,0.04610272,-0.01693933,0.02051374,0.00774555,0.09949549,-0.04200418,0.07221866,-0.02181597,-0.03163557,0.04614169,0.18159719,0.01220598,0.02386735,-0.0189354,-0.00009223,-0.01177637,0.040577,0.04913202,-0.03786443,-0.00322122,0.10612765,-0.04837571,0.05949881,0.07364757,-0.02185616,0.02047918,-0.04440588,0.04486245,-0.02646685,0.02982731,-0.045529,0.0210844,0.07471284,-0.06064728,-0.04747498,-0.07055508,-0.00885223,0.01478599,0.00350116,0.02352512,-0.03430189,-0.05458366,0.04992937,-0.03065647,-0.00757837,0.01073438,-0.06828504,0.00721366,0.02905202,-0.01768861,0.06028467,0.05436454,0.04261219],"last_embed":{"tokens":286,"hash":"1y5cn8w"}}},"text":null,"length":0,"last_read":{"hash":"1y5cn8w","at":1782975298586},"key":"gpts-package/design_system.md#UI診断ディレクター デザインシステム#5. 項目数規定#5.1 固定数の規定#{1}","lines":[239,248],"size":310,"outlinks":[],"class_name":"SmartBlock"},
"smart_blocks:gpts-package/design_system.md#UI診断ディレクター デザインシステム#5. 項目数規定#5.2 項目数の超過・不足時の挙動": {"path":null,"last_embed":{"hash":null},"embeddings":{},"text":null,"length":0,"last_read":{"hash":"l9au22","at":1782975294683},"key":"gpts-package/design_system.md#UI診断ディレクター デザインシステム#5. 項目数規定#5.2 項目数の超過・不足時の挙動","lines":[249,256],"size":170,"outlinks":[],"class_name":"SmartBlock"},
"smart_blocks:gpts-package/design_system.md#UI診断ディレクター デザインシステム#5. 項目数規定#5.2 項目数の超過・不足時の挙動#{1}": {"path":null,"last_embed":{"hash":null},"embeddings":{},"text":null,"length":0,"last_read":{"hash":"8ahtni","at":1782975294683},"key":"gpts-package/design_system.md#UI診断ディレクター デザインシステム#5. 項目数規定#5.2 項目数の超過・不足時の挙動#{1}","lines":[251,251],"size":43,"outlinks":[],"class_name":"SmartBlock"},
"smart_blocks:gpts-package/design_system.md#UI診断ディレクター デザインシステム#5. 項目数規定#5.2 項目数の超過・不足時の挙動#{2}": {"path":null,"last_embed":{"hash":null},"embeddings":{},"text":null,"length":0,"last_read":{"hash":"11ztc17","at":1782975294683},"key":"gpts-package/design_system.md#UI診断ディレクター デザインシステム#5. 項目数規定#5.2 項目数の超過・不足時の挙動#{2}","lines":[252,252],"size":42,"outlinks":[],"class_name":"SmartBlock"},
"smart_blocks:gpts-package/design_system.md#UI診断ディレクター デザインシステム#5. 項目数規定#5.2 項目数の超過・不足時の挙動#{3}": {"path":null,"last_embed":{"hash":null},"embeddings":{},"text":null,"length":0,"last_read":{"hash":"179ostn","at":1782975294683},"key":"gpts-package/design_system.md#UI診断ディレクター デザインシステム#5. 項目数規定#5.2 項目数の超過・不足時の挙動#{3}","lines":[253,254],"size":55,"outlinks":[],"class_name":"SmartBlock"},
"smart_blocks:gpts-package/design_system.md#UI診断ディレクター デザインシステム#5. 項目数規定#5.2 項目数の超過・不足時の挙動#{4}": {"path":null,"last_embed":{"hash":null},"embeddings":{},"text":null,"length":0,"last_read":{"hash":"1alhcef","at":1782975294683},"key":"gpts-package/design_system.md#UI診断ディレクター デザインシステム#5. 項目数規定#5.2 項目数の超過・不足時の挙動#{4}","lines":[255,256],"size":4,"outlinks":[],"class_name":"SmartBlock"},
"smart_blocks:gpts-package/design_system.md#UI診断ディレクター デザインシステム#6. アイコン・装飾規定": {"path":null,"last_embed":{"hash":"pq5e9y","at":1782975298656},"embeddings":{"TaylorAI/bge-micro-v2":{"vec":[-0.02552672,0.00723332,0.04491683,-0.08080558,0.00616034,0.04995251,-0.05248231,0.04292485,0.05464077,-0.02174376,-0.01290299,-0.07993289,0.04271482,0.05346913,-0.03036819,-0.0372783,0.02372098,0.01297036,-0.01018557,0.00584232,0.14001977,-0.05168138,-0.03731928,-0.08108101,0.03642342,0.03767521,-0.01401679,-0.06197543,-0.01833604,-0.19026609,-0.07243951,0.03224228,0.03525052,0.00213633,-0.02716375,0.02304529,-0.02182219,0.07111751,-0.02133399,0.017934,-0.00988059,0.03064571,0.00928416,-0.02397254,0.00409932,-0.05425816,-0.07697309,-0.00832261,-0.00107618,-0.04708758,-0.03243474,0.0226428,-0.0056095,0.02778119,-0.01396989,0.04116821,0.05627677,0.01831982,0.00249138,-0.02539428,0.03245028,0.01705125,-0.23215994,0.05219141,0.03681104,-0.00441482,-0.01299874,0.00643197,0.05628909,0.01144576,-0.06547803,0.02421411,0.03302965,0.05608163,-0.0420949,0.00118864,0.02597691,-0.0494777,-0.02171028,-0.0388064,-0.02362164,0.02687582,-0.0131784,-0.02318987,0.01738556,-0.033105,0.01585648,-0.00452085,-0.01383785,0.05248742,0.00482561,-0.08176119,0.04411744,0.02012899,-0.0582999,-0.00548053,0.00374537,0.01594616,-0.06407164,0.11997988,-0.0547253,-0.00479591,0.02682591,-0.0041296,0.06781237,-0.01877171,-0.0037413,-0.0213828,-0.04970684,0.0030644,-0.04400087,0.00898624,0.02746562,-0.00899044,-0.01775067,0.01885507,-0.01754533,-0.01433601,0.03432461,-0.05353142,-0.03764553,-0.00178984,0.01515069,-0.02079986,-0.00451177,0.00261051,0.01974056,-0.0113727,-0.00984826,0.086996,-0.00505946,0.03280745,-0.03591872,-0.01597938,-0.00364665,0.06720532,-0.0117482,0.07299954,-0.00092622,0.01199065,-0.04974245,-0.03907346,0.01677572,-0.09240811,-0.00814049,0.0871774,-0.10412943,0.0180865,0.00769226,-0.01264515,-0.02075254,0.04490921,-0.0220749,-0.01024885,-0.03997848,0.01284424,0.03238561,0.07507309,-0.02117653,-0.01714733,0.00101874,0.0008925,-0.08167052,0.09984211,0.05248539,-0.07241415,-0.05838888,0.03070252,0.03680959,-0.04490634,0.00245025,0.04199555,0.04489556,-0.007493,0.08085238,-0.02063392,0.02724886,0.05244379,-0.0095735,0.00538962,0.06721087,-0.03497568,-0.05532309,0.00228326,0.01176925,-0.07618336,-0.00229395,-0.05232473,0.05885472,-0.03572551,-0.07931262,0.04563543,0.00144928,0.01689854,-0.02869605,-0.0674823,-0.04905171,0.02101625,0.03529599,-0.05965247,0.17482094,0.02513591,-0.03313231,-0.05446497,-0.00130809,0.04550718,0.01655508,-0.04606489,-0.03324429,0.01873172,-0.03062356,-0.00547249,0.06155543,0.05239842,-0.00384416,-0.01410591,-0.02819804,0.08475577,-0.0250423,-0.00381378,0.03187155,-0.0004092,-0.06983096,-0.24509692,-0.0273521,0.03625003,-0.03775913,-0.00303766,-0.05253386,0.03482723,-0.04925725,0.10132265,0.03893971,0.13015778,0.05386568,-0.08396199,0.03010878,-0.03177827,0.00029214,0.0045199,0.02681478,-0.03767328,-0.02937741,0.00993187,0.04765847,0.00636109,0.00117673,0.0667213,-0.01181999,0.1482189,-0.01541273,-0.04590619,-0.00374059,0.0698924,0.04576984,-0.02375259,-0.07231394,0.10312468,0.08444368,-0.05224396,0.01894974,0.01609412,-0.00706992,0.02460695,0.07117136,-0.01546821,-0.06035832,-0.00295465,-0.06307469,0.028689,-0.03184959,-0.04502551,0.04552446,-0.03711754,-0.00055989,0.05895852,0.02655862,0.03855313,-0.04743315,-0.06899437,-0.00379328,0.00142135,0.03071881,-0.04303009,-0.03512539,0.00195543,-0.02520736,-0.03747639,0.04459864,0.01422404,0.0024427,0.03634273,-0.00834846,0.0305544,0.06618401,-0.00903712,0.02966322,0.03901471,-0.02204208,0.00072334,-0.01263018,-0.01787614,-0.02649617,-0.03710283,0.0661382,0.02378716,0.00977907,0.00623177,0.00770101,0.02407096,-0.01825613,0.07793844,-0.03432865,-0.02187101,0.02285339,0.01270918,0.01733501,0.11989957,0.0151057,-0.32713625,0.0125839,-0.01751921,0.00538759,-0.01452319,0.01515739,0.00518058,-0.04816224,-0.05427349,0.03872275,-0.06488352,0.03856472,0.05409101,-0.03834255,0.01128624,0.00630918,0.07288048,-0.00748062,0.08021874,-0.01923178,-0.03598054,0.0402699,0.16956553,0.00668989,0.02529294,-0.03428041,0.0186682,-0.00318012,0.0612819,0.05993377,-0.0484492,0.01877542,0.10854076,-0.049986,0.03396295,0.08745968,-0.01697321,0.03850028,-0.03117746,-0.00342536,-0.01288329,0.04296866,-0.04573393,0.02301607,0.06302613,-0.04089672,-0.04182509,-0.03043046,0.03215775,-0.00801745,-0.02981767,0.02684471,-0.01695858,-0.04353911,0.03598643,-0.02263363,0.00558859,-0.00115339,-0.01915436,0.00447609,0.03233099,-0.01042681,0.0426603,0.06736498,0.03520617],"last_embed":{"tokens":452,"hash":"pq5e9y"}}},"text":null,"length":0,"last_read":{"hash":"pq5e9y","at":1782975298656},"key":"gpts-package/design_system.md#UI診断ディレクター デザインシステム#6. アイコン・装飾規定","lines":[257,295],"size":848,"outlinks":[],"class_name":"SmartBlock"},
"smart_blocks:gpts-package/design_system.md#UI診断ディレクター デザインシステム#6. アイコン・装飾規定#6.1 使用OK": {"path":null,"last_embed":{"hash":"1rdz72p","at":1782975298756},"embeddings":{"TaylorAI/bge-micro-v2":{"vec":[-0.01899246,0.00795091,0.0417348,-0.07820084,0.00791749,0.05257811,-0.05402981,0.04138234,0.0592244,-0.02071938,-0.01161383,-0.07980577,0.03924229,0.05052213,-0.03452265,-0.03904312,0.02463121,0.00859008,-0.01109657,0.00645077,0.14352989,-0.05761754,-0.03991146,-0.08266566,0.03442232,0.04182404,-0.01393824,-0.06310101,-0.01525489,-0.19045499,-0.07063575,0.04053181,0.04009773,-0.00035701,-0.02830444,0.02558236,-0.02560233,0.06954656,-0.02552916,0.02173188,-0.01165051,0.03488176,0.01281363,-0.02222682,0.00179327,-0.05279724,-0.078871,-0.00748694,-0.00001155,-0.04689986,-0.03618771,0.02251264,-0.00632214,0.03250878,-0.01691221,0.03874892,0.05672407,0.01862043,-0.00032552,-0.0272308,0.03457945,0.0182471,-0.23060378,0.05210812,0.03570795,-0.00496109,-0.01737793,0.00089715,0.05466538,0.0159573,-0.06950358,0.02578847,0.03184674,0.05320815,-0.04236029,0.00457301,0.02054855,-0.0463905,-0.02205705,-0.04157479,-0.02527696,0.02594461,-0.01658512,-0.02247946,0.01325724,-0.03574602,0.01486687,-0.0057826,-0.01452172,0.0567718,0.00413622,-0.07652106,0.04257219,0.01861822,-0.06389278,-0.01014581,0.00546638,0.01535794,-0.06056232,0.11677898,-0.05725608,-0.0008048,0.02249335,-0.00510375,0.06694347,-0.01676516,-0.00874953,-0.01787893,-0.04891905,0.00295928,-0.04457109,0.00736684,0.02963524,-0.01519348,-0.01995704,0.01818786,-0.01715172,-0.0155819,0.03408452,-0.04473627,-0.03482931,-0.00596427,0.01429788,-0.017034,0.0019932,0.00246387,0.01833416,-0.01055614,-0.00661434,0.09019588,-0.00761337,0.0351924,-0.0336882,-0.01365304,-0.0066891,0.06642966,-0.00862285,0.07488616,-0.00141605,0.01212662,-0.05171917,-0.03786322,0.01107359,-0.08659321,-0.00923715,0.08618051,-0.10397715,0.02013682,0.00773663,-0.01181559,-0.02079451,0.0425405,-0.01707727,-0.00962724,-0.04519098,0.0110129,0.03156026,0.07199144,-0.02987152,-0.01444595,-0.00053425,-0.00262347,-0.07681327,0.09654028,0.05674414,-0.07188425,-0.0551843,0.03154233,0.03608773,-0.04959863,0.00343707,0.03793337,0.04566925,-0.00802545,0.0805889,-0.01841883,0.02913609,0.05359045,-0.01013236,0.00608817,0.0694165,-0.02906568,-0.05669649,0.00078286,0.01391455,-0.07451747,-0.00234629,-0.04654825,0.0568797,-0.04091007,-0.07935132,0.04291822,0.0016092,0.01823764,-0.02800302,-0.06777269,-0.04950298,0.01533793,0.03634515,-0.05859936,0.18216032,0.02322375,-0.0286528,-0.05275059,0.0036232,0.04360092,0.01787383,-0.0447449,-0.03588239,0.02002373,-0.02999104,-0.00411479,0.06204507,0.04922665,-0.00408036,-0.01354792,-0.02252177,0.08337539,-0.02243285,-0.00187507,0.03323621,-0.0059947,-0.06447408,-0.24145751,-0.02466586,0.03760521,-0.03665205,-0.00062128,-0.05131863,0.0320897,-0.05077623,0.10555617,0.03864121,0.12646998,0.05469163,-0.08349337,0.03135405,-0.03396277,-0.00086885,0.00509783,0.02438417,-0.04307512,-0.02282871,0.00696086,0.05088902,0.00406357,0.00302492,0.06239725,-0.00769496,0.14484283,-0.02178205,-0.05015563,-0.0070283,0.06910446,0.04928154,-0.02564695,-0.06891926,0.10600492,0.08535073,-0.05282795,0.01862377,0.01653325,-0.00510214,0.01922536,0.06847836,-0.01962732,-0.06329279,-0.002081,-0.06398223,0.02754876,-0.03050312,-0.04404382,0.0468911,-0.04069445,-0.00166142,0.05983578,0.02255489,0.04179732,-0.04598684,-0.07155786,-0.00409238,0.00302324,0.03637696,-0.04458234,-0.03703806,0.00074331,-0.02281689,-0.0363841,0.04325491,0.01195467,0.00527848,0.03425027,-0.00741052,0.03250496,0.06868667,-0.01173765,0.03346258,0.03877794,-0.02518504,0.00359539,-0.01010093,-0.01755233,-0.02842334,-0.03777767,0.06572385,0.01990387,0.01085446,0.00531687,0.00640409,0.02753319,-0.01933204,0.07832404,-0.03534643,-0.01883614,0.02233526,0.01504796,0.01766918,0.11893129,0.0188804,-0.32813084,0.01597683,-0.01672889,0.00764705,-0.01473786,0.0151743,0.01030199,-0.04411038,-0.05371573,0.04166502,-0.07014369,0.0368572,0.05520226,-0.04401162,0.01617111,0.00352907,0.06871401,-0.00742279,0.07981467,-0.02069669,-0.03756383,0.03896229,0.1660123,0.00184075,0.02586201,-0.03303519,0.02127241,-0.00254438,0.06319275,0.05962649,-0.04958382,0.01820725,0.11086422,-0.05176983,0.03272686,0.09109708,-0.0185076,0.03516753,-0.03308776,-0.00113753,-0.00969779,0.03848235,-0.04325134,0.02478264,0.06302629,-0.04011964,-0.04391293,-0.03342665,0.03795193,-0.00945555,-0.0263759,0.02622104,-0.01212677,-0.04042045,0.03826253,-0.022284,0.00343953,-0.00187146,-0.01733536,0.00183699,0.03166343,-0.00921944,0.03728393,0.07032041,0.03513878],"last_embed":{"tokens":476,"hash":"1rdz72p"}}},"text":null,"length":0,"last_read":{"hash":"1rdz72p","at":1782975298756},"key":"gpts-package/design_system.md#UI診断ディレクター デザインシステム#6. アイコン・装飾規定#6.1 使用OK","lines":[259,283],"size":622,"outlinks":[],"class_name":"SmartBlock"},
"smart_blocks:gpts-package/design_system.md#UI診断ディレクター デザインシステム#6. アイコン・装飾規定#6.1 使用OK#{1}": {"path":null,"last_embed":{"hash":"1kvu0z9","at":1782975298855},"embeddings":{"TaylorAI/bge-micro-v2":{"vec":[-0.01589386,0.01064111,0.05474109,-0.06647227,-0.01094849,0.06751753,-0.03120599,0.03612203,0.05871044,-0.01757999,-0.01140566,-0.07203615,0.03903371,0.03343894,-0.03951794,-0.02730079,0.01093191,0.01154784,0.0059747,-0.01459171,0.14268789,-0.07382743,-0.05795026,-0.08623128,0.02392596,0.04860506,-0.01740137,-0.04914615,0.00435576,-0.18679285,-0.02949941,0.03700327,0.03811857,-0.01137064,-0.06177685,0.01704502,-0.01529904,0.08164797,-0.0531165,0.01767621,-0.00489169,0.01778738,-0.01130914,-0.02805254,0.01981737,-0.07457225,-0.06319796,-0.00787141,0.02123761,-0.05415114,-0.04166865,0.01886736,-0.00098561,0.03827107,-0.01647172,0.03030286,0.05552961,0.01791705,-0.01135198,-0.03213407,0.0277267,0.00307783,-0.22125439,0.05352403,0.01349491,0.00987707,-0.01372141,-0.01409239,0.04008108,0.03319607,-0.07721635,0.02581158,0.01614161,0.03690217,-0.03538724,-0.00968413,-0.00373596,-0.03932395,-0.0131445,-0.04501651,-0.00162366,0.0184618,-0.00219338,-0.00979703,0.00604608,-0.03269845,0.00701339,0.00079677,0.0047031,0.063978,0.00843645,-0.05593064,0.03065994,0.03174762,-0.06965237,0.01832336,0.02855243,0.02607038,-0.0584643,0.14433223,-0.06970564,0.00487441,0.03506439,0.01566827,0.04593322,-0.02955857,-0.01121199,-0.02054697,-0.0413472,-0.00764009,-0.00665072,0.01127023,0.00900322,-0.03610172,0.0203976,-0.0169485,-0.00872483,-0.00709542,0.03820775,-0.02507361,-0.01051031,0.02520359,0.01721454,-0.02561609,0.01410583,-0.00797092,0.00297552,-0.00983269,-0.02401977,0.10197252,0.00557275,0.03322458,-0.02365296,-0.01743688,0.01441298,0.05318714,-0.00507102,0.07253812,0.00135194,0.03038536,-0.05373963,-0.02645208,0.00818993,-0.0919852,0.00204034,0.09951607,-0.08351135,0.02206925,-0.01002161,0.00408622,-0.00991921,0.02417231,-0.02695898,0.00524462,-0.04917241,0.02204313,0.02038724,0.06480559,-0.01858499,-0.01474413,-0.0129983,-0.01213553,-0.08141589,0.1157344,0.09167036,-0.06360786,-0.06981256,0.00680419,0.0337839,-0.04409794,-0.01399782,0.0489278,0.02818274,-0.02899285,0.08283723,0.00166987,-0.00375499,0.03649328,-0.00115054,0.02080513,0.0692758,-0.00766486,-0.05332346,-0.00440252,-0.01184297,-0.08135093,0.00147068,-0.05002976,0.02210009,-0.03447032,-0.09150995,0.0438445,-0.00787685,0.02074411,-0.01435346,-0.05254819,-0.04968528,-0.0081942,0.04249028,-0.05156527,0.163064,0.02026146,-0.02867697,-0.04896545,-0.01833535,0.04052981,-0.00306978,-0.06032418,-0.05655427,0.02433184,-0.01417472,0.00049361,0.07101398,0.04318203,-0.03718671,-0.00213144,-0.02275021,0.06244024,-0.0245367,0.00892619,0.01905626,0.02836683,-0.04497821,-0.2399186,-0.01026394,0.03196035,-0.03324609,-0.00644347,-0.06135868,0.01429078,-0.04348139,0.09576707,0.06216681,0.14183459,0.06443547,-0.06943414,0.04539843,-0.03154637,0.00005905,0.0019824,0.01830009,-0.04284809,-0.03921425,0.00524441,0.01736815,-0.00128583,-0.01968989,0.08132188,0.00706192,0.15294538,0.00526395,-0.02201166,-0.00096977,0.08327583,0.06865688,-0.03245814,-0.07326689,0.08219681,0.09060998,-0.03389191,0.02166058,0.04186024,-0.02511757,0.0086495,0.0803991,-0.03589126,-0.07215931,0.00477301,-0.05816092,0.02599759,-0.01718998,-0.02557307,0.05735725,-0.03109035,-0.00985283,0.06775034,0.02115546,0.04295982,-0.03376637,-0.05311327,0.01483937,-0.00120142,0.04033415,-0.06853513,-0.02160835,0.01514857,-0.03929068,-0.03326853,0.0296606,0.01231498,-0.00864993,0.0467714,0.02090282,0.0344792,0.07164144,-0.00472116,0.01911491,-0.00133282,-0.03526133,0.01668798,-0.00995463,-0.03828993,-0.03020816,-0.06784143,0.04178668,0.02235614,0.00631019,0.00412181,0.0190814,0.01194655,-0.03717633,0.04352866,-0.03751608,-0.03535204,0.03166487,-0.00483692,0.00163468,0.11592253,0.02327316,-0.31445771,0.02949806,0.00896809,0.01072494,-0.03189133,0.02552225,0.01604786,-0.06020887,-0.05362457,0.02762842,-0.05304287,0.04673158,0.06200109,-0.01417145,0.02420307,0.01271034,0.0813828,-0.01656384,0.07544225,-0.02583867,-0.01596375,0.05739999,0.17046086,0.00415193,0.03552039,-0.02329233,0.02991837,-0.00442414,0.07867618,0.07590809,-0.05922129,-0.00646113,0.09048788,-0.0535369,0.03728527,0.09209415,-0.03208298,0.01624167,-0.04485007,0.01595019,-0.01737229,0.03294408,-0.05577101,0.03651992,0.05573462,-0.04143257,-0.06450232,-0.0609025,-0.00029001,-0.00449927,-0.01491007,0.03520686,-0.0175173,-0.04699169,0.03504356,-0.03472482,-0.00356211,-0.02222269,-0.03856306,0.02853568,0.036873,-0.00225663,0.06145287,0.04169489,0.02131433],"last_embed":{"tokens":216,"hash":"1kvu0z9"}}},"text":null,"length":0,"last_read":{"hash":"1kvu0z9","at":1782975298855},"key":"gpts-package/design_system.md#UI診断ディレクター デザインシステム#6. アイコン・装飾規定#6.1 使用OK#{1}","lines":[261,268],"size":208,"outlinks":[],"class_name":"SmartBlock"},
"smart_blocks:gpts-package/design_system.md#UI診断ディレクター デザインシステム#6. アイコン・装飾規定#6.2 使用NG": {"path":null,"last_embed":{"hash":"1btze9b","at":1782975299049},"embeddings":{"TaylorAI/bge-micro-v2":{"vec":[-0.02456034,0.02108914,0.07448447,-0.03879996,-0.00382729,0.04504956,-0.0415854,0.04992373,0.04300654,-0.02638201,-0.0122777,-0.07420113,0.05952498,0.03187811,0.00661789,0.00319354,0.01123431,0.01321391,-0.02092994,-0.02068128,0.14294437,-0.08211385,-0.0633897,-0.07641015,0.02078649,0.03464988,-0.02289344,-0.06705143,-0.01154673,-0.17851184,-0.01770309,0.03661631,0.03228534,-0.02838218,-0.02411499,-0.00176432,-0.01965919,0.06780298,-0.05089581,0.03238025,-0.02679935,0.00686219,-0.03931775,-0.02964464,0.0416984,-0.07125092,-0.06086851,-0.0135247,-0.00447209,-0.06413083,-0.03847164,0.00568344,-0.0106614,0.00988174,-0.02293251,0.01211813,0.06742021,0.02242823,-0.01845009,0.02171352,0.0181781,0.03750222,-0.19859108,0.06829593,0.03754136,-0.00913417,-0.02256901,-0.01341252,0.04508822,0.01683628,-0.07804075,0.063455,0.00424695,0.07231589,-0.02851951,-0.00276034,0.01224585,-0.04704027,-0.01883862,-0.04732133,0.02050552,0.02811864,-0.03472353,0.00041432,-0.01096767,-0.03322833,0.01423981,-0.00857798,-0.01393217,0.03582164,0.01933959,-0.05848832,0.03064806,0.02414201,-0.08244327,0.01832487,0.0245331,0.01266776,-0.04062463,0.1557419,-0.08806862,-0.03310564,0.02549505,0.01420394,0.06243146,-0.02420123,0.02603235,-0.03866036,-0.05033584,0.02721211,-0.01040651,0.02430794,0.02553145,-0.02390184,0.00665848,-0.00932709,-0.02627828,-0.0068581,0.01130148,-0.02935652,-0.00654503,0.01126206,0.02753794,-0.00090535,0.01311148,0.00902973,0.0118869,0.00194015,-0.00323007,0.11169083,0.02629777,0.03778476,-0.04338511,-0.03604095,0.04863072,0.04434791,-0.02593234,0.06129415,-0.01994131,0.04106598,-0.02456711,-0.03967024,0.01955981,-0.08412517,0.03046744,0.0430684,-0.09015963,0.01670558,0.01886044,0.02151184,-0.01075049,0.04858043,-0.01205541,0.01837761,-0.02904646,0.00705753,0.0336548,0.08232113,-0.01457944,0.02022424,-0.00898912,-0.026873,-0.07701591,0.13820021,0.04957905,-0.05531568,-0.08504692,0.02397167,0.01632831,-0.0707877,-0.03813477,0.06889446,0.02242716,-0.03249464,0.06954521,0.00363963,-0.00372608,0.01268767,-0.00768568,0.02056721,0.06753369,-0.00254288,-0.01815778,0.0244803,-0.01563666,-0.0989754,0.01587807,-0.0526778,0.05621539,-0.00955799,-0.09337704,0.04029836,-0.02538273,-0.0204614,-0.05448194,-0.01435229,-0.04671128,-0.04334397,0.02983153,-0.03390139,0.1369317,0.0075926,0.01561806,-0.06603475,-0.03624316,0.04673164,-0.00128756,-0.05384796,-0.03668027,0.02365063,-0.02597664,0.00037552,0.07760003,0.05297245,-0.02227591,-0.00021417,-0.03316206,0.03873559,-0.005634,-0.00953474,-0.00289473,0.02639407,-0.06472514,-0.24877347,-0.00678192,0.02608529,-0.03639994,0.01438655,-0.06205076,0.0060883,-0.02167903,0.10983092,0.07500053,0.14799237,0.03240556,-0.052574,0.05266798,-0.00902743,-0.00060388,0.00393485,-0.0155201,-0.06117105,-0.05536398,-0.02267949,0.0026771,0.00227199,-0.03365233,0.08526945,0.01118399,0.15281667,0.02914313,-0.02913385,-0.01854286,0.05019245,0.08916461,-0.01164839,-0.10043313,0.0633696,0.10986563,-0.04253543,0.00665387,0.03587052,-0.03257482,0.01282709,0.06026187,-0.02523743,-0.09667754,0.00472056,-0.08148374,0.01754426,0.00429315,-0.01654588,0.05261882,-0.01403205,-0.00277136,0.06003766,0.00607117,0.01333202,-0.05986529,-0.02237928,0.02452962,-0.00197019,0.03221042,-0.06995617,-0.02268666,0.01331743,-0.06372327,-0.04438108,0.03830256,-0.00225933,0.00609056,0.04048533,0.01421675,0.03927907,0.08610278,-0.01147014,0.00197237,0.01683196,-0.01058849,0.01175984,-0.0097657,-0.05034975,-0.00968378,-0.012847,0.03905341,0.02268274,0.02583595,0.02961931,0.04791119,0.00382533,-0.03544215,0.06242962,-0.04195287,-0.03188451,0.02433689,-0.01933681,-0.02474248,0.10503262,0.00676011,-0.2961441,0.06053042,0.01680253,0.01058964,0.00197451,0.04122083,0.01067231,-0.04884525,-0.04689411,0.03764638,-0.05074883,0.03873584,0.03815351,-0.02738694,0.01387134,0.0260907,0.07275803,-0.02780965,0.05003124,-0.04213664,-0.02746949,0.01455441,0.18878835,0.00172912,-0.01364063,-0.02749879,0.0274704,-0.03393864,0.04971149,0.08312336,-0.03849705,0.02506761,0.10670942,-0.03839089,0.04918142,0.01181097,-0.02377337,0.03159126,-0.02452527,0.02309426,-0.03471265,0.04429126,-0.05165849,0.01878653,0.0626382,-0.04505146,-0.07367009,-0.01801072,-0.0014089,0.02193204,0.00204944,0.02777616,-0.03731808,-0.06018225,-0.00338326,0.00489239,-0.00419013,-0.00231443,-0.0251735,0.02319649,0.03143134,-0.00222319,0.06982731,0.02654303,0.03391048],"last_embed":{"tokens":183,"hash":"1btze9b"}}},"text":null,"length":0,"last_read":{"hash":"1btze9b","at":1782975299049},"key":"gpts-package/design_system.md#UI診断ディレクター デザインシステム#6. アイコン・装飾規定#6.2 使用NG","lines":[284,295],"size":208,"outlinks":[],"class_name":"SmartBlock"},
"smart_blocks:gpts-package/design_system.md#UI診断ディレクター デザインシステム#6. アイコン・装飾規定#6.2 使用NG#{1}": {"path":null,"last_embed":{"hash":null},"embeddings":{},"text":null,"length":0,"last_read":{"hash":"93favo","at":1782975294683},"key":"gpts-package/design_system.md#UI診断ディレクター デザインシステム#6. アイコン・装飾規定#6.2 使用NG#{1}","lines":[286,295],"size":194,"outlinks":[],"class_name":"SmartBlock"},
"smart_blocks:gpts-package/design_system.md#UI診断ディレクター デザインシステム#7. 出力ファイル規定": {"path":null,"last_embed":{"hash":"1sdt0z5","at":1782975299091},"embeddings":{"TaylorAI/bge-micro-v2":{"vec":[-0.02888955,0.02771063,0.03957659,-0.04683368,0.02227319,0.05729726,-0.04884687,0.01988682,0.05059738,-0.04914616,0.00644612,-0.07393844,0.06138149,0.00111783,-0.00276289,-0.03952326,0.0074666,0.00897386,0.02064598,-0.00004632,0.10829958,-0.08505879,-0.06096062,-0.09379387,0.00987857,0.04077713,-0.01650879,-0.03505956,-0.02692665,-0.1936073,-0.05429643,0.03726818,0.01277925,-0.0222963,-0.02666427,0.01851077,-0.0069738,0.08102754,-0.03804586,0.04730841,-0.02965338,0.02741851,-0.01919065,-0.00849532,0.02502748,-0.0489217,-0.06274705,-0.00850589,0.01928423,-0.04447723,-0.0538016,0.0373657,-0.00492006,0.00254337,-0.07346207,0.00448516,0.05896058,0.0491131,-0.00951304,-0.00214212,0.03767247,-0.00599851,-0.22363435,0.07209202,0.03351358,0.02243968,-0.03346888,-0.00869047,0.06091128,0.03115908,-0.11140607,0.05215634,0.01418407,0.04939457,-0.03788232,-0.01343668,-0.00753028,-0.03901835,-0.04249019,-0.00944182,-0.01439595,0.01881211,-0.04409321,-0.00741154,-0.0237474,-0.03581132,0.00885611,0.00834259,0.01067256,0.04140437,-0.00403531,-0.05200521,0.03618456,0.03355479,-0.06871685,0.0470587,0.020927,0.03743217,-0.00445,0.14494605,-0.09838735,-0.02413136,0.02557311,0.05361744,0.05684149,0.00826697,0.01696308,0.00260343,-0.03623817,0.02488743,-0.0184229,-0.01762071,0.01113876,-0.04446227,0.00266229,-0.00389556,-0.03549703,-0.03835527,0.02685469,-0.03158821,0.0114468,-0.00126538,0.03377276,-0.00104741,0.00835594,-0.00481213,0.00798114,-0.00213005,-0.00557691,0.10772639,0.00350224,0.07656594,-0.0769795,-0.03035371,0.0578362,0.05151391,-0.01847311,0.06465772,-0.02426715,0.02588113,-0.05344158,-0.03923475,0.02397828,-0.05769721,0.00631147,0.08036222,-0.06586695,0.05075333,0.00199905,0.03309907,-0.00270919,0.0439282,-0.05782346,-0.00061136,-0.03282725,-0.01544683,0.04817804,0.05544667,-0.00315699,0.02902015,-0.01599416,-0.01460884,-0.06802202,0.11301526,0.07269131,-0.03826396,-0.04575687,0.00001767,0.05176239,-0.04102635,-0.02170139,0.04667497,0.01709743,-0.04087827,0.06060527,0.01287584,-0.00881295,0.00354488,-0.00276119,0.03308661,0.08228789,0.00717581,-0.04245929,-0.01621907,-0.00583893,-0.08823652,-0.00052204,-0.04309264,0.03089686,-0.0107006,-0.0851816,0.06808044,-0.01099728,0.00686914,-0.02228869,-0.05316188,-0.05297758,-0.00003389,0.02977128,-0.03486985,0.154939,0.01058579,-0.03310175,-0.03602892,-0.01657235,0.00401089,-0.00511126,-0.04893527,-0.04072594,0.01112152,-0.02064709,-0.01001891,0.07140043,0.06055923,-0.02316319,0.01979414,-0.01741029,0.04427023,0.02093826,0.05537263,-0.01581921,0.02451225,-0.06187573,-0.23704998,0.0021754,0.00889986,-0.04605658,0.00292334,-0.0457622,-0.01847673,-0.03873145,0.05601359,0.06149756,0.11974079,0.04649377,-0.08489352,0.02478666,-0.01818848,-0.01094796,-0.01329895,0.00767442,-0.05876549,-0.05038127,0.01925008,0.00034999,-0.03188197,-0.00214753,0.08362853,-0.0034987,0.15041806,-0.00897187,-0.00904841,-0.00062061,0.06771079,0.05877763,-0.04284118,-0.09945618,0.08058525,0.08194933,-0.03862577,0.01822927,0.01970575,-0.02026098,0.0243135,0.04874777,-0.02176265,-0.05297468,-0.02245415,-0.10242754,0.02463968,-0.00263888,-0.00937003,0.05661629,-0.00097723,-0.00553674,0.05596804,0.00174292,0.02005093,-0.05053005,-0.02377864,0.01512708,-0.01605204,0.03415504,-0.02163336,-0.0040276,0.00878089,-0.04499969,-0.04621148,0.00896578,-0.00981061,-0.00735946,0.05794886,0.03366809,0.04249177,0.0685913,-0.00038958,0.00344199,0.01409168,0.02369126,0.04394859,-0.0295357,-0.06004709,-0.03664555,-0.06313436,0.05479147,0.04820161,-0.00481297,0.03182703,0.0096665,0.00549416,-0.03009702,0.06295305,-0.02010385,-0.01464394,0.03912684,-0.00822588,-0.01769809,0.10654363,0.04098499,-0.305397,0.01559656,0.01749909,-0.01889602,-0.00703983,0.030084,-0.02421683,-0.05804904,-0.05171143,-0.01579584,-0.04030313,0.07525031,0.03724759,-0.04081287,0.01986276,-0.00686474,0.09459623,-0.02500199,0.07615241,-0.01146842,-0.00349545,0.01047175,0.18748577,0.01258218,0.01582955,-0.05276595,-0.00401603,0.02274705,0.07000645,0.06001697,-0.03155312,0.02456742,0.09999997,-0.04082531,0.04685558,0.06423605,-0.01349223,0.02776843,-0.05799773,0.04128081,-0.0305658,0.01564947,-0.04908364,0.01431211,0.05677085,-0.03317775,-0.06971177,-0.05199198,-0.01427356,-0.00869796,-0.02791774,0.02276916,-0.02462966,-0.04971818,0.04429754,-0.0119558,0.00126,-0.00097628,-0.03557071,0.00229297,0.06774858,-0.01046101,0.0800391,0.06647776,0.04690033],"last_embed":{"tokens":345,"hash":"1sdt0z5"}}},"text":null,"length":0,"last_read":{"hash":"1sdt0z5","at":1782975299091},"key":"gpts-package/design_system.md#UI診断ディレクター デザインシステム#7. 出力ファイル規定","lines":[296,317],"size":402,"outlinks":[],"class_name":"SmartBlock"},
"smart_blocks:gpts-package/design_system.md#UI診断ディレクター デザインシステム#7. 出力ファイル規定#7.1 標準納品（3ファイル）": {"path":null,"last_embed":{"hash":null},"embeddings":{},"text":null,"length":0,"last_read":{"hash":"1hed30p","at":1782975294683},"key":"gpts-package/design_system.md#UI診断ディレクター デザインシステム#7. 出力ファイル規定#7.1 標準納品（3ファイル）","lines":[298,305],"size":190,"outlinks":[],"class_name":"SmartBlock"},
"smart_blocks:gpts-package/design_system.md#UI診断ディレクター デザインシステム#7. 出力ファイル規定#7.1 標準納品（3ファイル）#{1}": {"path":null,"last_embed":{"hash":null},"embeddings":{},"text":null,"length":0,"last_read":{"hash":"iokpv2","at":1782975294683},"key":"gpts-package/design_system.md#UI診断ディレクター デザインシステム#7. 出力ファイル規定#7.1 標準納品（3ファイル）#{1}","lines":[300,305],"size":169,"outlinks":[],"class_name":"SmartBlock"},
"smart_blocks:gpts-package/design_system.md#UI診断ディレクター デザインシステム#7. 出力ファイル規定#7.2 統合版（明示要求時のみ）": {"path":null,"last_embed":{"hash":null},"embeddings":{},"text":null,"length":0,"last_read":{"hash":"1scu6t9","at":1782975294683},"key":"gpts-package/design_system.md#UI診断ディレクター デザインシステム#7. 出力ファイル規定#7.2 統合版（明示要求時のみ）","lines":[306,311],"size":114,"outlinks":[],"class_name":"SmartBlock"},
"smart_blocks:gpts-package/design_system.md#UI診断ディレクター デザインシステム#7. 出力ファイル規定#7.2 統合版（明示要求時のみ）#{1}": {"path":null,"last_embed":{"hash":null},"embeddings":{},"text":null,"length":0,"last_read":{"hash":"1k3u1w2","at":1782975294683},"key":"gpts-package/design_system.md#UI診断ディレクター デザインシステム#7. 出力ファイル規定#7.2 統合版（明示要求時のみ）#{1}","lines":[308,311],"size":92,"outlinks":[],"class_name":"SmartBlock"},
"smart_blocks:gpts-package/design_system.md#UI診断ディレクター デザインシステム#7. 出力ファイル規定#7.3 サービス名のサニタイズ": {"path":null,"last_embed":{"hash":null},"embeddings":{},"text":null,"length":0,"last_read":{"hash":"971ntx","at":1782975294683},"key":"gpts-package/design_system.md#UI診断ディレクター デザインシステム#7. 出力ファイル規定#7.3 サービス名のサニタイズ","lines":[312,317],"size":80,"outlinks":[],"class_name":"SmartBlock"},
"smart_blocks:gpts-package/design_system.md#UI診断ディレクター デザインシステム#7. 出力ファイル規定#7.3 サービス名のサニタイズ#{1}": {"path":null,"last_embed":{"hash":null},"embeddings":{},"text":null,"length":0,"last_read":{"hash":"1efaeh5","at":1782975294683},"key":"gpts-package/design_system.md#UI診断ディレクター デザインシステム#7. 出力ファイル規定#7.3 サービス名のサニタイズ#{1}","lines":[314,317],"size":59,"outlinks":[],"class_name":"SmartBlock"},
"smart_blocks:gpts-package/design_system.md#UI診断ディレクター デザインシステム#8. 関連ドキュメント": {"path":null,"last_embed":{"hash":"dks10h","at":1782975299177},"embeddings":{"TaylorAI/bge-micro-v2":{"vec":[-0.01555775,0.03958273,0.04378643,-0.05305297,-0.00723301,0.06418385,-0.04298353,0.05290055,0.02140924,-0.03884866,-0.02627276,-0.05901479,0.03644589,0.02292808,-0.01316889,-0.05136209,-0.01475501,0.02117706,0.01459053,-0.01309776,0.17177789,-0.05022879,-0.07629392,-0.06318123,0.02275821,0.08604617,0.01730517,-0.05437164,-0.00454287,-0.19525635,-0.05952247,0.02242321,0.01304788,-0.03047296,0.00973056,-0.00181296,-0.04389001,0.04129336,-0.06097523,0.01187006,-0.01271245,0.04133283,0.01325937,-0.02689156,0.05789729,-0.06308535,-0.06767431,-0.01798138,0.00589757,-0.03771684,-0.03665841,0.048053,0.02577696,0.0030321,-0.03013486,0.00860449,0.0822758,0.03182184,0.03745502,-0.00290943,0.06281908,0.07335754,-0.22036472,0.08105375,0.03359706,0.02904896,-0.0283881,-0.03439739,0.06559813,-0.01721893,-0.06164777,-0.00003987,-0.00753296,0.07186957,-0.03172532,0.02377503,0.00324028,-0.05014491,-0.00344712,-0.0045835,0.00534297,-0.02055411,-0.0067064,0.00659736,-0.01311295,-0.03652585,0.00043395,0.04269449,0.00051579,0.04412936,0.006186,-0.09275717,-0.0065768,0.02411813,-0.05746477,0.01669059,0.01646657,0.02572453,-0.03928528,0.12868692,-0.08740765,0.00325587,-0.01425913,0.05830191,0.0607642,0.02964933,0.01180088,-0.00049747,-0.04095738,-0.02365154,-0.01754007,0.0046732,-0.01387994,-0.02016652,0.00111779,0.03873394,-0.0077335,-0.02883904,0.00585276,-0.01768904,-0.00225689,-0.0347294,0.03736426,0.0023948,0.01093971,-0.01657921,0.03729256,0.00654239,-0.03060829,0.07781845,0.03907059,0.03599432,-0.08091182,-0.00800691,0.02442603,0.02713819,0.02287532,0.02730839,0.0009134,0.02277611,-0.04796122,-0.04388494,-0.0223968,-0.05078277,-0.04042044,0.08539487,-0.07963051,0.05108537,0.00285168,-0.03324951,0.01150662,0.04423492,-0.00361195,-0.02913858,-0.00986855,0.00145856,0.07235728,0.03571234,-0.02440484,0.00113836,-0.00410282,0.00681022,-0.04911745,0.12573446,0.06617433,-0.07301599,-0.03684017,0.01212095,0.0421655,-0.0626958,-0.0124744,0.03830113,0.00096443,-0.00784247,0.01321598,-0.0236583,-0.00434241,0.01995486,-0.01920804,0.03600457,0.08275672,-0.04191189,-0.04465946,0.00667413,-0.02732593,-0.05664842,-0.00571165,-0.04838068,0.05028987,-0.01426516,-0.08709163,0.03834374,0.00044157,0.01166863,-0.01302546,-0.03191284,-0.07446652,-0.03257642,0.02494583,-0.05331144,0.15176116,0.01532771,-0.02147444,-0.02969389,-0.02250412,0.02792676,0.01629192,-0.03577091,0.00326706,0.03802757,-0.04389158,0.01899139,0.07411486,0.04088743,-0.02577777,0.00120314,-0.00018261,0.04762088,-0.02369134,0.04174567,0.01184098,0.02656412,-0.05153031,-0.24110341,0.00114507,0.01332367,-0.03655421,-0.00729583,-0.0216864,-0.02267303,-0.01601488,0.04784895,0.05800977,0.10342643,0.04604968,-0.06870769,-0.00676199,-0.04835377,-0.00278646,0.01834284,0.00155908,-0.04117939,-0.08244728,-0.0291673,0.01921279,-0.03157187,-0.03894247,0.05830624,-0.02515201,0.15349101,-0.0290553,-0.00692073,-0.00827677,0.07121207,0.03070322,-0.05210219,-0.13625091,0.09851037,0.09544079,-0.04060568,0.04303354,0.02358638,-0.04336588,0.007239,0.03784321,-0.0485495,-0.09122434,-0.00893622,-0.09490345,0.05970216,-0.00044764,-0.01991186,0.08383167,0.01162549,0.02127799,0.046119,0.01212006,0.00796403,-0.06689224,-0.06191189,0.02638007,-0.01820521,0.0232426,-0.00757679,-0.03384021,0.00423644,-0.03448451,-0.03211183,0.00484499,-0.02658413,-0.01473138,0.08546104,0.00916164,0.0245574,0.10038988,-0.01747181,-0.01516873,0.00231152,0.02461934,-0.02409828,-0.03969863,-0.02200084,-0.03667799,-0.05625926,0.09531568,0.02964063,0.0406141,0.04575678,0.00505096,0.00144,0.00567877,0.07140755,-0.02067615,-0.0079836,0.05158776,-0.02792732,-0.00730702,0.09842102,0.00393531,-0.30598506,0.0093836,-0.01071302,0.00126187,-0.01004478,0.02946338,0.03486745,-0.00505423,-0.02890001,-0.0184135,-0.03031695,0.05211481,0.04007956,-0.0214678,0.00660062,0.00044997,0.07691389,-0.0135981,0.06058377,-0.02723083,-0.03776819,0.00362695,0.19367804,0.03176012,0.01846933,0.00138207,0.03594559,0.00507066,0.07649533,0.04316496,-0.01587528,0.03111582,0.08772834,-0.0193524,0.07966284,0.0830657,-0.01791395,0.0224323,-0.02450655,0.02390034,-0.00747533,-0.03120644,-0.01222751,-0.00041505,0.07679982,0.00538583,-0.06336576,-0.03944354,-0.01858526,-0.01448099,-0.06102989,-0.00601223,-0.00603875,-0.03184374,0.0172769,0.0038033,0.01571452,-0.02503209,-0.01110179,-0.0061007,0.02367521,-0.02851732,0.07804535,0.04448719,0.02389748],"last_embed":{"tokens":170,"hash":"dks10h"}}},"text":null,"length":0,"last_read":{"hash":"dks10h","at":1782975299177},"key":"gpts-package/design_system.md#UI診断ディレクター デザインシステム#8. 関連ドキュメント","lines":[318,326],"size":254,"outlinks":[],"class_name":"SmartBlock"},
"smart_blocks:gpts-package/design_system.md#UI診断ディレクター デザインシステム#8. 関連ドキュメント#{1}": {"path":null,"last_embed":{"hash":null},"embeddings":{},"text":null,"length":0,"last_read":{"hash":"cuwg52","at":1782975294683},"key":"gpts-package/design_system.md#UI診断ディレクター デザインシステム#8. 関連ドキュメント#{1}","lines":[320,320],"size":73,"outlinks":[],"class_name":"SmartBlock"},
"smart_blocks:gpts-package/design_system.md#UI診断ディレクター デザインシステム#8. 関連ドキュメント#{2}": {"path":null,"last_embed":{"hash":null},"embeddings":{},"text":null,"length":0,"last_read":{"hash":"gt85sx","at":1782975294683},"key":"gpts-package/design_system.md#UI診断ディレクター デザインシステム#8. 関連ドキュメント#{2}","lines":[321,321],"size":66,"outlinks":[],"class_name":"SmartBlock"},
"smart_blocks:gpts-package/design_system.md#UI診断ディレクター デザインシステム#8. 関連ドキュメント#{3}": {"path":null,"last_embed":{"hash":null},"embeddings":{},"text":null,"length":0,"last_read":{"hash":"cfuazx","at":1782975294683},"key":"gpts-package/design_system.md#UI診断ディレクター デザインシステム#8. 関連ドキュメント#{3}","lines":[322,322],"size":49,"outlinks":[],"class_name":"SmartBlock"},
"smart_blocks:gpts-package/design_system.md#UI診断ディレクター デザインシステム#8. 関連ドキュメント#{4}": {"path":null,"last_embed":{"hash":null},"embeddings":{},"text":null,"length":0,"last_read":{"hash":"15ucvog","at":1782975294683},"key":"gpts-package/design_system.md#UI診断ディレクター デザインシステム#8. 関連ドキュメント#{4}","lines":[323,324],"size":42,"outlinks":[],"class_name":"SmartBlock"},
"smart_blocks:gpts-package/design_system.md#UI診断ディレクター デザインシステム#8. 関連ドキュメント#{5}": {"path":null,"last_embed":{"hash":null},"embeddings":{},"text":null,"length":0,"last_read":{"hash":"1alhcef","at":1782975294683},"key":"gpts-package/design_system.md#UI診断ディレクター デザインシステム#8. 関連ドキュメント#{5}","lines":[325,326],"size":4,"outlinks":[],"class_name":"SmartBlock"},
"smart_blocks:gpts-package/design_system.md#UI診断ディレクター デザインシステム#9. 改訂履歴": {"path":null,"last_embed":{"hash":"gjjpbm","at":1782975299221},"embeddings":{"TaylorAI/bge-micro-v2":{"vec":[-0.02714941,0.02516889,0.03323905,-0.02287372,0.02633606,0.03717756,-0.04461702,0.02839972,0.03399441,-0.00994838,0.01385858,-0.06677033,0.02481994,0.03725451,-0.01933934,-0.02118016,-0.00271532,-0.01562288,0.00001389,-0.022522,0.13872853,-0.06140089,-0.05106799,-0.08037825,0.02415126,0.04074553,-0.01053372,-0.07079466,-0.02013551,-0.19986011,-0.08494966,0.04054035,-0.00245961,-0.01968596,-0.03842232,0.01115716,-0.01058082,0.0955026,-0.03938575,0.05201971,-0.0105209,0.01548992,-0.00913439,-0.01429595,-0.00556672,-0.03447697,-0.06040975,0.0031665,0.00909529,-0.05901207,-0.02599748,0.02200003,-0.02420688,0.00344142,-0.02453464,0.0114003,0.05277224,0.04482694,-0.0033603,-0.00488913,0.02674962,0.03840933,-0.24247161,0.05081434,0.01461824,0.0058274,0.00605513,-0.01543178,0.07416172,0.03191246,-0.07564968,0.01270274,0.00223698,0.05446284,-0.06661402,-0.00037983,0.05151516,-0.06012923,-0.03414117,-0.04457673,-0.02825078,0.02622901,-0.03006307,-0.01840966,0.00686087,-0.03091065,-0.00014397,0.00099517,0.00434147,0.0417073,0.00110725,-0.09874164,0.05030382,0.01535112,-0.090201,-0.00376129,0.03634991,0.01927162,-0.06817243,0.12834282,-0.04790617,-0.01918603,0.04256451,0.00831753,0.09056969,-0.00491185,-0.00115968,-0.02219996,-0.05206817,0.01118678,-0.03618077,0.006744,0.04271909,-0.03248402,-0.03090427,0.04477231,-0.03410172,-0.00624866,0.02587854,-0.05860936,-0.02123917,-0.00434428,0.04454719,0.00363086,0.00618861,-0.00938861,0.01422175,-0.01432135,-0.02221862,0.08821596,0.00883415,0.05144159,-0.03914863,-0.01682599,0.03655047,0.05155307,-0.01656916,0.0570497,-0.0117692,0.02748903,-0.03923837,-0.03838764,0.01947839,-0.0910624,-0.01338718,0.06045122,-0.07816385,0.04737769,-0.00695305,-0.0047341,0.01412557,0.05784499,0.00514307,-0.01979273,-0.07058886,0.00986784,0.06273291,0.08401826,-0.03404835,0.01323804,0.00548917,0.01823334,-0.06060784,0.11161418,0.04424515,-0.06262709,-0.03393733,0.01874523,0.04247745,-0.03327499,-0.00070724,0.07302577,0.02757399,-0.0308919,0.08024348,-0.01361698,0.01698119,0.03541687,0.01822503,0.02526503,0.07706193,-0.03213853,-0.05943487,0.00295705,0.02939239,-0.09703269,-0.01097798,-0.01186596,0.04186491,-0.02730722,-0.06542502,0.05115375,0.004156,0.04977301,-0.02507997,-0.05765843,-0.06320238,-0.0241031,0.01893631,-0.06292483,0.13598387,-0.01425778,-0.01856772,-0.04805362,-0.00360961,-0.00475405,0.01134035,-0.04250884,-0.05651317,0.00527753,-0.01683965,-0.00945911,0.06551835,0.03674464,-0.00786319,-0.02045294,-0.01613525,0.0807256,-0.03086682,0.01460304,0.01850962,0.01773631,-0.05975335,-0.22467075,-0.01503304,0.03288896,-0.05791004,-0.00829405,-0.04023704,0.03794372,-0.0232354,0.09113587,0.0485323,0.12149189,0.06288331,-0.06491482,0.02400175,-0.01328927,-0.01736355,0.00876814,0.02148814,-0.00104599,-0.0313579,0.00723587,0.00465197,-0.00678549,-0.00161966,0.05022192,-0.02176801,0.14319757,-0.00965596,-0.02920369,0.01522706,0.03014944,0.03521481,-0.01208473,-0.09012724,0.06984814,0.09838325,-0.03482988,0.0281473,0.01297808,0.00394836,0.03657518,0.06940824,-0.04330225,-0.0754279,0.00838984,-0.09006866,0.04543742,-0.03084263,-0.0514323,0.05507473,-0.01860275,-0.00187253,0.05254811,0.04194036,0.0200042,-0.02906975,-0.05788304,0.01201949,0.00104843,0.01667291,-0.03807028,-0.01726455,0.00381821,-0.04381806,-0.03643377,0.02175995,-0.01608713,-0.01491134,0.02925118,0.00796651,0.02776386,0.08760924,-0.00265297,0.01614497,0.03576413,-0.00534413,0.00546877,-0.01575314,-0.0234933,-0.01846213,-0.03521517,0.06758811,0.04013223,-0.00328624,0.02853469,0.03881821,0.01624249,-0.02812973,0.08260711,-0.01917721,-0.05148919,0.02777616,0.03715045,-0.01325157,0.11117765,0.03273059,-0.32137176,0.01007199,0.01388081,0.01846893,0.00897458,0.01256545,-0.0046323,-0.02930453,-0.0712494,0.04714416,-0.06525199,0.02940589,0.0154125,-0.04023409,0.02161526,-0.00883769,0.10492618,-0.05289701,0.04720142,-0.00582475,-0.01062326,0.03305491,0.1761173,0.00298243,0.02789559,-0.02882156,0.01077985,0.01752891,0.05729482,0.08158834,-0.03720311,0.02821001,0.10216928,-0.05391252,0.03639124,0.08373242,0.00213544,0.02187107,-0.05033905,-0.00372964,-0.02998146,0.03927336,-0.04249903,0.01640535,0.06864346,-0.03055638,-0.0576525,-0.07713421,0.00125816,-0.03758248,-0.04307335,-0.00278244,-0.01601549,-0.04294662,0.0377893,-0.01580166,-0.01546702,0.01497897,-0.02240345,-0.00548652,0.02111746,-0.01178072,0.04219351,0.06752147,0.06582367],"last_embed":{"tokens":297,"hash":"gjjpbm"}}},"text":null,"length":0,"last_read":{"hash":"gjjpbm","at":1782975299221},"key":"gpts-package/design_system.md#UI診断ディレクター デザインシステム#9. 改訂履歴","lines":[327,334],"size":348,"outlinks":[],"class_name":"SmartBlock"},
"smart_blocks:gpts-package/design_system.md#UI診断ディレクター デザインシステム#9. 改訂履歴#{1}": {"path":null,"last_embed":{"hash":"10ch0ot","at":1782975299294},"embeddings":{"TaylorAI/bge-micro-v2":{"vec":[-0.02610537,0.02584896,0.03287147,-0.02578706,0.02488879,0.03858623,-0.04763721,0.0231115,0.0336493,-0.01130619,0.01638512,-0.06516694,0.02495935,0.03536808,-0.02094979,-0.0229231,-0.00253066,-0.01717605,0.00165749,-0.02003865,0.13778104,-0.06373599,-0.05013337,-0.07853235,0.02543154,0.04002991,-0.01224954,-0.07235028,-0.02034954,-0.19983797,-0.08556511,0.03760841,-0.00313442,-0.01688234,-0.03487847,0.01127385,-0.01143275,0.09595302,-0.03800191,0.05462642,-0.01079897,0.01701702,-0.00676802,-0.0152467,-0.00571771,-0.03839314,-0.05882922,0.00288462,0.01233915,-0.06166838,-0.02317413,0.02218352,-0.02634053,0.00377344,-0.02265949,0.00976025,0.05362659,0.04462165,-0.00485778,-0.00902817,0.02520602,0.04183636,-0.24355577,0.0510103,0.01570071,0.00419607,0.00335765,-0.01271046,0.07330395,0.0333048,-0.07706282,0.01108651,0.0035165,0.05483351,-0.06811561,-0.00039994,0.05304773,-0.06103763,-0.03253672,-0.04494528,-0.02759224,0.02722208,-0.02971513,-0.02055949,0.00429641,-0.03216242,0.00125022,0.00060665,0.00310635,0.04121619,0.00189186,-0.09952199,0.0514098,0.01490172,-0.09324378,-0.0065808,0.03655886,0.01860377,-0.06915943,0.12764117,-0.04587872,-0.01882189,0.04163152,0.00751363,0.0897609,-0.00581428,-0.00501865,-0.02305969,-0.05012609,0.00827754,-0.03989016,0.00647226,0.0451308,-0.0322917,-0.03170113,0.04664566,-0.03091028,-0.00651135,0.02473439,-0.05628376,-0.02147882,-0.00398168,0.04395081,0.00339016,0.00717735,-0.00933774,0.01666928,-0.01533695,-0.02438711,0.08851021,0.00780235,0.0499723,-0.03762544,-0.0184519,0.03574437,0.05225664,-0.01838898,0.05633612,-0.01189411,0.02633634,-0.04022463,-0.03590322,0.01691324,-0.09088913,-0.01225934,0.06435206,-0.07924808,0.0439051,-0.0056316,-0.00521033,0.01462394,0.05842746,0.00552521,-0.0235948,-0.07068545,0.00776944,0.06378213,0.08276119,-0.03898448,0.01520754,0.00858922,0.01902055,-0.05995938,0.11269952,0.0428884,-0.0630293,-0.03118587,0.01744551,0.04072163,-0.03287809,0.00185996,0.06965668,0.02934321,-0.03340333,0.07780342,-0.01449881,0.013306,0.03591429,0.02206881,0.0228284,0.07432354,-0.03119996,-0.06005375,0.00246558,0.03027311,-0.09495796,-0.01079284,-0.01045729,0.04267131,-0.03092383,-0.06502993,0.05092372,0.00223883,0.05207725,-0.0225384,-0.05731063,-0.06423949,-0.01986828,0.01897244,-0.06279401,0.13544898,-0.01629835,-0.01863374,-0.04818652,-0.00209959,0.00014836,0.01334113,-0.04360391,-0.05384469,0.00611712,-0.01997994,-0.01042001,0.06342865,0.03506368,-0.0061174,-0.01927597,-0.01578066,0.08208051,-0.03312525,0.01434865,0.0188764,0.01498629,-0.05879441,-0.22184707,-0.01466301,0.03373166,-0.05595073,-0.00708053,-0.03932018,0.03985098,-0.02495993,0.09175244,0.04848731,0.12126464,0.06406682,-0.06772873,0.02291309,-0.01298444,-0.01938398,0.0089568,0.02163263,0.00248934,-0.02685046,0.00898973,0.00495893,-0.00887788,-0.00033327,0.05052811,-0.02199695,0.14139381,-0.00857714,-0.02944584,0.0161602,0.03541356,0.03567037,-0.0110972,-0.09160009,0.07154337,0.09513996,-0.03396627,0.02796625,0.01362956,0.00444147,0.03768972,0.07181326,-0.04108099,-0.07336374,0.00921063,-0.08975764,0.04651307,-0.03043231,-0.04931559,0.0533184,-0.0210043,0.00099969,0.05229062,0.04178056,0.01953585,-0.02805219,-0.0553408,0.01299528,-0.00107063,0.01620446,-0.03392753,-0.01779339,0.00303816,-0.04187211,-0.03604498,0.02077738,-0.01779432,-0.0161517,0.03223229,0.00894682,0.02708728,0.08764172,-0.0045964,0.01747314,0.03723947,-0.00657376,0.00584232,-0.01645925,-0.02412364,-0.01999146,-0.03487632,0.06623127,0.03755751,-0.00227276,0.02864248,0.03620539,0.01629082,-0.02447292,0.08204761,-0.01767881,-0.05107464,0.02816452,0.03544979,-0.01311895,0.11209765,0.03022286,-0.32318971,0.00992546,0.01245085,0.01782791,0.00846695,0.01165138,-0.00322816,-0.02718287,-0.07293939,0.04889739,-0.06579097,0.03034756,0.01423719,-0.04330119,0.02010638,-0.00935621,0.10522034,-0.05168735,0.05169679,-0.00146285,-0.00992278,0.0311273,0.17573678,0.00245093,0.03019994,-0.03081058,0.01124323,0.02116091,0.05598575,0.07983849,-0.03554429,0.02564002,0.10439291,-0.05519665,0.0313213,0.08523392,0.00555716,0.02478205,-0.04996806,-0.00282862,-0.0279617,0.0405924,-0.03957791,0.01255963,0.06810412,-0.03004885,-0.05811356,-0.07708669,0.0014847,-0.03955795,-0.04249987,-0.00204724,-0.01385963,-0.04693966,0.0376953,-0.01705857,-0.01138611,0.01001852,-0.02415977,-0.00696492,0.0209015,-0.01264272,0.03818959,0.0693311,0.06899855],"last_embed":{"tokens":296,"hash":"10ch0ot"}}},"text":null,"length":0,"last_read":{"hash":"10ch0ot","at":1782975299294},"key":"gpts-package/design_system.md#UI診断ディレクター デザインシステム#9. 改訂履歴#{1}","lines":[329,334],"size":336,"outlinks":[],"class_name":"SmartBlock"},
"smart_blocks:gpts-package/design_system.md#UI診断ディレクター デザインシステム#3. 配色規定#3.4 色の意味付けルール（v1.2追加・厳守）": {"path":null,"last_embed":{"hash":"1ogzdwq","at":1782975298220},"embeddings":{"TaylorAI/bge-micro-v2":{"vec":[-0.02918159,0.02625128,0.02449691,-0.03374599,0.00675755,0.04243718,-0.02450393,0.06890789,0.04149928,0.00287509,-0.00851467,-0.07662845,0.02007096,0.04976628,-0.00196412,-0.02287458,-0.01171074,0.02117604,-0.01632189,-0.02932024,0.1519179,-0.06068545,-0.02187684,-0.06400537,0.04428459,0.04194848,-0.01476032,-0.05586534,-0.00552336,-0.19014145,-0.05220972,0.05364056,0.02836993,-0.03559684,-0.05187216,0.03248847,-0.02758422,0.08612058,-0.04201062,0.04622366,-0.01500359,0.01250943,-0.00167112,-0.03432073,-0.00291356,-0.04713409,-0.04406026,-0.01375745,-0.00136361,-0.05186013,-0.0224083,0.01617138,-0.02841186,0.00462674,-0.01358554,0.00989467,0.06171221,0.03895066,0.00900355,-0.02532317,0.04959776,0.03021233,-0.22452325,0.05645676,0.02117233,0.0057907,0.02337087,0.00145971,0.07002762,0.04218957,-0.06855904,0.03748973,0.00139864,0.06524449,-0.07461683,-0.00465702,0.0375701,-0.05254676,-0.02228511,-0.05486905,-0.01660777,0.02388852,-0.03554284,-0.01998157,0.01824794,-0.03425854,-0.00082928,-0.02230451,0.00838507,0.07027258,-0.02465891,-0.0727628,0.03363049,0.04322811,-0.08826719,0.02254774,0.00107662,0.02288375,-0.08383671,0.13576867,-0.0263388,-0.01342463,0.04179422,0.01268816,0.08584249,-0.00389333,-0.00962009,-0.04267371,-0.05484946,0.03775702,-0.03957798,0.01095826,0.01111214,-0.02854817,-0.01692622,0.04177937,-0.01850458,-0.0215977,0.00721788,-0.07050964,0.00007138,-0.0124025,0.02283859,-0.03241037,-0.02072459,-0.02258269,0.01669685,0.01608322,-0.02786998,0.09041841,0.02048995,0.0218651,-0.06264309,-0.00741812,0.03464429,0.0437931,-0.0042275,0.04921697,-0.01754977,0.03037954,-0.01701665,-0.04006347,0.0059081,-0.10123503,0.01311123,0.06014504,-0.09162705,0.02213657,-0.00960133,0.00697309,0.01746676,0.06622221,-0.00451169,0.00125283,-0.06530352,-0.01157883,0.06531826,0.09986195,-0.01581956,-0.00594204,-0.02427868,0.01101983,-0.05216433,0.10570031,0.06219268,-0.05429376,-0.05268523,0.0240569,0.02279183,-0.01653509,-0.02240623,0.10260183,0.01398942,-0.05499735,0.0858955,0.00007224,0.02547905,0.03237065,0.02713907,0.01584687,0.06144796,-0.04142511,-0.03262961,-0.01554974,0.02107155,-0.08340529,-0.00098158,-0.01650955,0.03570233,-0.02371088,-0.0707667,0.03952096,0.00905767,0.03655047,-0.03282253,-0.04953915,-0.07625099,-0.04806447,0.02644579,-0.04430676,0.15117098,0.00182709,-0.02188073,-0.0333797,0.01002239,0.0257173,0.00131613,-0.02326404,-0.06184405,0.00957553,-0.04057889,0.02961081,0.07148062,0.0336153,0.00060022,-0.02762095,-0.01993546,0.07242654,-0.04703972,0.01423472,0.01624206,0.02493198,-0.03111505,-0.25453544,-0.01269937,0.02625624,-0.05799261,-0.02597975,-0.04277959,0.04006149,-0.02393635,0.0808206,0.03319327,0.13489981,0.06260938,-0.05054962,0.02930398,-0.00442474,-0.01371374,-0.00241265,0.01465046,-0.03447123,-0.03768919,0.00046221,0.0090758,0.00994372,-0.01137691,0.06108744,-0.01918887,0.16380237,0.01088231,-0.01846508,0.00289009,0.04173314,0.03671005,-0.02927136,-0.06485379,0.07081296,0.07979926,-0.01003677,0.04183836,0.01519371,-0.01104902,0.02135845,0.06614885,-0.03800641,-0.07526313,0.00986902,-0.08572595,0.04155774,-0.03422245,-0.0459998,0.05227241,-0.00800767,-0.00495966,0.06919551,0.02638758,0.01056888,-0.01098385,-0.06645805,-0.0026277,-0.00427519,0.0368113,-0.047509,0.01274392,-0.00218078,-0.05054772,-0.02459484,0.0239449,0.00774061,-0.0185513,0.02633984,0.02775906,0.03689745,0.08813525,0.02219766,0.01109758,0.05239262,0.00355293,-0.02543614,-0.04665976,-0.04530026,-0.03053213,-0.0543934,0.06877661,0.01734327,-0.02362217,0.01938693,0.03184775,-0.00214565,-0.05788056,0.06871511,-0.02377293,-0.06994721,0.03198896,0.00706617,-0.01322713,0.09160975,-0.00514337,-0.30546573,0.00580793,0.00904288,0.01655591,0.0055796,0.01781342,-0.00890907,-0.04843853,-0.06339057,0.04226841,-0.06703289,0.03148017,0.01308082,-0.0255455,0.00468258,0.00960547,0.0989819,-0.04327557,0.03281152,-0.02680854,-0.02152997,0.03701631,0.16721262,0.0111316,0.05329061,-0.02177913,0.0242836,0.00048365,0.046204,0.07350591,-0.02272417,0.00858867,0.11064275,-0.04379129,0.05166304,0.05995661,0.00230611,0.02081113,-0.04164645,-0.01741316,-0.02487226,0.02211101,-0.02743762,0.0035326,0.07945862,-0.02995541,-0.04695806,-0.06623249,-0.00719363,0.0020662,-0.0457365,0.01392692,-0.03313377,-0.04444234,0.05321404,-0.01718557,-0.01309857,0.02623981,-0.03288053,0.01201988,0.01894252,-0.01539025,0.05620752,0.02567771,0.06889154],"last_embed":{"tokens":344,"hash":"1ogzdwq"}}},"text":null,"length":0,"last_read":{"hash":"1ogzdwq","at":1782975298220},"key":"gpts-package/design_system.md#UI診断ディレクター デザインシステム#3. 配色規定#3.4 色の意味付けルール（v1.2追加・厳守）","lines":[190,202],"size":407,"outlinks":[],"class_name":"SmartBlock"},
"smart_blocks:gpts-package/design_system.md#UI診断ディレクター デザインシステム#3. 配色規定#3.4 色の意味付けルール（v1.2追加・厳守）#{1}": {"path":null,"last_embed":{"hash":"10tfnxn","at":1782975298286},"embeddings":{"TaylorAI/bge-micro-v2":{"vec":[-0.02974211,0.0231795,0.02402762,-0.03087308,0.00674951,0.04108959,-0.0285662,0.06621476,0.03922585,0.00257904,-0.00510717,-0.07857081,0.01669822,0.04790946,-0.00228146,-0.02325491,-0.01271571,0.01820458,-0.02034975,-0.0256729,0.14974052,-0.05933444,-0.02010945,-0.06315973,0.04563226,0.04096013,-0.01658667,-0.05679641,-0.00672702,-0.19118392,-0.05303726,0.04850132,0.02582354,-0.0318833,-0.05217507,0.02851725,-0.03072733,0.08977521,-0.04577345,0.04319086,-0.00912082,0.01247713,-0.00372896,-0.02871915,-0.00522945,-0.04660656,-0.04489183,-0.01303069,0.00227485,-0.05499583,-0.01698551,0.01792259,-0.02347665,0.00817463,-0.01265658,0.01184702,0.06237236,0.03292319,0.006742,-0.02576399,0.05587184,0.03176002,-0.22463222,0.05238243,0.02198438,0.01137819,0.02404584,0.00287641,0.063657,0.04271097,-0.06933253,0.03583573,-0.00078754,0.06439912,-0.07954744,-0.00490138,0.03817906,-0.04903147,-0.01968408,-0.05544663,-0.01434569,0.02501116,-0.03559267,-0.02066659,0.01695456,-0.03802987,-0.00039678,-0.02170098,0.0084531,0.06805103,-0.0185632,-0.07459962,0.03227977,0.04028708,-0.08232853,0.02015664,0.00051041,0.01490575,-0.08163864,0.13625526,-0.02472562,-0.01104191,0.04365752,0.01610492,0.08510289,-0.00121658,-0.00994226,-0.04094504,-0.05276098,0.03663959,-0.0395169,0.00970626,0.01036553,-0.0285896,-0.01812732,0.04225415,-0.02372766,-0.02434757,0.00676375,-0.0706825,0.00142029,-0.01252765,0.0246001,-0.03901141,-0.01990253,-0.02441117,0.01529497,0.01741691,-0.0304764,0.09081338,0.01885638,0.02249514,-0.06586247,-0.01397863,0.03382584,0.04604512,-0.00523008,0.04998968,-0.01346099,0.03294621,-0.01951588,-0.04261072,0.00653307,-0.09938508,0.01440782,0.06025603,-0.08648884,0.02449904,-0.00784757,0.00787077,0.01874716,0.0676467,-0.00461362,0.00130564,-0.06745852,-0.01089015,0.06409281,0.09421111,-0.01603301,-0.0054539,-0.02571413,0.00725619,-0.04815067,0.10633788,0.06337649,-0.05374771,-0.04720044,0.02525665,0.02630666,-0.01737317,-0.022125,0.10708237,0.01083871,-0.05643536,0.088029,-0.00452143,0.02571746,0.02965453,0.03107627,0.02130457,0.06411275,-0.04270013,-0.03085867,-0.01199945,0.02244666,-0.08099466,-0.00338156,-0.01264933,0.033125,-0.02079245,-0.06773032,0.03932875,0.00564707,0.03873137,-0.02880001,-0.04882091,-0.07748262,-0.04581435,0.02588757,-0.04231715,0.15421993,0.00153927,-0.01890777,-0.03393681,0.00928378,0.02501792,0.00549667,-0.02118789,-0.06769651,0.00690601,-0.04012615,0.03028437,0.07396182,0.03513175,-0.00285673,-0.02621862,-0.02320432,0.07132587,-0.04918855,0.01375489,0.01277987,0.02595186,-0.03110077,-0.25458318,-0.01305491,0.03027702,-0.06228248,-0.0236498,-0.04000796,0.04209227,-0.02160168,0.08607629,0.03626833,0.14150603,0.05872002,-0.0460398,0.02726281,-0.00060268,-0.00968361,0.00046678,0.01942055,-0.03354872,-0.04195384,0.00235209,0.00811135,0.00635984,-0.01429124,0.06184621,-0.01299106,0.16843899,0.0126541,-0.0193444,0.005277,0.04362774,0.03347478,-0.03424453,-0.06578168,0.07247117,0.08158227,-0.00721922,0.03920744,0.01098767,-0.0117925,0.01949508,0.0661762,-0.03662426,-0.07098518,0.00640629,-0.08666538,0.04279657,-0.03903326,-0.03937613,0.05554602,-0.00748253,-0.00491583,0.06919799,0.02863719,0.00917496,-0.01299477,-0.06673255,0.00125727,-0.00967298,0.03596896,-0.04534606,0.00842556,-0.00440899,-0.04532599,-0.02365665,0.02191421,0.00721441,-0.02001584,0.02983062,0.02949374,0.03945124,0.08696176,0.02318984,0.00756807,0.05778712,0.00448024,-0.02414393,-0.04300106,-0.03978486,-0.03018947,-0.0565708,0.06564407,0.02088752,-0.01884953,0.01903385,0.03295007,-0.00549193,-0.05990383,0.06598445,-0.0274998,-0.06878322,0.0340091,0.00872844,-0.0114943,0.08811189,-0.00310456,-0.30394202,0.00420258,0.00555722,0.01646009,0.00568039,0.01555223,-0.01133384,-0.05225559,-0.06181787,0.04028428,-0.06551813,0.03385756,0.01168936,-0.02707334,0.00074503,0.00522917,0.09772842,-0.04566776,0.03233406,-0.02997199,-0.01974955,0.04068193,0.16512679,0.01132416,0.04896315,-0.02093611,0.02549063,0.00115704,0.04328208,0.07415508,-0.02949374,0.00810648,0.10678775,-0.04319771,0.05554978,0.06738308,0.0082205,0.01702143,-0.04298742,-0.0148893,-0.0267972,0.01951112,-0.02896321,-0.00024237,0.08128446,-0.02830469,-0.05013939,-0.0679211,-0.01052657,-0.00410308,-0.05095718,0.00983552,-0.03372601,-0.04702243,0.05006361,-0.01524963,-0.01483197,0.02800479,-0.02802341,0.00983034,0.01843268,-0.01707008,0.05795396,0.02440179,0.06807791],"last_embed":{"tokens":342,"hash":"10tfnxn"}}},"text":null,"length":0,"last_read":{"hash":"10tfnxn","at":1782975298286},"key":"gpts-package/design_system.md#UI診断ディレクター デザインシステム#3. 配色規定#3.4 色の意味付けルール（v1.2追加・厳守）#{1}","lines":[192,202],"size":377,"outlinks":[],"class_name":"SmartBlock"},
"smart_blocks:gpts-package/design_system.md#UI診断ディレクター デザインシステム#6. アイコン・装飾規定#6.1 使用OK#行動喚起帯 詳細規定（v1.2）": {"path":null,"last_embed":{"hash":"ys29ym","at":1782975298900},"embeddings":{"TaylorAI/bge-micro-v2":{"vec":[-0.02452594,0.01527684,0.02867902,-0.07294814,0.00373805,0.03276433,-0.05396219,0.03908354,0.04491629,-0.02714897,-0.01055668,-0.0801822,0.0330519,0.05007963,-0.03103985,-0.03370089,0.03472876,0.01402926,-0.02146098,0.0217771,0.13976079,-0.03840392,-0.03170442,-0.07241473,0.03061705,0.0400121,-0.00712225,-0.07267607,-0.01101815,-0.19716693,-0.0726026,0.02654929,0.02840191,0.00027852,-0.00074366,0.04407941,-0.03760311,0.06453974,-0.00782457,0.02868626,-0.01394034,0.03924856,0.01554015,-0.0215852,0.00529068,-0.04335888,-0.08803384,-0.00719599,-0.00328546,-0.04037043,-0.04125549,0.03819022,-0.00454568,0.01785092,-0.02689492,0.03513975,0.06485174,0.01953338,0.00753564,-0.00797639,0.03841058,0.00947755,-0.23999679,0.06618258,0.03226069,-0.01186597,-0.02676463,0.0024903,0.05512946,0.02807998,-0.06358171,0.01564542,0.02720236,0.07628596,-0.03188992,0.00669638,0.02474866,-0.04280932,-0.01214778,-0.0388731,-0.03524745,0.01277421,-0.02128264,-0.03427448,0.00331453,-0.03793379,0.01395729,0.00878115,-0.02031012,0.04550125,0.00477825,-0.08741185,0.05098364,0.01909692,-0.07328025,-0.01770458,0.00028115,0.01588357,-0.0633305,0.11403535,-0.04538875,-0.00252262,0.01023584,-0.00027831,0.07339869,0.00025859,0.00434153,-0.00911022,-0.03662862,0.00253249,-0.04605468,0.01290419,0.03184211,-0.00617135,-0.02706823,0.03266687,-0.02144996,-0.0215252,0.02813752,-0.05164959,-0.03243059,-0.00470206,0.00800599,-0.01091523,-0.0101929,0.00371279,0.04069918,-0.00378027,-0.002256,0.08086022,-0.02027668,0.03028015,-0.03595891,-0.0221837,0.00069504,0.06252111,0.0015232,0.06625639,-0.00740028,0.00185778,-0.04965789,-0.05541718,0.00167923,-0.07795214,-0.00271993,0.07361623,-0.1103296,0.02984973,0.01386516,-0.02520237,-0.0321736,0.04000969,-0.01663931,-0.02255762,-0.02558156,0.00983161,0.04170791,0.07496705,-0.03074547,-0.01292597,0.001043,0.01417261,-0.07862164,0.09451522,0.04616791,-0.07055236,-0.03349668,0.04641963,0.03748865,-0.06619412,0.01347317,0.0290446,0.04873583,-0.00230195,0.06837261,-0.02796157,0.02838346,0.06277318,-0.01281625,0.0028741,0.06019448,-0.04492183,-0.05420654,0.01414948,0.01670156,-0.07263578,-0.00139885,-0.0397336,0.08451284,-0.0331498,-0.07043836,0.03007261,-0.00009103,-0.00050757,-0.03500847,-0.06788255,-0.05357393,0.00765922,0.032117,-0.05112317,0.17442581,0.02534161,-0.02309867,-0.0403461,0.01299513,0.04291977,0.02604535,-0.04815173,-0.02350212,0.01366078,-0.0339131,-0.0051106,0.06609076,0.0419555,0.0137493,-0.01202417,-0.01335451,0.08734616,-0.01925406,0.00261973,0.044209,-0.01658113,-0.05980773,-0.25307474,-0.01732612,0.04215105,-0.04171798,0.00126654,-0.05126662,0.04382078,-0.05325915,0.09841105,0.03060546,0.11184129,0.03895529,-0.09042034,0.01576357,-0.03822665,-0.01522654,-0.00001796,0.0165097,-0.03373578,-0.01308712,-0.01568925,0.06491391,-0.01192759,0.00205812,0.05701422,-0.01902587,0.14630222,-0.02458195,-0.03656173,-0.01091864,0.05988921,0.05130885,-0.01803529,-0.08649442,0.1156759,0.07403752,-0.06114216,0.01889411,-0.00393273,-0.01365565,0.0224029,0.0684149,-0.02393754,-0.06247329,-0.00530476,-0.06235936,0.03568823,-0.02789185,-0.05275242,0.03377058,-0.05372634,-0.00236129,0.05428884,0.02308785,0.04493766,-0.04481399,-0.0857935,0.00224164,0.00303068,0.02455883,-0.04509097,-0.02772982,-0.0014314,-0.0123499,-0.03415994,0.05571014,0.02297598,0.01855569,0.0385739,0.00015444,0.02799488,0.06172458,-0.01708427,0.01392316,0.04094598,-0.02087402,-0.00504773,-0.01337302,-0.02416942,-0.01661153,-0.02096051,0.08307637,0.02902681,0.01430358,0.01552041,0.01403109,0.02160688,-0.00768775,0.09583013,-0.0381486,-0.01106962,0.02061916,0.01672642,0.01353495,0.11573196,0.00435371,-0.32100189,0.00715383,-0.01627491,0.01836327,-0.01222211,0.00903885,0.01646172,-0.0312744,-0.06382963,0.0468646,-0.0756823,0.03218899,0.05260113,-0.04366145,0.01901559,0.0139193,0.06830435,-0.01914208,0.07373131,-0.02133474,-0.0331387,0.02642749,0.15770093,-0.00831703,0.02608402,-0.0345211,0.02683437,-0.0113942,0.05041837,0.05908488,-0.04485682,0.03148084,0.11333437,-0.04838954,0.0457539,0.08585373,-0.00048384,0.05069136,-0.02721037,-0.01392336,-0.01055157,0.03580748,-0.03275673,0.0108203,0.07101136,-0.03045021,-0.03441983,-0.0266449,0.03822063,-0.01043422,-0.02610664,0.02874005,-0.01984603,-0.05118379,0.03224121,-0.01585753,-0.00418035,0.00460943,-0.02281338,0.00686927,0.02999119,-0.03574833,0.0287181,0.06845885,0.0389933],"last_embed":{"tokens":305,"hash":"ys29ym"}}},"text":null,"length":0,"last_read":{"hash":"ys29ym","at":1782975298900},"key":"gpts-package/design_system.md#UI診断ディレクター デザインシステム#6. アイコン・装飾規定#6.1 使用OK#行動喚起帯 詳細規定（v1.2）","lines":[269,283],"size":399,"outlinks":[],"class_name":"SmartBlock"},
"smart_blocks:gpts-package/design_system.md#UI診断ディレクター デザインシステム#6. アイコン・装飾規定#6.1 使用OK#行動喚起帯 詳細規定（v1.2）#{1}": {"path":null,"last_embed":{"hash":"1kq0513","at":1782975298976},"embeddings":{"TaylorAI/bge-micro-v2":{"vec":[-0.02063004,0.00993651,0.03130754,-0.06828177,0.00333315,0.03331147,-0.05240488,0.03975678,0.04095203,-0.02931441,-0.00487431,-0.08034178,0.03488235,0.05351688,-0.02748356,-0.03072613,0.03169811,0.01462648,-0.02509257,0.0207059,0.14257474,-0.03831574,-0.03535047,-0.07381689,0.03553925,0.04010143,-0.00760876,-0.07217503,-0.01029702,-0.19575898,-0.07206891,0.02393627,0.02451958,0.00118421,0.00001626,0.04729451,-0.0352897,0.06794802,-0.01089931,0.02784488,-0.0128791,0.04270129,0.01752287,-0.01845383,0.00751484,-0.04505676,-0.09141076,-0.00735042,-0.00728009,-0.04106321,-0.04087345,0.03669206,-0.00907655,0.02015329,-0.02744942,0.03391924,0.06592336,0.01539304,0.0075241,-0.00717022,0.03810178,0.00960872,-0.2395549,0.06459733,0.03216448,-0.01478605,-0.0301591,0.00588935,0.05312498,0.02912952,-0.0662372,0.01348443,0.02977968,0.07414801,-0.03121405,0.00200753,0.02116546,-0.04173118,-0.01211138,-0.04088842,-0.03701283,0.01420093,-0.01738316,-0.03600306,0.00161875,-0.03834183,0.01351823,0.00653058,-0.01986125,0.04709674,0.00406168,-0.08513673,0.0509124,0.01843365,-0.07723574,-0.01775298,0.0005776,0.01683635,-0.06028086,0.11643772,-0.04670168,-0.00585122,0.01099724,0.00002678,0.07452635,0.00483539,0.00023028,-0.00987106,-0.03526345,0.00110422,-0.04469829,0.01315079,0.02937192,-0.00517194,-0.02786111,0.03280958,-0.02169621,-0.01941806,0.02631688,-0.0494853,-0.03464089,-0.00330298,0.00986888,-0.0101699,-0.01153676,0.00844688,0.04200315,-0.00433696,-0.00349195,0.07758702,-0.0220767,0.03274914,-0.03340236,-0.02028763,0.00151143,0.06456731,0.00457346,0.06201926,-0.01141563,0.00136121,-0.0459224,-0.05520512,0.00401225,-0.07592959,-0.00037124,0.07285079,-0.11622739,0.02679882,0.0158063,-0.02292747,-0.03323109,0.04094755,-0.01984929,-0.02490112,-0.02551953,0.00939442,0.04164292,0.0737137,-0.02793152,-0.01093215,0.00464541,0.01935524,-0.07754704,0.09437401,0.04524923,-0.0730802,-0.03447295,0.04734121,0.03670065,-0.06669445,0.01365161,0.02838283,0.04827891,-0.00507763,0.06748405,-0.02584007,0.0248969,0.06526937,-0.01275233,0.00355661,0.05937129,-0.04462969,-0.05132521,0.01382144,0.01685194,-0.07247137,-0.00236407,-0.03635887,0.08334024,-0.03461559,-0.07108945,0.03108649,-0.00477767,-0.00132432,-0.03375689,-0.06899425,-0.05536878,0.01027387,0.02981154,-0.05359564,0.17487518,0.02467431,-0.02373474,-0.03901282,0.01143279,0.03990605,0.02584988,-0.04863416,-0.01662107,0.01268279,-0.03629126,-0.00690168,0.06531311,0.04293126,0.01349298,-0.00981131,-0.01312026,0.08578155,-0.02016198,0.00492035,0.04118382,-0.02163848,-0.06127936,-0.25244573,-0.01916924,0.04449698,-0.04235094,0.00554081,-0.05227083,0.04474131,-0.05125961,0.09698263,0.03249966,0.11451509,0.03452106,-0.09061775,0.01828729,-0.03608083,-0.01814211,0.00289098,0.01470441,-0.0346389,-0.01719479,-0.01416714,0.06077695,-0.0143113,0.00203383,0.05822836,-0.01888996,0.14425105,-0.01867771,-0.0366964,-0.01046091,0.05969279,0.04651294,-0.02155024,-0.08569852,0.11218271,0.07141228,-0.06283414,0.01773305,-0.00566985,-0.0141351,0.02457512,0.06818929,-0.02533591,-0.06590108,-0.00328959,-0.06217726,0.03659781,-0.0249513,-0.04721176,0.03058102,-0.05830511,0.00029347,0.0527524,0.02309844,0.04416682,-0.04794677,-0.08328655,0.00085066,0.00375521,0.02676319,-0.04427826,-0.02627871,0.00022546,-0.01318695,-0.03507253,0.05749075,0.02409135,0.01629323,0.0382662,-0.00074563,0.03126123,0.05774764,-0.01584201,0.01571428,0.03829937,-0.01953469,-0.00369028,-0.01591714,-0.02248671,-0.01709219,-0.02036816,0.08267857,0.02820094,0.01466761,0.01384288,0.01510155,0.02347794,-0.00995433,0.09672148,-0.03547145,-0.01187241,0.02297456,0.01663131,0.01577345,0.11440064,0.0030838,-0.32120484,0.0085961,-0.0186112,0.02025677,-0.0129575,0.0142586,0.01596722,-0.02788403,-0.06237624,0.0468999,-0.07207763,0.03043049,0.05295777,-0.04760608,0.01913789,0.01358382,0.07103641,-0.01610223,0.0745659,-0.01999432,-0.0319926,0.0286554,0.163206,-0.01189357,0.02611345,-0.0340156,0.02435119,-0.01323226,0.04879687,0.05873417,-0.04707548,0.02994122,0.11427629,-0.0494185,0.04689475,0.08443254,0.00245003,0.0520333,-0.02712531,-0.01361757,-0.01127432,0.03560881,-0.03660184,0.00832609,0.07100562,-0.0268407,-0.03508655,-0.02523897,0.03827079,-0.00815708,-0.02395983,0.02867337,-0.01839783,-0.05313265,0.03435893,-0.02144098,-0.00385121,0.00254827,-0.02802629,0.00949479,0.03473876,-0.0346739,0.02557647,0.06624409,0.04157412],"last_embed":{"tokens":302,"hash":"1kq0513"}}},"text":null,"length":0,"last_read":{"hash":"1kq0513","at":1782975298976},"key":"gpts-package/design_system.md#UI診断ディレクター デザインシステム#6. アイコン・装飾規定#6.1 使用OK#行動喚起帯 詳細規定（v1.2）#{1}","lines":[271,283],"size":376,"outlinks":[],"class_name":"SmartBlock"},