"smart_sources:handover/HANDOVER_20260627.md": {"path":"handover/HANDOVER_20260627.md","last_embed":{"hash":"1dpqooh","at":1782975375553},"embeddings":{"TaylorAI/bge-micro-v2":{"vec":[-0.03554263,-0.04030614,0.02589214,-0.05356581,0.03320499,0.00811625,-0.03028453,-0.00893539,0.02088384,-0.00409529,0.0121364,-0.02935037,0.05734471,0.01409308,-0.00037304,-0.00969534,0.01015447,-0.03120283,-0.05686752,0.00373135,0.10412679,-0.0293031,0.00726655,-0.0343467,0.06573433,0.02323262,0.02144545,-0.06717325,-0.01741295,-0.16842112,-0.06494533,0.01359224,0.01795189,-0.00840027,-0.00952833,-0.03326182,-0.00707522,0.04488726,-0.05601525,0.0167342,-0.01735251,0.05095534,0.04160331,-0.038135,0.00351034,-0.03981638,-0.03285595,-0.03896159,0.01977754,-0.05142834,-0.0358496,-0.02983527,0.00112497,0.03745645,0.05021064,0.05180098,0.0397505,-0.01427087,0.04115166,0.00833354,0.05579745,0.03949386,-0.20418093,0.03800318,-0.01892189,-0.00423357,0.01844304,-0.0083852,0.03772021,0.06057299,-0.04300144,-0.04007155,-0.02082711,0.05294787,0.00675394,-0.00804713,-0.03853294,-0.0635997,-0.04602518,-0.06670818,-0.03918623,0.03506588,0.02394025,0.00609344,0.00200931,0.02531175,0.0460033,-0.01953404,-0.01284474,0.06772865,-0.02456578,-0.04159404,0.05069205,0.05563759,-0.07464546,-0.02327784,0.05554946,0.01942417,-0.09168097,0.11511232,-0.08848143,0.02870065,0.02635489,-0.07173364,0.03574189,-0.01610076,-0.00111315,-0.03392157,-0.03881215,-0.06605591,-0.03626237,-0.03615087,-0.00062474,-0.08980896,-0.02008735,0.02827949,0.05679562,0.02389654,0.01974582,0.01204497,0.06499419,0.02683674,0.0460304,-0.03042312,-0.01036429,0.00096984,0.0068842,0.05913715,-0.00627777,0.03590133,0.04650325,0.01435948,-0.09990022,-0.00100537,-0.04190978,0.02677111,0.00085416,-0.0518688,0.01860851,-0.03868707,-0.0244677,-0.07464569,-0.02854109,-0.1012802,-0.07591355,0.08386023,-0.06789666,0.02756348,0.02741365,-0.0413168,0.01451313,0.07097229,0.00483491,-0.02821644,0.0011151,0.01868905,0.03537875,0.08435431,-0.02171499,0.01112934,0.0138495,-0.04882439,-0.08490477,0.08648884,0.04148738,-0.11088103,-0.01945331,0.03786796,0.01844907,-0.02823002,-0.01829734,0.03776208,-0.00172551,-0.00852571,0.1116926,0.05178905,0.07281172,-0.01118783,-0.06439462,0.00140809,0.02143542,-0.00353369,-0.05973304,0.03772325,-0.00099122,-0.05743564,0.0016742,-0.02403146,0.03287812,-0.04916159,-0.07985144,0.03237012,-0.0613474,0.04514201,-0.04404977,-0.03360594,-0.04885738,-0.01402426,0.09207979,-0.08000932,0.10473209,0.06789789,-0.05874576,-0.03159899,0.0081064,0.00817878,0.01239318,-0.01925692,-0.03475425,0.06688763,-0.05870815,0.00534345,0.07423671,0.05416902,-0.00304895,0.00725463,0.00651666,-0.00266591,-0.0020314,0.00986374,0.04347775,0.00475258,-0.01601212,-0.21100906,0.02416652,0.02991914,-0.01928569,-0.03841426,-0.0095046,0.02517533,-0.0392664,0.11229883,0.06252658,0.09398366,0.0628197,-0.04054938,0.00678256,-0.04220696,0.01468258,0.03716914,0.02300962,-0.0468665,0.02755631,-0.00211327,0.03019924,-0.02570998,0.02096897,0.08579007,-0.05811411,0.0829791,-0.01652882,-0.02879878,-0.00361473,0.07093535,0.04046503,-0.02634799,-0.07858387,0.06035742,0.06173062,-0.02869636,0.00523939,-0.03761867,-0.04836369,0.04695945,0.05990293,-0.05791227,-0.10058998,-0.05475847,-0.07880514,-0.04347946,-0.07383058,-0.03997381,0.04917958,-0.01370356,0.00470591,-0.00890134,0.05323777,0.04582915,-0.00298681,-0.05754755,0.00621407,0.02598697,0.07477801,0.01334179,-0.04317769,-0.00959503,0.0232001,0.01809773,0.02534796,-0.00758491,0.02094229,0.02038952,0.02112402,0.01000078,0.09498,-0.01362433,0.01210019,0.0254602,0.00102572,-0.01659309,-0.06228182,0.05006418,-0.02130506,0.00670873,-0.00321422,0.03917993,0.03911071,0.01991335,0.02084979,0.05084657,0.03771777,0.04080312,-0.00573276,-0.0313514,0.01431455,-0.01685786,-0.03286075,0.08187445,0.0278531,-0.32823202,0.03100722,0.00472513,0.00997828,0.01120729,0.04963729,0.02678054,0.02911051,-0.06677013,0.05049824,-0.06017209,0.07777833,0.04827943,0.01457366,0.02140167,-0.07300769,0.04124988,0.00827334,0.00904825,-0.09657317,-0.03568734,-0.01372366,0.20124039,0.01005818,-0.00610319,-0.04371677,0.02267822,0.02583995,0.04770832,0.03634895,-0.07433073,0.01928648,0.10562643,0.00369723,0.00568753,0.05556693,-0.02329683,0.02854005,-0.0156924,-0.03461524,-0.04039881,0.00578251,-0.01188251,-0.04453309,0.12555556,0.0332309,-0.05106156,-0.02752428,0.04571223,0.00669333,-0.02264931,-0.01843984,-0.01443082,-0.02458581,0.03824007,0.02430257,0.07403634,-0.01896949,-0.03037498,0.02633168,0.04724883,0.03248693,0.00970697,0.02890651,0.06382766],"last_embed":{"tokens":483,"hash":"1dpqooh"}}},"last_read":{"hash":"1dpqooh","at":1782975375553},"class_name":"SmartSource","last_import":{"mtime":1782556893010,"size":10079,"at":1782975375543,"hash":"1dpqooh"},"blocks":{"#引継ぎログ：2026年6月27日（土）":[1,215],"#引継ぎログ：2026年6月27日（土）#{1}":[3,9],"#引継ぎログ：2026年6月27日（土）#1. 今日までの累積進捗（プロジェクト全体）":[10,35],"#引継ぎログ：2026年6月27日（土）#1. 今日までの累積進捗（プロジェクト全体）#✅ 完了済み":[12,35],"#引継ぎログ：2026年6月27日（土）#1. 今日までの累積進捗（プロジェクト全体）#✅ 完了済み#フェーズ1：MVP（C-1+C-2）":[14,20],"#引継ぎログ：2026年6月27日（土）#1. 今日までの累積進捗（プロジェクト全体）#✅ 完了済み#フェーズ1：MVP（C-1+C-2）#{1}":[15,15],"#引継ぎログ：2026年6月27日（土）#1. 今日までの累積進捗（プロジェクト全体）#✅ 完了済み#フェーズ1：MVP（C-1+C-2）#{2}":[16,16],"#引継ぎログ：2026年6月27日（土）#1. 今日までの累積進捗（プロジェクト全体）#✅ 完了済み#フェーズ1：MVP（C-1+C-2）#{3}":[17,17],"#引継ぎログ：2026年6月27日（土）#1. 今日までの累積進捗（プロジェクト全体）#✅ 完了済み#フェーズ1：MVP（C-1+C-2）#{4}":[18,18],"#引継ぎログ：2026年6月27日（土）#1. 今日までの累積進捗（プロジェクト全体）#✅ 完了済み#フェーズ1：MVP（C-1+C-2）#{5}":[19,20],"#引継ぎログ：2026年6月27日（土）#1. 今日までの累積進捗（プロジェクト全体）#✅ 完了済み#フェーズ1+：C-3追加 + 統合版":[21,28],"#引継ぎログ：2026年6月27日（土）#1. 今日までの累積進捗（プロジェクト全体）#✅ 完了済み#フェーズ1+：C-3追加 + 統合版#{1}":[22,22],"#引継ぎログ：2026年6月27日（土）#1. 今日までの累積進捗（プロジェクト全体）#✅ 完了済み#フェーズ1+：C-3追加 + 統合版#{2}":[23,23],"#引継ぎログ：2026年6月27日（土）#1. 今日までの累積進捗（プロジェクト全体）#✅ 完了済み#フェーズ1+：C-3追加 + 統合版#{3}":[24,24],"#引継ぎログ：2026年6月27日（土）#1. 今日までの累積進捗（プロジェクト全体）#✅ 完了済み#フェーズ1+：C-3追加 + 統合版#{4}":[25,25],"#引継ぎログ：2026年6月27日（土）#1. 今日までの累積進捗（プロジェクト全体）#✅ 完了済み#フェーズ1+：C-3追加 + 統合版#{5}":[26,26],"#引継ぎログ：2026年6月27日（土）#1. 今日までの累積進捗（プロジェクト全体）#✅ 完了済み#フェーズ1+：C-3追加 + 統合版#{6}":[27,28],"#引継ぎログ：2026年6月27日（土）#1. 今日までの累積進捗（プロジェクト全体）#✅ 完了済み#引継ぎ体制整備":[29,35],"#引継ぎログ：2026年6月27日（土）#1. 今日までの累積進捗（プロジェクト全体）#✅ 完了済み#引継ぎ体制整備#{1}":[30,30],"#引継ぎログ：2026年6月27日（土）#1. 今日までの累積進捗（プロジェクト全体）#✅ 完了済み#引継ぎ体制整備#{2}":[31,31],"#引継ぎログ：2026年6月27日（土）#1. 今日までの累積進捗（プロジェクト全体）#✅ 完了済み#引継ぎ体制整備#{3}":[32,33],"#引継ぎログ：2026年6月27日（土）#1. 今日までの累積進捗（プロジェクト全体）#✅ 完了済み#引継ぎ体制整備#{4}":[34,35],"#引継ぎログ：2026年6月27日（土）#2. 今日（2026/6/27）の作業計画":[36,71],"#引継ぎログ：2026年6月27日（土）#2. 今日（2026/6/27）の作業計画#🎯 主目的：フェーズ1.5「ビジュアル強化」着手":[38,49],"#引継ぎログ：2026年6月27日（土）#2. 今日（2026/6/27）の作業計画#🎯 主目的：フェーズ1.5「ビジュアル強化」着手#{1}":[40,49],"#引継ぎログ：2026年6月27日（土）#2. 今日（2026/6/27）の作業計画#実装ステップ":[50,64],"#引継ぎログ：2026年6月27日（土）#2. 今日（2026/6/27）の作業計画#実装ステップ#{1}":[52,52],"#引継ぎログ：2026年6月27日（土）#2. 今日（2026/6/27）の作業計画#実装ステップ#{2}":[53,57],"#引継ぎログ：2026年6月27日（土）#2. 今日（2026/6/27）の作業計画#実装ステップ#{3}":[58,58],"#引継ぎログ：2026年6月27日（土）#2. 今日（2026/6/27）の作業計画#実装ステップ#{4}":[59,59],"#引継ぎログ：2026年6月27日（土）#2. 今日（2026/6/27）の作業計画#実装ステップ#{5}":[60,60],"#引継ぎログ：2026年6月27日（土）#2. 今日（2026/6/27）の作業計画#実装ステップ#{6}":[61,61],"#引継ぎログ：2026年6月27日（土）#2. 今日（2026/6/27）の作業計画#実装ステップ#{7}":[62,62],"#引継ぎログ：2026年6月27日（土）#2. 今日（2026/6/27）の作業計画#実装ステップ#{8}":[63,64],"#引継ぎログ：2026年6月27日（土）#2. 今日（2026/6/27）の作業計画#進め方":[65,71],"#引継ぎログ：2026年6月27日（土）#2. 今日（2026/6/27）の作業計画#進め方#{1}":[66,66],"#引継ぎログ：2026年6月27日（土）#2. 今日（2026/6/27）の作業計画#進め方#{2}":[67,67],"#引継ぎログ：2026年6月27日（土）#2. 今日（2026/6/27）の作業計画#進め方#{3}":[68,69],"#引継ぎログ：2026年6月27日（土）#2. 今日（2026/6/27）の作業計画#進め方#{4}":[70,71],"#引継ぎログ：2026年6月27日（土）#3. 今日（2026/6/27）の確定事項":[72,98],"#引継ぎログ：2026年6月27日（土）#3. 今日（2026/6/27）の確定事項#Q&A結果":[74,85],"#引継ぎログ：2026年6月27日（土）#3. 今日（2026/6/27）の確定事項#Q&A結果#{1}":[76,85],"#引継ぎログ：2026年6月27日（土）#3. 今日（2026/6/27）の確定事項#引継ぎ体制":[86,91],"#引継ぎログ：2026年6月27日（土）#3. 今日（2026/6/27）の確定事項#引継ぎ体制#{1}":[87,87],"#引継ぎログ：2026年6月27日（土）#3. 今日（2026/6/27）の確定事項#引継ぎ体制#{2}":[88,88],"#引継ぎログ：2026年6月27日（土）#3. 今日（2026/6/27）の確定事項#引継ぎ体制#{3}":[89,89],"#引継ぎログ：2026年6月27日（土）#3. 今日（2026/6/27）の確定事項#引継ぎ体制#{4}":[90,91],"#引継ぎログ：2026年6月27日（土）#3. 今日（2026/6/27）の確定事項#重要な追加情報（ユーザーから）":[92,98],"#引継ぎログ：2026年6月27日（土）#3. 今日（2026/6/27）の確定事項#重要な追加情報（ユーザーから）#{1}":[93,93],"#引継ぎログ：2026年6月27日（土）#3. 今日（2026/6/27）の確定事項#重要な追加情報（ユーザーから）#{2}":[94,94],"#引継ぎログ：2026年6月27日（土）#3. 今日（2026/6/27）の確定事項#重要な追加情報（ユーザーから）#{3}":[95,96],"#引継ぎログ：2026年6月27日（土）#3. 今日（2026/6/27）の確定事項#重要な追加情報（ユーザーから）#{4}":[97,98],"#引継ぎログ：2026年6月27日（土）#4. 次回開始時にやること（優先度順）":[99,128],"#引継ぎログ：2026年6月27日（土）#4. 次回開始時にやること（優先度順）#🔴 HIGH（着手すぐ）":[101,116],"#引継ぎログ：2026年6月27日（土）#4. 次回開始時にやること（優先度順）#🔴 HIGH（着手すぐ）#{1}":[102,107],"#引継ぎログ：2026年6月27日（土）#4. 次回開始時にやること（優先度順）#🔴 HIGH（着手すぐ）#{2}":[108,112],"#引継ぎログ：2026年6月27日（土）#4. 次回開始時にやること（優先度順）#🔴 HIGH（着手すぐ）#{3}":[113,113],"#引継ぎログ：2026年6月27日（土）#4. 次回開始時にやること（優先度順）#🔴 HIGH（着手すぐ）#{4}":[114,114],"#引継ぎログ：2026年6月27日（土）#4. 次回開始時にやること（優先度順）#🔴 HIGH（着手すぐ）#{5}":[115,116],"#引継ぎログ：2026年6月27日（土）#4. 次回開始時にやること（優先度順）#🟡 MEDIUM（改修完了後）":[117,121],"#引継ぎログ：2026年6月27日（土）#4. 次回開始時にやること（優先度順）#🟡 MEDIUM（改修完了後）#{1}":[118,118],"#引継ぎログ：2026年6月27日（土）#4. 次回開始時にやること（優先度順）#🟡 MEDIUM（改修完了後）#{2}":[119,119],"#引継ぎログ：2026年6月27日（土）#4. 次回開始時にやること（優先度順）#🟡 MEDIUM（改修完了後）#{3}":[120,121],"#引継ぎログ：2026年6月27日（土）#4. 次回開始時にやること（優先度順）#🟢 LOW（フィードバック後）":[122,128],"#引継ぎログ：2026年6月27日（土）#4. 次回開始時にやること（優先度順）#🟢 LOW（フィードバック後）#{1}":[123,123],"#引継ぎログ：2026年6月27日（土）#4. 次回開始時にやること（優先度順）#🟢 LOW（フィードバック後）#{2}":[124,124],"#引継ぎログ：2026年6月27日（土）#4. 次回開始時にやること（優先度順）#🟢 LOW（フィードバック後）#{3}":[125,126],"#引継ぎログ：2026年6月27日（土）#4. 次回開始時にやること（優先度順）#🟢 LOW（フィードバック後）#{4}":[127,128],"#引継ぎログ：2026年6月27日（土）#5. 直近の未解決論点・気になる点":[129,141],"#引継ぎログ：2026年6月27日（土）#5. 直近の未解決論点・気になる点#なし（すべてQ&Aで確定済み）":[131,141],"#引継ぎログ：2026年6月27日（土）#5. 直近の未解決論点・気になる点#なし（すべてQ&Aで確定済み）#{1}":[133,133],"#引継ぎログ：2026年6月27日（土）#5. 直近の未解決論点・気になる点#なし（すべてQ&Aで確定済み）#{2}":[134,134],"#引継ぎログ：2026年6月27日（土）#5. 直近の未解決論点・気になる点#なし（すべてQ&Aで確定済み）#{3}":[135,135],"#引継ぎログ：2026年6月27日（土）#5. 直近の未解決論点・気になる点#なし（すべてQ&Aで確定済み）#{4}":[136,137],"#引継ぎログ：2026年6月27日（土）#5. 直近の未解決論点・気になる点#なし（すべてQ&Aで確定済み）#{5}":[138,141],"#引継ぎログ：2026年6月27日（土）#6. 重要な技術メモ":[142,161],"#引継ぎログ：2026年6月27日（土）#6. 重要な技術メモ#Project と Computer の同期問題":[144,148],"#引継ぎログ：2026年6月27日（土）#6. 重要な技術メモ#Project と Computer の同期問題#{1}":[145,145],"#引継ぎログ：2026年6月27日（土）#6. 重要な技術メモ#Project と Computer の同期問題#{2}":[146,146],"#引継ぎログ：2026年6月27日（土）#6. 重要な技術メモ#Project と Computer の同期問題#{3}":[147,148],"#引継ぎログ：2026年6月27日（土）#6. 重要な技術メモ#Instructions の文字数制限":[149,154],"#引継ぎログ：2026年6月27日（土）#6. 重要な技術メモ#Instructions の文字数制限#{1}":[150,150],"#引継ぎログ：2026年6月27日（土）#6. 重要な技術メモ#Instructions の文字数制限#{2}":[151,151],"#引継ぎログ：2026年6月27日（土）#6. 重要な技術メモ#Instructions の文字数制限#{3}":[152,152],"#引継ぎログ：2026年6月27日（土）#6. 重要な技術メモ#Instructions の文字数制限#{4}":[153,154],"#引継ぎログ：2026年6月27日（土）#6. 重要な技術メモ#Code Interpreter のタイムアウト":[155,161],"#引継ぎログ：2026年6月27日（土）#6. 重要な技術メモ#Code Interpreter のタイムアウト#{1}":[156,156],"#引継ぎログ：2026年6月27日（土）#6. 重要な技術メモ#Code Interpreter のタイムアウト#{2}":[157,157],"#引継ぎログ：2026年6月27日（土）#6. 重要な技術メモ#Code Interpreter のタイムアウト#{3}":[158,159],"#引継ぎログ：2026年6月27日（土）#6. 重要な技術メモ#Code Interpreter のタイムアウト#{4}":[160,161],"#引継ぎログ：2026年6月27日（土）#7. 次回再開時の指示テンプレート":[162,176],"#引継ぎログ：2026年6月27日（土）#7. 次回再開時の指示テンプレート#{1}":[164,176],"#引継ぎログ：2026年6月27日（土）#8. ユーザーへのメッセージ":[177,185],"#引継ぎログ：2026年6月27日（土）#8. ユーザーへのメッセージ#{1}":[179,181],"#引継ぎログ：2026年6月27日（土）#8. ユーザーへのメッセージ#{2}":[182,182],"#引継ぎログ：2026年6月27日（土）#8. ユーザーへのメッセージ#{3}":[183,184],"#引継ぎログ：2026年6月27日（土）#8. ユーザーへのメッセージ#{4}":[185,185],"#引継ぎログ：2026年6月27日（土）#6/27 18:30の追加達成":[186,191],"#引継ぎログ：2026年6月27日（土）#6/27 18:30の追加達成#{1}":[187,187],"#引継ぎログ：2026年6月27日（土）#6/27 18:30の追加達成#{2}":[188,188],"#引継ぎログ：2026年6月27日（土）#6/27 18:30の追加達成#{3}":[189,189],"#引継ぎログ：2026年6月27日（土）#6/27 18:30の追加達成#{4}":[190,191],"#引継ぎログ：2026年6月27日（土）#9. 本日（6/27）夜の追加合意事項":[192,207],"#引継ぎログ：2026年6月27日（土）#9. 本日（6/27）夜の追加合意事項#Obsidian × GitHub 連携完全構築完了 ✅":[194,200],"#引継ぎログ：2026年6月27日（土）#9. 本日（6/27）夜の追加合意事項#Obsidian × GitHub 連携完全構築完了 ✅#{1}":[195,195],"#引継ぎログ：2026年6月27日（土）#9. 本日（6/27）夜の追加合意事項#Obsidian × GitHub 連携完全構築完了 ✅#{2}":[196,196],"#引継ぎログ：2026年6月27日（土）#9. 本日（6/27）夜の追加合意事項#Obsidian × GitHub 連携完全構築完了 ✅#{3}":[197,197],"#引継ぎログ：2026年6月27日（土）#9. 本日（6/27）夜の追加合意事項#Obsidian × GitHub 連携完全構築完了 ✅#{4}":[198,198],"#引継ぎログ：2026年6月27日（土）#9. 本日（6/27）夜の追加合意事項#Obsidian × GitHub 連携完全構築完了 ✅#{5}":[199,200],"#引継ぎログ：2026年6月27日（土）#9. 本日（6/27）夜の追加合意事項#明日（6/28）議題：文字数・項目数の上限設定":[201,207],"#引継ぎログ：2026年6月27日（土）#9. 本日（6/27）夜の追加合意事項#明日（6/28）議題：文字数・項目数の上限設定#{1}":[202,202],"#引継ぎログ：2026年6月27日（土）#9. 本日（6/27）夜の追加合意事項#明日（6/28）議題：文字数・項目数の上限設定#{2}":[203,203],"#引継ぎログ：2026年6月27日（土）#9. 本日（6/27）夜の追加合意事項#明日（6/28）議題：文字数・項目数の上限設定#{3}":[204,204],"#引継ぎログ：2026年6月27日（土）#9. 本日（6/27）夜の追加合意事項#明日（6/28）議題：文字数・項目数の上限設定#{4}":[205,205],"#引継ぎログ：2026年6月27日（土）#9. 本日（6/27）夜の追加合意事項#明日（6/28）議題：文字数・項目数の上限設定#{5}":[206,207],"#引継ぎログ：2026年6月27日（土）#次回再開時の指示テンプレート":[208,215],"#引継ぎログ：2026年6月27日（土）#次回再開時の指示テンプレート#{1}":[209,211],"#引継ぎログ：2026年6月27日（土）#次回再開時の指示テンプレート#{2}":[212,212],"#引継ぎログ：2026年6月27日（土）#次回再開時の指示テンプレート#{3}":[213,215]},"outlinks":[],"metadata":{"tags":["#F97316"]},"task_lines":[],"tasks":{},"codeblock_ranges":[[164,173]],"key":"handover/HANDOVER_20260627.md"},
"smart_blocks:handover/HANDOVER_20260627.md#引継ぎログ：2026年6月27日（土）": {"path":null,"last_embed":{"hash":"1dpqooh","at":1782971691849},"embeddings":{"TaylorAI/bge-micro-v2":{"vec":[-0.03462894,-0.04070253,0.02555939,-0.05366067,0.03278672,0.00951378,-0.0315321,-0.00688908,0.02242453,-0.00219192,0.00928624,-0.02945929,0.05836523,0.01683331,-0.00175078,-0.01264562,0.00957583,-0.02902143,-0.05535189,0.00418143,0.10579378,-0.02591422,0.00575476,-0.03513529,0.0648354,0.02473404,0.02128629,-0.06638008,-0.01731797,-0.1648142,-0.06565841,0.01450251,0.01924622,-0.01084141,-0.00632262,-0.03203036,-0.00635561,0.04443927,-0.059244,0.01624495,-0.01876004,0.04916023,0.04224201,-0.04100575,0.00360886,-0.0406579,-0.03357522,-0.04124017,0.02083778,-0.04884734,-0.03860114,-0.02872951,0.00069982,0.0397328,0.04842805,0.05222174,0.03736106,-0.01381768,0.0412212,0.00659927,0.05332483,0.03648563,-0.20556669,0.03372625,-0.02055576,-0.00407531,0.0135237,-0.00666307,0.03758694,0.057771,-0.04444481,-0.03416343,-0.01954041,0.05193697,0.00377314,-0.0090925,-0.03609486,-0.06197061,-0.05164811,-0.06364986,-0.03965902,0.03546593,0.02390488,0.00497753,-0.00131735,0.02537139,0.04658965,-0.02226422,-0.01140238,0.06956025,-0.02555139,-0.03929893,0.04890212,0.05839457,-0.07240478,-0.02221132,0.05473975,0.020908,-0.08835727,0.11418235,-0.0883329,0.0270162,0.02807819,-0.07184828,0.03439533,-0.01459895,-0.00231761,-0.03380765,-0.03707692,-0.06581731,-0.03670107,-0.03494372,-0.00158598,-0.0888968,-0.02198798,0.02640528,0.05846247,0.02226379,0.01855788,0.01136812,0.07068651,0.02393811,0.0429427,-0.03205058,-0.00961167,0.00250318,0.00790048,0.05827769,-0.00436835,0.03686953,0.04491011,0.01336338,-0.10335166,-0.00097865,-0.0418165,0.02445441,-0.00393651,-0.05200521,0.01998744,-0.03786677,-0.02573539,-0.07607741,-0.03011179,-0.10332207,-0.07879138,0.08428032,-0.06956854,0.02866769,0.02740952,-0.04038947,0.01452251,0.07376544,0.00177289,-0.03271803,0.00338083,0.01657105,0.03658059,0.08425067,-0.02150105,0.01325359,0.01110913,-0.04963097,-0.08618368,0.0883198,0.04418432,-0.10901884,-0.01925033,0.03557964,0.01871863,-0.02658274,-0.01827877,0.03788583,-0.00426917,-0.00739041,0.11414311,0.05007739,0.07622287,-0.00972999,-0.06726754,0.000758,0.02010491,-0.00585046,-0.06001721,0.03798096,0.0016295,-0.05591416,0.00006061,-0.02522054,0.0305115,-0.04799084,-0.08085025,0.03076921,-0.05593625,0.04428834,-0.04375368,-0.03425246,-0.05161389,-0.01423563,0.09192023,-0.08147848,0.11069963,0.06836763,-0.05540339,-0.0287648,0.01056291,0.00558178,0.01328574,-0.01809684,-0.0363196,0.06531557,-0.06231074,0.00577561,0.07554922,0.0550664,-0.00248762,0.00643544,0.00580788,-0.00005344,0.00128325,0.00878083,0.04301164,0.00396828,-0.01732246,-0.21042904,0.02070305,0.03241908,-0.01532781,-0.03881512,-0.00757518,0.02189858,-0.040268,0.11259264,0.0611456,0.09513306,0.06361838,-0.04135282,0.00807701,-0.04142352,0.01367968,0.04266536,0.02312071,-0.04555845,0.0248479,-0.00138502,0.02903149,-0.02223858,0.02126071,0.08579689,-0.05817365,0.08240002,-0.01948876,-0.02740261,-0.00151701,0.06686918,0.03873933,-0.02885119,-0.07937115,0.06094964,0.05672258,-0.03094843,0.00654414,-0.03639729,-0.05114781,0.04523263,0.05993308,-0.05564443,-0.10054157,-0.05199649,-0.079129,-0.04127416,-0.075763,-0.03874284,0.04900277,-0.01163112,0.00328877,-0.00473657,0.05364648,0.04575851,-0.00056576,-0.05523533,0.00587928,0.02658181,0.07571465,0.01548958,-0.04094294,-0.01224789,0.02218318,0.01696019,0.023796,-0.00582954,0.02339574,0.01939851,0.02505598,0.01204357,0.09741494,-0.00938985,0.01291386,0.02748392,0.00497171,-0.01712016,-0.06399196,0.05017488,-0.02232248,0.00606052,-0.00258696,0.03727621,0.04002516,0.02089414,0.02209893,0.05259744,0.03509345,0.04085588,-0.0044094,-0.03170092,0.01124512,-0.01417973,-0.03033069,0.08046977,0.02887974,-0.32914203,0.03017159,-0.00060171,0.00971252,0.01376676,0.04733687,0.02040242,0.03088817,-0.06808773,0.04901846,-0.05984153,0.07834022,0.04877445,0.01477753,0.02128176,-0.07153207,0.03841143,0.01046843,0.0107267,-0.09471504,-0.03686875,-0.01541082,0.19970664,0.0070677,-0.00669797,-0.04455452,0.02285133,0.02724565,0.0498461,0.03290257,-0.07419638,0.01839515,0.10648809,0.00560179,0.00234275,0.05542204,-0.02198168,0.02483055,-0.01577646,-0.03442115,-0.03828632,0.00882296,-0.01368329,-0.04754058,0.12590121,0.03251773,-0.04983204,-0.02726174,0.04752888,0.00906906,-0.02252071,-0.01760134,-0.01965845,-0.02275005,0.04046435,0.02560722,0.07175564,-0.01555453,-0.03146777,0.02785232,0.04703555,0.0338409,0.0099595,0.03095281,0.06379868],"last_embed":{"tokens":511,"hash":"1dpqooh"}}},"text":null,"length":0,"last_read":{"hash":"1dpqooh","at":1782971691849},"key":"handover/HANDOVER_20260627.md#引継ぎログ：2026年6月27日（土）","lines":[1,215],"size":5259,"outlinks":[],"class_name":"SmartBlock"},
"smart_blocks:handover/HANDOVER_20260627.md#引継ぎログ：2026年6月27日（土）#{1}": {"path":null,"last_embed":{"hash":null},"embeddings":{},"text":null,"length":0,"last_read":{"hash":"17x63fm","at":1782971691383},"key":"handover/HANDOVER_20260627.md#引継ぎログ：2026年6月27日（土）#{1}","lines":[3,9],"size":137,"outlinks":[],"class_name":"SmartBlock"},
"smart_blocks:handover/HANDOVER_20260627.md#引継ぎログ：2026年6月27日（土）#1. 今日までの累積進捗（プロジェクト全体）": {"path":null,"last_embed":{"hash":"1dvbrxj","at":1782971692036},"embeddings":{"TaylorAI/bge-micro-v2":{"vec":[-0.04181047,-0.03571417,0.04265197,-0.05806613,0.0075323,-0.00791986,-0.01786407,0.01816172,0.01152076,0.0054905,0.01018942,-0.02636448,0.05811672,0.00748682,0.00918123,-0.00787781,0.00394008,-0.02359068,-0.06079535,-0.00556847,0.11840229,-0.04917978,0.01615581,-0.02538046,0.05350338,-0.01654471,0.02713028,-0.05045911,-0.00990193,-0.16693079,-0.06499405,0.01433443,-0.00482427,-0.00500297,-0.02249047,-0.04243079,-0.01527211,0.02840337,-0.06911644,0.04243886,-0.01729835,0.03783533,0.0151375,-0.01882655,-0.00693997,-0.03043541,-0.04995934,-0.0380886,0.03854564,-0.05622091,-0.03961286,-0.0338818,-0.00659513,0.02116423,0.05654317,0.03249529,0.05363499,-0.00760789,0.05831979,0.0068471,0.05931258,0.0317267,-0.20278463,0.05357246,-0.01639682,-0.00560555,0.02101128,-0.01185881,0.01425422,0.04610606,-0.02476656,-0.01821675,-0.00340441,0.04181674,0.00390202,-0.00514583,-0.02633245,-0.05136786,-0.06434421,-0.04548151,-0.04786597,0.05293523,0.02477923,0.00137597,-0.00326258,0.01024104,0.05059319,-0.00153502,-0.01688593,0.07369483,-0.03672881,-0.0340988,0.06385604,0.05216618,-0.07191439,-0.01621523,0.07061354,0.01023177,-0.08845919,0.12043406,-0.08505894,0.02411217,0.01910309,-0.06237274,0.06729067,-0.01989129,-0.00245781,-0.02881559,-0.02877528,-0.04363207,-0.02112961,-0.02503091,0.01675866,-0.09093247,-0.01804057,0.03521713,0.06046691,0.02931805,0.0142449,-0.01250724,0.07623917,0.018299,0.0640842,-0.04229285,-0.00052855,-0.00724551,0.02647237,0.05817814,-0.00056456,0.06669738,0.04636895,0.02423359,-0.0950113,-0.02093846,-0.02707483,0.02597828,-0.03143041,-0.06776235,0.01233335,-0.04253836,-0.03813621,-0.05877867,-0.01322613,-0.09860166,-0.04588569,0.07664773,-0.05581705,0.02412539,0.04517332,-0.05112394,0.01197897,0.07968494,0.00154983,-0.02947482,-0.00168064,0.0154523,0.03353171,0.08968274,-0.02544875,0.01947551,0.01400393,-0.05829268,-0.07480407,0.06436268,0.0312283,-0.10399513,-0.02732841,0.03070717,0.02844206,-0.02876464,-0.0323094,0.01431662,-0.02910612,0.01166583,0.13137424,0.04822379,0.055199,-0.03956674,-0.07726321,0.00048801,0.02494583,-0.00944048,-0.05552806,0.03803973,0.00748393,-0.04908669,-0.00592912,-0.0310876,0.04250262,-0.05111965,-0.07569612,0.03616983,-0.09113347,0.050193,-0.01507632,-0.01223353,-0.04398461,-0.00861531,0.07560299,-0.06059215,0.10674877,0.04111911,-0.05977945,-0.04214862,-0.02102523,-0.00161451,0.00087858,-0.01441814,-0.04313303,0.05807173,-0.04102775,-0.0159541,0.06412702,0.02007419,0.0059826,-0.00778094,0.00462104,-0.00553363,-0.00049053,0.02513391,0.03549529,0.00417152,-0.01420673,-0.20223297,0.0370331,0.03097376,0.00115262,-0.02282646,-0.02097357,0.0381638,-0.03034823,0.10464778,0.07139754,0.10936211,0.07046682,-0.02834984,0.02752449,-0.0384937,0.01877707,0.03153235,0.02048519,-0.02695519,0.03241481,0.01919015,0.02376364,0.00128155,0.00924138,0.06428872,-0.05400458,0.09005045,-0.00237849,-0.02198488,-0.02550742,0.05533309,0.04209673,-0.01815582,-0.08555944,0.07118758,0.07402027,-0.01727267,-0.001866,-0.05003727,-0.05159814,0.00840928,0.07679287,-0.05552989,-0.11735628,-0.03916963,-0.06894598,-0.0717612,-0.05511407,-0.01188578,0.05897212,0.01019495,0.03087483,-0.01269197,0.04659764,0.04000914,-0.01571269,-0.05323348,-0.00677564,0.03908078,0.0955793,-0.00222205,-0.04992597,-0.00361955,0.00141817,0.02027383,0.04662634,-0.01093116,0.02582975,0.0357431,0.00761747,-0.00572017,0.09632402,-0.02751762,0.02674492,0.02626042,-0.00101249,-0.00188654,-0.06871096,0.05162394,0.00288588,-0.00267825,-0.00136396,0.03836425,0.02962939,-0.00274795,0.03026798,0.0374274,0.07073882,0.03843522,-0.00822057,-0.03980733,0.02672953,-0.03450611,-0.04279533,0.07893746,0.0417533,-0.33286142,0.04405068,0.01225924,-0.0188248,0.01884971,0.05059011,0.01152564,0.00557739,-0.05044335,0.04031088,-0.06109369,0.07335128,0.04084507,0.01040246,0.00918035,-0.05082164,0.04723598,-0.01097844,0.00011055,-0.08964913,-0.0404654,0.00328184,0.2098299,0.00649647,-0.01297234,-0.03764923,-0.00973586,0.03952248,0.03159408,0.01552621,-0.08905303,0.02354445,0.10209294,-0.01170092,0.00348061,0.0384516,-0.02607255,0.03498371,-0.01197626,-0.02743614,-0.01983062,0.01774189,-0.02978772,-0.03204411,0.12804836,0.03151184,-0.06134311,-0.02298568,0.05815639,0.00461623,-0.0307076,-0.02142565,-0.02551929,-0.02046653,0.02576222,-0.00396542,0.06372928,-0.0285586,-0.04185062,0.02672697,0.02763107,0.04547329,0.0188904,0.0424789,0.05113246],"last_embed":{"tokens":443,"hash":"1dvbrxj"}}},"text":null,"length":0,"last_read":{"hash":"1dvbrxj","at":1782971692036},"key":"handover/HANDOVER_20260627.md#引継ぎログ：2026年6月27日（土）#1. 今日までの累積進捗（プロジェクト全体）","lines":[10,35],"size":571,"outlinks":[],"class_name":"SmartBlock"},
"smart_blocks:handover/HANDOVER_20260627.md#引継ぎログ：2026年6月27日（土）#1. 今日までの累積進捗（プロジェクト全体）#✅ 完了済み": {"path":null,"last_embed":{"hash":"ikbmds","at":1782971692166},"embeddings":{"TaylorAI/bge-micro-v2":{"vec":[-0.04375577,-0.03587518,0.04481719,-0.05945856,0.00824846,-0.01135843,-0.01977747,0.01980129,0.01235132,0.00732914,0.01259653,-0.02676912,0.05560176,0.00228533,0.0090092,-0.00658797,0.00064092,-0.02433433,-0.05893109,-0.00685108,0.11790139,-0.05379692,0.01767929,-0.02400864,0.05480513,-0.02041425,0.02596031,-0.05263117,-0.00990227,-0.16881831,-0.05876267,0.01962718,-0.01015193,-0.00684289,-0.02245861,-0.04312663,-0.01366405,0.02621158,-0.07430307,0.04370801,-0.01714143,0.0392029,0.01626522,-0.02076609,-0.00704735,-0.03017644,-0.05171976,-0.03472187,0.04134377,-0.05635142,-0.03494015,-0.03215608,-0.0073771,0.01785535,0.05726844,0.03065264,0.05705892,-0.00484488,0.05820093,0.00872737,0.06070524,0.02863511,-0.2032402,0.05612893,-0.01301708,-0.00508706,0.0212085,-0.01337625,0.01177184,0.04534545,-0.02501521,-0.01480924,-0.00364299,0.03972776,0.00347731,-0.00306086,-0.02541307,-0.05179325,-0.0619092,-0.04357785,-0.04798014,0.05595824,0.02521642,0.00043923,-0.00460515,0.00970433,0.04987455,-0.00031113,-0.01882209,0.07293041,-0.03776771,-0.03086288,0.06758463,0.05277986,-0.07212952,-0.01216448,0.07345955,0.00931875,-0.08626746,0.12134574,-0.08522723,0.02077414,0.01648067,-0.06395803,0.06859918,-0.01608032,-0.00000224,-0.03128408,-0.02578767,-0.03854015,-0.02254237,-0.02596669,0.01487347,-0.09247433,-0.0112461,0.03333668,0.05889769,0.0243443,0.01671176,-0.01059895,0.0749547,0.01822483,0.06463297,-0.04696355,0.00147686,-0.00793234,0.02772175,0.05938183,0.00158986,0.0689869,0.0484129,0.02140824,-0.09186382,-0.02340835,-0.02526502,0.0252382,-0.03398097,-0.06922678,0.01108429,-0.04167091,-0.04013301,-0.05542438,-0.01162071,-0.09584936,-0.04147408,0.07589451,-0.05242397,0.02334795,0.0456035,-0.0531317,0.01214183,0.08314118,-0.00321895,-0.03075128,-0.00320449,0.01536623,0.03464113,0.09049989,-0.02251827,0.01824529,0.01526908,-0.05937906,-0.07229266,0.06347087,0.02917576,-0.102626,-0.02845374,0.03211792,0.02745435,-0.0290346,-0.03362105,0.00892479,-0.0308592,0.01110712,0.12777634,0.05047353,0.05431698,-0.04056673,-0.07764358,0.00316527,0.02696578,-0.01095462,-0.0561883,0.03703203,0.00900741,-0.04912456,-0.00773663,-0.0305346,0.04338757,-0.05159192,-0.07802988,0.03816199,-0.09526865,0.05242702,-0.01211554,-0.01035611,-0.04388605,-0.00616696,0.07286736,-0.06086171,0.10872246,0.03982774,-0.05880824,-0.04124207,-0.02321097,-0.00152874,0.00299031,-0.01384904,-0.04426249,0.05619803,-0.04174133,-0.01927905,0.06208039,0.02127464,0.00669066,-0.01149682,0.00550804,-0.00372719,-0.00125915,0.02772237,0.03401133,0.00270683,-0.01638515,-0.20196599,0.0374887,0.031381,-0.00066349,-0.02315279,-0.02267547,0.040584,-0.03185746,0.10601705,0.07515412,0.10747816,0.06959701,-0.02354339,0.02954175,-0.03869683,0.01923448,0.0310417,0.02051741,-0.02756381,0.03161409,0.01714827,0.02340246,0.00488299,0.00742726,0.06145275,-0.05352972,0.09342617,0.00064811,-0.01827679,-0.0246558,0.05149537,0.04267868,-0.01686233,-0.09018039,0.07265726,0.07761262,-0.01811936,-0.00408304,-0.05304739,-0.04884306,0.0069515,0.07633272,-0.05365794,-0.11998075,-0.03885519,-0.06456925,-0.07061352,-0.05457331,-0.01351949,0.05833424,0.01074052,0.03228261,-0.01217078,0.04924354,0.03717576,-0.01341662,-0.05056674,-0.00923691,0.03709608,0.09889461,-0.00386209,-0.05069982,-0.00184539,0.00286207,0.02123971,0.04909256,-0.01102851,0.02367396,0.03991417,0.0063762,-0.0068286,0.09377302,-0.02904252,0.02647674,0.02341244,-0.00122607,0.00093599,-0.06706077,0.05426529,0.000668,-0.0021786,-0.00182174,0.03684856,0.02910491,-0.00501807,0.03195897,0.03753996,0.07110882,0.03690999,-0.004365,-0.0393506,0.0287014,-0.03447558,-0.04254437,0.07893586,0.04155964,-0.33248293,0.046728,0.01280605,-0.01825704,0.01821913,0.04756632,0.01374247,0.00812041,-0.0505753,0.0396258,-0.05907103,0.06929712,0.03577235,0.00746017,0.00616233,-0.0491522,0.04862544,-0.00991213,-0.00216305,-0.0875264,-0.04104818,0.00386354,0.20874269,0.01062106,-0.01529925,-0.03846263,-0.01547068,0.04127144,0.02973416,0.01348982,-0.08836953,0.0252986,0.10390098,-0.01671203,0.00557309,0.03884733,-0.02389405,0.03423399,-0.01109096,-0.02823867,-0.01891643,0.0139643,-0.02974894,-0.03322976,0.12671883,0.02818263,-0.0614747,-0.02223659,0.05820018,0.00470241,-0.034847,-0.02063051,-0.02392682,-0.01951878,0.02439049,-0.00550436,0.06167298,-0.02734652,-0.04396347,0.02494803,0.02292165,0.04476031,0.01940662,0.04191161,0.0497871],"last_embed":{"tokens":442,"hash":"ikbmds"}}},"text":null,"length":0,"last_read":{"hash":"ikbmds","at":1782971692166},"key":"handover/HANDOVER_20260627.md#引継ぎログ：2026年6月27日（土）#1. 今日までの累積進捗（プロジェクト全体）#✅ 完了済み","lines":[12,35],"size":544,"outlinks":[],"class_name":"SmartBlock"},
"smart_blocks:handover/HANDOVER_20260627.md#引継ぎログ：2026年6月27日（土）#1. 今日までの累積進捗（プロジェクト全体）#✅ 完了済み#フェーズ1：MVP（C-1+C-2）": {"path":null,"last_embed":{"hash":null},"embeddings":{},"text":null,"length":0,"last_read":{"hash":"1e5e9tm","at":1782971691383},"key":"handover/HANDOVER_20260627.md#引継ぎログ：2026年6月27日（土）#1. 今日までの累積進捗（プロジェクト全体）#✅ 完了済み#フェーズ1：MVP（C-1+C-2）","lines":[14,20],"size":179,"outlinks":[],"class_name":"SmartBlock"},
"smart_blocks:handover/HANDOVER_20260627.md#引継ぎログ：2026年6月27日（土）#1. 今日までの累積進捗（プロジェクト全体）#✅ 完了済み#フェーズ1：MVP（C-1+C-2）#{1}": {"path":null,"last_embed":{"hash":null},"embeddings":{},"text":null,"length":0,"last_read":{"hash":"1d8oqax","at":1782971691383},"key":"handover/HANDOVER_20260627.md#引継ぎログ：2026年6月27日（土）#1. 今日までの累積進捗（プロジェクト全体）#✅ 完了済み#フェーズ1：MVP（C-1+C-2）#{1}","lines":[15,15],"size":26,"outlinks":[],"class_name":"SmartBlock"},
"smart_blocks:handover/HANDOVER_20260627.md#引継ぎログ：2026年6月27日（土）#1. 今日までの累積進捗（プロジェクト全体）#✅ 完了済み#フェーズ1+：C-3追加 + 統合版": {"path":null,"last_embed":{"hash":"16soh17","at":1782971692279},"embeddings":{"TaylorAI/bge-micro-v2":{"vec":[-0.03320577,-0.04460339,0.01737155,-0.0206628,0.04627083,0.00069685,-0.04546072,0.00004785,0.03417277,-0.00881278,0.01099624,-0.03587981,0.05360989,-0.00931589,0.01741329,0.01528893,-0.01005903,-0.05208639,-0.05381301,-0.01536219,0.07615587,-0.02165128,0.01461554,-0.02705365,0.07003798,0.01131283,0.00877092,-0.06792545,-0.0152379,-0.16964558,-0.09073286,0.04109964,0.00390666,-0.01926269,0.00772186,-0.02784472,-0.01043094,0.05532662,-0.03831578,0.02773778,-0.01840409,0.04901491,0.02391968,-0.0277479,-0.01259337,-0.02583911,-0.00585063,-0.02407515,0.03451902,-0.06410383,-0.01958643,-0.03740404,-0.01068865,0.01311853,0.03708699,0.04528078,0.04829147,-0.03216866,0.04558754,0.03003766,0.07153842,0.04402041,-0.20322461,0.02965017,-0.03349475,-0.00229099,0.00745426,-0.00245754,0.02753461,0.08014766,-0.0597491,-0.03634867,-0.01550054,0.05014906,0.01167109,0.0076693,-0.03573913,-0.06595255,-0.05149536,-0.05395915,-0.04509503,0.03061642,0.00869359,0.00849032,-0.01039158,0.00065325,0.04927827,-0.00284109,0.00523045,0.06303279,-0.01503535,-0.04259305,0.05180376,0.0483909,-0.06747032,-0.02705267,0.05550535,-0.00388549,-0.08622909,0.12379694,-0.0925281,0.01740357,0.02933856,-0.05808778,0.0381012,-0.01636997,0.01525529,-0.03641233,-0.01631022,-0.06351102,-0.04119998,-0.02794557,0.00066329,-0.08453935,-0.02070326,0.02828509,0.0604419,-0.01074706,0.02494142,-0.01052172,0.08086111,0.00992442,0.06808717,-0.03551439,0.00065646,-0.01309673,0.00152154,0.05398819,0.00100797,0.03928956,0.04499972,0.0016934,-0.11283647,-0.00194583,-0.04691232,0.02487106,-0.00906168,-0.03193554,0.03168491,-0.0302863,-0.03226534,-0.07785297,-0.02385854,-0.10490492,-0.05062259,0.09139019,-0.0579454,0.02394348,0.02398979,-0.05167772,0.02016366,0.10315669,0.02473761,-0.04965385,-0.00901634,0.00297946,0.04622167,0.09333453,-0.01909253,0.02253345,0.01461465,-0.05396136,-0.07564784,0.07375634,0.01471174,-0.10458614,-0.02153893,0.06436741,0.03067522,-0.01444901,-0.02175694,0.01407502,-0.02931984,-0.00620523,0.11099989,0.04198441,0.06775235,0.00147888,-0.03969686,0.00055315,0.01161881,-0.01008823,-0.05031344,0.04560204,0.02356489,-0.06086244,-0.01264834,-0.01551254,0.02928485,-0.03087945,-0.07112478,0.03777782,-0.06010868,0.06081967,-0.04129337,-0.04024065,-0.0359235,0.01512224,0.07987734,-0.09303189,0.10436416,0.06073646,-0.06112105,-0.03582234,-0.00919918,0.01350732,0.0151305,-0.0092774,-0.00683547,0.04363843,-0.04457323,0.00433336,0.09082492,0.05865863,0.01525694,-0.00170742,-0.00315017,0.0125192,-0.00542805,0.00631173,0.02772763,-0.0134971,-0.02678987,-0.21705252,0.02475033,0.04220397,-0.00863077,-0.04002672,-0.01164213,0.02182135,-0.03198311,0.10071383,0.06059783,0.09493618,0.0639213,-0.0288691,-0.0001291,-0.03887532,0.00874986,0.04132096,0.0268432,-0.03463532,0.02381259,-0.01455128,0.02024514,-0.03640246,0.01234926,0.08255074,-0.04128747,0.09076378,-0.02093276,-0.02633317,-0.02751708,0.05286065,0.02120909,-0.03672061,-0.06887725,0.04845273,0.05917686,-0.03648652,-0.01340926,-0.04003135,-0.01469138,0.058983,0.03571174,-0.05276178,-0.10332653,-0.02723887,-0.08000293,-0.03802702,-0.06607563,-0.04999724,0.05675477,0.00658224,0.00250277,0.01428691,0.07251681,0.03282098,0.0060729,-0.06698153,0.0247092,0.01925805,0.0648488,0.03944078,-0.02365836,-0.01444724,0.00997358,0.01155543,0.04392809,-0.00706579,-0.00220707,0.02251909,-0.00272244,0.0066253,0.06979373,-0.01710262,0.01249266,0.05042281,0.03110049,-0.00516263,-0.07628109,0.06458087,-0.02620704,0.00082476,-0.03368149,0.05330907,0.0257382,0.01353736,0.05743628,0.05871231,0.02530582,0.05077456,-0.01672723,-0.04125476,0.02969547,-0.00802334,-0.04709643,0.0888138,0.03470411,-0.31546685,0.01121913,-0.01321892,0.0188409,0.021562,0.06344788,0.00324936,0.02616123,-0.06791744,0.05399968,-0.06702759,0.0532033,0.03376233,0.01067688,0.01774002,-0.06499349,0.06871156,-0.0084135,0.00792453,-0.09275711,-0.05182908,-0.03337656,0.21284136,0.01114205,-0.02403505,-0.03529594,-0.0052412,0.02496446,0.04718012,0.02166863,-0.0690962,0.0223095,0.08559953,0.01166155,0.00476957,0.05938403,-0.01797716,0.03562354,-0.01406645,-0.03614989,-0.0278994,-0.00676392,-0.02863637,-0.03608346,0.10650151,0.00771833,-0.05513274,-0.04327491,0.05425781,-0.02226314,-0.05514512,-0.04890911,-0.01014427,-0.01435431,0.05687921,0.02188777,0.06147968,-0.0166753,-0.03418129,0.03406593,0.04044231,0.04186964,0.02564669,0.05419565,0.08048919],"last_embed":{"tokens":225,"hash":"16soh17"}}},"text":null,"length":0,"last_read":{"hash":"16soh17","at":1782971692279},"key":"handover/HANDOVER_20260627.md#引継ぎログ：2026年6月27日（土）#1. 今日までの累積進捗（プロジェクト全体）#✅ 完了済み#フェーズ1+：C-3追加 + 統合版","lines":[21,28],"size":245,"outlinks":[],"class_name":"SmartBlock"},
"smart_blocks:handover/HANDOVER_20260627.md#引継ぎログ：2026年6月27日（土）#1. 今日までの累積進捗（プロジェクト全体）#✅ 完了済み#フェーズ1+：C-3追加 + 統合版#{1}": {"path":null,"last_embed":{"hash":null},"embeddings":{},"text":null,"length":0,"last_read":{"hash":"5xurxk","at":1782971691383},"key":"handover/HANDOVER_20260627.md#引継ぎログ：2026年6月27日（土）#1. 今日までの累積進捗（プロジェクト全体）#✅ 完了済み#フェーズ1+：C-3追加 + 統合版#{1}","lines":[22,22],"size":69,"outlinks":[],"class_name":"SmartBlock"},
"smart_blocks:handover/HANDOVER_20260627.md#引継ぎログ：2026年6月27日（土）#1. 今日までの累積進捗（プロジェクト全体）#✅ 完了済み#引継ぎ体制整備": {"path":null,"last_embed":{"hash":null},"embeddings":{},"text":null,"length":0,"last_read":{"hash":"1qo4de8","at":1782971691383},"key":"handover/HANDOVER_20260627.md#引継ぎログ：2026年6月27日（土）#1. 今日までの累積進捗（プロジェクト全体）#✅ 完了済み#引継ぎ体制整備","lines":[29,35],"size":106,"outlinks":[],"class_name":"SmartBlock"},
"smart_blocks:handover/HANDOVER_20260627.md#引継ぎログ：2026年6月27日（土）#1. 今日までの累積進捗（プロジェクト全体）#✅ 完了済み#引継ぎ体制整備#{1}": {"path":null,"last_embed":{"hash":null},"embeddings":{},"text":null,"length":0,"last_read":{"hash":"1g3i1pa","at":1782971691383},"key":"handover/HANDOVER_20260627.md#引継ぎログ：2026年6月27日（土）#1. 今日までの累積進捗（プロジェクト全体）#✅ 完了済み#引継ぎ体制整備#{1}","lines":[30,30],"size":21,"outlinks":[],"class_name":"SmartBlock"},
"smart_blocks:handover/HANDOVER_20260627.md#引継ぎログ：2026年6月27日（土）#2. 今日（2026/6/27）の作業計画": {"path":null,"last_embed":{"hash":"5kec5s","at":1782971692334},"embeddings":{"TaylorAI/bge-micro-v2":{"vec":[-0.04981095,-0.0660693,0.03009128,-0.02806114,0.01457077,0.01372986,-0.02434029,0.00918403,0.02351541,-0.00329977,0.0130696,-0.03716014,0.04738735,0.02848553,0.00012511,-0.0314889,0.00803835,-0.01990611,-0.09403156,-0.02603737,0.11214162,-0.04743343,-0.00086554,-0.06937739,0.05900118,0.00959657,-0.00431889,-0.04971409,-0.02257798,-0.15623562,-0.06838229,0.03273617,0.02606936,0.00850979,-0.01755182,-0.01649594,-0.02876882,0.04453749,-0.0596204,0.02186532,-0.0003082,0.03600356,0.04520879,-0.02527549,0.01200291,-0.02406365,-0.02223141,-0.03272889,-0.00439086,-0.05591073,-0.0262563,-0.03181062,-0.00251017,0.01257782,0.04530606,0.04996481,0.04726709,-0.00753345,0.05726672,0.00562962,0.04340252,0.03546289,-0.20749907,0.03952155,0.00412707,-0.02765778,0.03700778,-0.01020587,0.05588579,0.04093842,-0.0589908,-0.02178237,-0.00029668,0.04246514,-0.01887562,-0.03593,-0.0168663,-0.08294055,-0.07726648,-0.05951065,-0.02100655,0.0407099,0.01064978,-0.01566523,0.00437641,0.02218312,0.01745332,-0.02093038,-0.03910306,0.07655086,-0.02498504,-0.04885377,0.04909521,0.0360112,-0.0604533,-0.03417864,0.04101229,0.02133707,-0.08305696,0.11166318,-0.0847488,0.02939823,0.05758535,-0.04393886,0.05635043,-0.03899571,-0.01269135,-0.01310614,-0.05467501,-0.04846464,-0.04845009,-0.02780106,0.01056038,-0.08146018,-0.01304101,0.04224955,0.03881827,0.01409425,0.03248173,0.00131781,0.06197286,0.006,0.04426133,-0.03561262,-0.021163,-0.01870647,-0.00650836,0.05216369,-0.00585476,0.07249058,0.021245,0.00365723,-0.0758406,-0.01334015,-0.0224323,0.05506065,-0.01693173,-0.03202379,0.03188062,-0.03502519,-0.01297857,-0.10313547,0.00125241,-0.09412003,-0.03563441,0.08193745,-0.0791498,0.02113397,0.03583402,-0.02579203,0.01340861,0.08537376,0.00210693,-0.03285562,-0.0220207,-0.00246872,0.029905,0.08389725,-0.00411486,0.01213294,-0.00388306,-0.02586292,-0.09702636,0.04406801,0.02930326,-0.08648687,-0.02120451,0.04222457,0.03050994,-0.05357317,-0.0238368,0.03211816,-0.00211037,-0.00484118,0.14013192,0.05153876,0.07387877,-0.01227476,-0.05545715,-0.01070156,0.0408484,-0.02025801,-0.03097183,0.03757535,0.02226763,-0.04226014,-0.00937444,-0.04353268,0.05159611,-0.02557705,-0.06973568,0.01221279,-0.05759396,0.05715373,-0.03480275,-0.01876775,-0.06597963,-0.02149029,0.06693935,-0.08699232,0.12949382,0.03666837,-0.0671493,-0.05496959,0.01933956,0.00593918,0.03813542,0.00842716,-0.03890718,0.06119319,-0.06143657,0.0078548,0.08278508,0.06332407,0.00851557,-0.01090656,-0.0171278,0.01023652,0.01543019,-0.00345572,0.03741276,-0.0099167,-0.02952257,-0.20604946,0.03616123,0.04506919,-0.02933678,-0.02663048,-0.02921943,0.00598853,-0.01462761,0.10299625,0.07792925,0.10967867,0.04255733,0.00177105,0.00802927,-0.02768954,0.0297482,0.03828102,0.01888275,-0.03211794,0.01004743,-0.00911292,0.03059993,-0.02210177,0.01570543,0.0707272,-0.03795421,0.09133894,0.00415175,-0.03152932,-0.04024184,0.05468164,-0.00057609,-0.04655097,-0.02479844,0.07172011,0.07201692,-0.02405847,-0.01348332,-0.00646647,-0.04512089,0.05576926,0.07076336,-0.0872418,-0.0932272,-0.05750069,-0.07511982,-0.03239546,-0.07357334,-0.01514041,0.04998102,0.01880379,0.00888904,0.02669968,0.0550886,0.04711975,-0.02533108,-0.04886232,0.00749917,0.03039412,0.0679033,0.00902131,-0.05185207,-0.00983304,-0.01442292,0.01387721,0.04021931,-0.01057163,0.03340966,0.02784735,0.03638745,0.0236473,0.10497902,0.01524897,0.03635021,0.04807655,0.02840335,-0.00874193,-0.03871861,0.02583405,-0.01513602,-0.0026111,-0.01414792,0.05591707,0.05448974,0.00381425,0.00989032,0.02891172,0.00484386,0.03622393,-0.00584565,-0.05977102,0.02632498,-0.01931485,-0.01567891,0.05978806,0.00644732,-0.32790101,0.04721278,-0.02118775,0.00300885,0.00710806,0.0614355,0.00390033,0.01115112,-0.06369286,0.02500912,-0.08657168,0.05913687,0.05783852,-0.0143142,0.03132943,-0.07174696,0.06183846,0.01449737,-0.01448071,-0.09103829,-0.05676638,-0.00593524,0.19624598,0.01598182,-0.00867969,-0.0459357,0.02800965,0.01810814,0.04227771,0.0368704,-0.06007194,0.05366576,0.08334941,-0.02811793,0.01587925,0.02536251,-0.03019456,0.01731114,-0.01127267,-0.03451186,-0.02330449,0.00875702,-0.02191319,-0.03009023,0.12300264,0.00050726,-0.06888296,-0.01811727,0.06403381,0.00275426,-0.0036566,-0.00277029,-0.00683919,-0.01228202,0.06104306,-0.00413813,0.07732537,0.00251033,-0.03092882,0.04605636,0.05826961,0.02518713,0.01545989,0.02837071,0.07842226],"last_embed":{"tokens":437,"hash":"5kec5s"}}},"text":null,"length":0,"last_read":{"hash":"5kec5s","at":1782971692334},"key":"handover/HANDOVER_20260627.md#引継ぎログ：2026年6月27日（土）#2. 今日（2026/6/27）の作業計画","lines":[36,71],"size":996,"outlinks":[],"class_name":"SmartBlock"},
"smart_blocks:handover/HANDOVER_20260627.md#引継ぎログ：2026年6月27日（土）#2. 今日（2026/6/27）の作業計画#🎯 主目的：フェーズ1.5「ビジュアル強化」着手": {"path":null,"last_embed":{"hash":"1nn1dwx","at":1782971692447},"embeddings":{"TaylorAI/bge-micro-v2":{"vec":[-0.05755361,-0.07663921,0.05177511,-0.03356851,0.02197679,-0.01076363,0.00023896,-0.00620874,0.01202632,-0.02388139,0.01596976,-0.01282263,0.06268267,0.01119438,-0.00045613,-0.0203454,0.01415228,-0.03005772,-0.08533884,-0.0159907,0.12073752,-0.02842243,0.01123606,-0.0522433,0.06570313,0.01115357,0.01592674,-0.03988962,-0.01390301,-0.13367335,-0.03876478,0.03410552,0.01411688,0.01077034,-0.00090715,-0.02210423,-0.01209539,0.03059074,-0.05869429,0.03054992,-0.01420574,0.03761662,0.04109515,-0.03597269,0.00843233,-0.03640674,-0.01065376,-0.04578835,0.01709461,-0.03523754,-0.06035999,-0.01289431,-0.00308819,0.03151916,0.05553941,0.04302775,0.05092246,-0.01293407,0.04934536,0.01684024,0.05278013,0.01599996,-0.195152,0.05029359,-0.02503814,-0.01806775,0.03178655,-0.00162467,0.03235405,0.0467264,-0.04379208,-0.03027289,-0.01174382,0.05080462,0.00111414,-0.03082022,-0.04375584,-0.06358892,-0.07416195,-0.04367692,-0.02514923,0.03254556,0.02016237,-0.01059314,-0.03818111,0.01313579,0.03883466,-0.02840211,-0.02294617,0.08278082,-0.03032011,-0.02506613,0.05522317,0.06175239,-0.06360462,-0.03006888,0.0502102,0.0373729,-0.08601148,0.11763385,-0.10333207,0.03854544,0.03188209,-0.06088857,0.02780345,-0.02181159,-0.01454912,-0.01257973,-0.03566436,-0.06491721,-0.04118669,-0.03008044,0.00885396,-0.08862867,-0.00187468,0.03100111,0.075011,0.00612573,0.03432748,0.01270351,0.09317356,-0.00795095,0.03842527,-0.03231554,-0.02189335,-0.01467714,0.01401411,0.05770551,-0.01772903,0.04980762,0.03771765,-0.003001,-0.08597642,-0.02877156,-0.01465392,0.02649161,-0.0137452,-0.05652145,0.0353449,-0.04730368,-0.01867925,-0.1377466,-0.01297524,-0.0946411,-0.04975946,0.09255669,-0.06770352,0.00919161,0.04574436,-0.02964055,-0.00119634,0.0851156,-0.00619371,-0.04702793,0.01223314,-0.00150083,0.03100697,0.08125304,-0.01311722,0.00572811,-0.0039398,-0.04520756,-0.09125339,0.05455859,0.03776455,-0.07244691,-0.01743446,0.04514637,0.0189237,-0.05779466,-0.01410397,0.0076708,-0.03396697,-0.00268633,0.12489051,0.05269938,0.08073784,-0.02035828,-0.0824849,0.00188482,0.02139038,-0.00913415,-0.0264092,0.04244587,0.01013091,-0.03664099,-0.00556352,-0.03300003,0.04523421,-0.02431327,-0.08314431,-0.00164534,-0.05584045,0.03126756,-0.02644687,-0.01595568,-0.06564579,-0.01561985,0.08834518,-0.07977302,0.11562198,0.06235886,-0.05519432,-0.05102897,0.02182498,0.00516962,0.03024362,-0.00267141,-0.04761455,0.06677439,-0.05462586,0.01778745,0.09519862,0.04703524,0.01120933,0.00303348,0.00286339,0.00265195,0.03230366,-0.00109414,0.0594569,-0.02377525,-0.01968815,-0.20651832,0.03721203,0.04173252,-0.03067681,-0.02636056,-0.0267957,0.01088364,-0.03593988,0.10282498,0.06848451,0.09863315,0.04702887,-0.01127313,0.02293924,-0.03104569,0.04982976,0.04411183,0.02935689,-0.03936841,0.01986488,-0.01362278,0.02990093,-0.01200253,0.02187544,0.0709667,-0.03101988,0.07454388,0.00378701,-0.01535711,-0.02994462,0.07002184,0.01804957,-0.04062543,-0.03748351,0.05932619,0.05033297,-0.04566433,-0.03049055,-0.00994215,-0.07311883,0.03636723,0.07150524,-0.07087821,-0.08463358,-0.05825739,-0.05794197,-0.0525411,-0.08011948,-0.00447024,0.03266313,0.01293512,0.0127457,0.0201005,0.04558953,0.04287031,-0.00722874,-0.03344765,0.00160473,0.01634412,0.08708598,0.00303911,-0.02616989,-0.014547,-0.01080532,0.0152285,0.03777635,0.00151135,0.05321687,0.0142725,0.05375609,0.01359089,0.08223575,0.00890805,0.02475873,0.02987377,0.01318881,-0.01010235,-0.05818128,0.02748643,-0.02289699,0.01505509,-0.01953273,0.06663298,0.04345543,0.01918532,0.0252273,0.04169045,0.02133593,0.02977841,0.00104952,-0.05209257,0.0202719,-0.03825125,-0.03403838,0.04558416,-0.00092129,-0.32874537,0.04309771,-0.00725547,0.01168661,0.01987154,0.06172227,-0.00486779,0.01179455,-0.08253795,0.03436315,-0.05682048,0.06351013,0.06677529,-0.00607788,0.01506923,-0.06950989,0.04773143,0.01768951,-0.01643446,-0.10120551,-0.04539255,-0.00887398,0.20677674,0.01584345,-0.00111023,-0.03318681,0.01658341,0.01825224,0.03725648,0.02563074,-0.05746567,0.01350556,0.07220054,-0.02918935,0.01419836,0.0281845,-0.03451467,0.02937987,0.00463769,-0.034815,-0.04121459,0.00866924,-0.02703719,-0.03819261,0.12998323,0.02165784,-0.05439318,-0.01488539,0.04986328,0.02870297,-0.00655193,-0.00453547,-0.01408808,-0.02306533,0.06238415,0.00529715,0.07571013,-0.01475368,-0.06346468,0.05744584,0.05895875,0.02890984,0.00283288,0.01871673,0.05987757],"last_embed":{"tokens":281,"hash":"1nn1dwx"}}},"text":null,"length":0,"last_read":{"hash":"1nn1dwx","at":1782971692447},"key":"handover/HANDOVER_20260627.md#引継ぎログ：2026年6月27日（土）#2. 今日（2026/6/27）の作業計画#🎯 主目的：フェーズ1.5「ビジュアル強化」着手","lines":[38,49],"size":311,"outlinks":[],"class_name":"SmartBlock"},
"smart_blocks:handover/HANDOVER_20260627.md#引継ぎログ：2026年6月27日（土）#2. 今日（2026/6/27）の作業計画#🎯 主目的：フェーズ1.5「ビジュアル強化」着手#{1}": {"path":null,"last_embed":{"hash":"o9foej","at":1782971692520},"embeddings":{"TaylorAI/bge-micro-v2":{"vec":[-0.05877867,-0.07778309,0.05178095,-0.03341108,0.0196504,-0.01020871,-0.00123038,-0.0065775,0.01114534,-0.02606569,0.01902215,-0.01049227,0.06364539,0.01213024,0.00167611,-0.01885206,0.01519089,-0.03335453,-0.08450226,-0.01753546,0.11938015,-0.02929071,0.01176079,-0.05346109,0.06548384,0.01381637,0.01353913,-0.04012573,-0.01465343,-0.13154379,-0.03814554,0.03359648,0.01255143,0.0111269,-0.00030754,-0.02387063,-0.01539479,0.033819,-0.05897931,0.0311805,-0.01604254,0.0376977,0.04077924,-0.03880764,0.00893754,-0.038934,-0.01172424,-0.04557258,0.01666581,-0.03274622,-0.06021134,-0.00963,-0.00530477,0.03005771,0.05283715,0.04150267,0.0527194,-0.010347,0.04775865,0.01723374,0.05107696,0.01698835,-0.19617818,0.04987056,-0.0273765,-0.01827454,0.03107534,-0.00211929,0.03281167,0.04544597,-0.04577942,-0.03143604,-0.01189107,0.05069242,0.00091869,-0.03143612,-0.04192907,-0.06305032,-0.07457577,-0.0439915,-0.02269495,0.0333541,0.01880234,-0.01170128,-0.03827113,0.01436127,0.03863645,-0.0292158,-0.02354853,0.0838376,-0.0290534,-0.02649283,0.05381743,0.06085151,-0.0632375,-0.03272214,0.04694831,0.03986471,-0.08413618,0.11558686,-0.10245109,0.03822844,0.03281703,-0.0599228,0.02898451,-0.02056001,-0.015684,-0.0106671,-0.03263073,-0.06472656,-0.04101597,-0.03255268,0.01087285,-0.08681142,-0.00479904,0.03018187,0.07465258,0.00814563,0.03184777,0.01384875,0.09399305,-0.01056434,0.0383901,-0.03128513,-0.02381401,-0.01314318,0.01380953,0.05838964,-0.01757587,0.04869616,0.03748138,-0.0011286,-0.0854071,-0.0319848,-0.01277033,0.02503425,-0.0106963,-0.0560475,0.03544981,-0.0488257,-0.01898369,-0.13828427,-0.01268313,-0.09545151,-0.05035968,0.08978736,-0.06636564,0.00967097,0.04434137,-0.0309032,-0.00091919,0.08551957,-0.00673867,-0.04322354,0.01109265,0.0013782,0.0307443,0.08096747,-0.01578647,0.00176855,-0.00460242,-0.04567986,-0.09276472,0.05309733,0.03692242,-0.07140418,-0.01765003,0.04677192,0.01789865,-0.05964054,-0.01340382,0.00730253,-0.03500952,-0.00356797,0.12362575,0.05441574,0.0803041,-0.01908973,-0.08189022,0.00085413,0.02320703,-0.00983772,-0.02786061,0.04183915,0.00975682,-0.03762663,-0.00370367,-0.03218515,0.04497095,-0.02572525,-0.08297466,0.00078302,-0.05477729,0.03266587,-0.02822999,-0.01808729,-0.06420965,-0.01572455,0.0917697,-0.07934162,0.11582949,0.06155999,-0.05437753,-0.05033838,0.02520564,0.0057871,0.02835194,-0.00295692,-0.04709611,0.06705865,-0.05389982,0.01859286,0.09316234,0.04878866,0.01279226,0.00403619,0.00228566,0.00289339,0.03123986,-0.00475716,0.06019216,-0.02370877,-0.01870499,-0.20817439,0.03805717,0.03899398,-0.03273278,-0.02492861,-0.02540363,0.00959832,-0.03647587,0.10266237,0.06962012,0.0996715,0.04379829,-0.01006242,0.02615185,-0.03138892,0.04976515,0.04489677,0.03110295,-0.04144768,0.01807765,-0.0125579,0.03100967,-0.01191741,0.02273063,0.07312427,-0.02980276,0.07625688,0.00064914,-0.01484409,-0.02982257,0.07053696,0.01992153,-0.03901336,-0.03717966,0.06019754,0.05404956,-0.04820456,-0.03385958,-0.00970317,-0.07626398,0.03612363,0.07234957,-0.07101807,-0.08453233,-0.05868484,-0.05811309,-0.05263244,-0.08051257,-0.00486618,0.031759,0.01274596,0.01538491,0.02343131,0.04752942,0.04319372,-0.00749742,-0.03342106,0.00454671,0.01348756,0.0871372,0.00662397,-0.02545153,-0.01629394,-0.01211811,0.01558035,0.03411473,-0.00176093,0.05470294,0.01710369,0.05695143,0.01214247,0.08272783,0.01031068,0.02396123,0.0305641,0.01194909,-0.00917368,-0.06027242,0.02614759,-0.02106022,0.01635218,-0.01822263,0.06683537,0.04449099,0.02130658,0.02395987,0.04193686,0.0216426,0.03187067,0.0038549,-0.05409088,0.01491144,-0.03649641,-0.03361462,0.04326291,-0.00136159,-0.32884815,0.04296102,-0.00694326,0.0124858,0.01877738,0.06102811,-0.00616356,0.01151356,-0.08184034,0.03604605,-0.05677423,0.06321982,0.07005271,-0.00850254,0.01317697,-0.07072118,0.04788494,0.015129,-0.0175707,-0.09732709,-0.04271309,-0.00916899,0.20742279,0.01564107,-0.00072705,-0.03292629,0.01536871,0.01549436,0.0346971,0.02575289,-0.05264785,0.01294884,0.07035906,-0.0282925,0.01555194,0.02891575,-0.03295247,0.02927181,0.00337897,-0.03190718,-0.04189523,0.00772795,-0.02776562,-0.03622476,0.13039179,0.02190345,-0.05420792,-0.01238652,0.04696614,0.02983175,-0.00514267,-0.00457506,-0.01160425,-0.02468767,0.06026636,0.00812868,0.07564656,-0.01140752,-0.06519292,0.05386604,0.05937432,0.02913381,0.00265594,0.01934036,0.06063805],"last_embed":{"tokens":279,"hash":"o9foej"}}},"text":null,"length":0,"last_read":{"hash":"o9foej","at":1782971692520},"key":"handover/HANDOVER_20260627.md#引継ぎログ：2026年6月27日（土）#2. 今日（2026/6/27）の作業計画#🎯 主目的：フェーズ1.5「ビジュアル強化」着手#{1}","lines":[40,49],"size":280,"outlinks":[],"class_name":"SmartBlock"},
"smart_blocks:handover/HANDOVER_20260627.md#引継ぎログ：2026年6月27日（土）#2. 今日（2026/6/27）の作業計画#実装ステップ": {"path":null,"last_embed":{"hash":"10sxs2l","at":1782971692586},"embeddings":{"TaylorAI/bge-micro-v2":{"vec":[-0.04151159,-0.03679751,0.0234046,-0.03556047,-0.0012745,0.02964247,-0.05340829,0.01137103,0.03900924,-0.00698603,0.00868847,-0.06187562,0.0333816,0.024232,0.00087406,-0.03876533,0.0085715,-0.0123822,-0.071013,-0.02911686,0.09406456,-0.04427833,-0.02600635,-0.08491711,0.04376154,0.0060687,-0.01388476,-0.04893877,-0.00603431,-0.16894998,-0.06222162,0.04929376,0.02107771,-0.00879741,-0.02773569,-0.00654241,-0.02780543,0.05269834,-0.06567906,0.01762308,-0.00342151,0.04228627,0.02937114,-0.01064396,0.03059357,-0.03370185,-0.02702349,-0.02543033,0.00435572,-0.06189279,-0.01942854,-0.02516674,0.00524678,0.01109706,0.01758396,0.04677102,0.03683979,-0.02002268,0.03524683,0.01895535,0.05318527,0.04602117,-0.22451791,0.04784805,-0.0083367,-0.01924154,0.00967692,-0.01350576,0.04907737,0.05575763,-0.06642791,-0.01276239,-0.00428953,0.04880455,-0.01663358,-0.02983548,-0.02206721,-0.06832441,-0.06192528,-0.0520185,-0.01882405,0.01676784,0.01019077,-0.01234251,-0.00051234,-0.00080939,0.01196165,-0.00898498,-0.0327129,0.08126497,0.00013446,-0.05491753,0.03480659,0.01182811,-0.06380312,-0.0251192,0.04394894,0.0047551,-0.09999762,0.106806,-0.08661618,0.02765276,0.04998013,-0.02427173,0.05713209,-0.02969722,-0.00696531,0.00303319,-0.04818594,-0.06044224,-0.03981831,-0.01327297,0.01303059,-0.07395436,-0.01867784,0.03332703,0.00752184,0.0125709,0.03087495,-0.00959206,0.04145175,-0.0011249,0.04835792,-0.02796794,-0.02050669,-0.0091232,-0.01606465,0.0291629,-0.00596145,0.0871365,0.02575007,0.01967029,-0.06851716,-0.01531885,-0.00128577,0.04043764,-0.00794112,0.00123571,0.03509035,-0.0183794,-0.02258607,-0.06848469,-0.00393691,-0.11059321,-0.03076314,0.07274503,-0.07590557,0.03497763,0.03054493,-0.03073894,0.0141779,0.07691514,0.0060212,-0.03632222,-0.03066386,-0.01199182,0.05923727,0.07219006,-0.01428653,0.02001271,-0.00195851,-0.01961658,-0.08753653,0.05988957,0.0568871,-0.10820954,-0.03103046,0.03007857,0.03872946,-0.05007624,-0.02051458,0.03767404,0.01037798,-0.00482591,0.1245822,0.02095138,0.05599309,0.00654316,-0.02822473,-0.00598492,0.06297579,-0.02746966,-0.0473896,0.04060446,0.01718016,-0.08065894,-0.01836201,-0.04010525,0.05552111,-0.03460945,-0.06182666,0.03185281,-0.04196479,0.05884735,-0.03052185,-0.0296973,-0.06456632,-0.0262319,0.06623659,-0.0847835,0.12196,0.04001185,-0.06064402,-0.05495404,0.00179642,0.0185672,0.03164467,-0.01212886,-0.04179179,0.05660071,-0.04265598,0.01591066,0.08687984,0.05512496,0.01228855,-0.00557206,-0.0211265,0.0253081,0.0049855,0.00154191,0.01617488,0.00636943,-0.0325901,-0.20757197,0.03098156,0.04315366,-0.02905527,-0.02486822,-0.03825781,0.01564369,-0.01499822,0.0997493,0.08254851,0.12436637,0.03607675,0.00284203,0.01940332,-0.03558713,0.02557682,0.03293202,0.01447845,-0.01893145,-0.02225688,-0.02839182,0.04147857,-0.02568203,0.01734193,0.07705708,-0.0224617,0.1087302,-0.00349346,-0.02771922,-0.02256594,0.05960792,0.02915837,-0.05104172,-0.05608067,0.0837116,0.09364253,-0.01253914,0.00633162,-0.00420908,-0.02600364,0.04659066,0.06808201,-0.07663171,-0.09454324,-0.04776082,-0.07611955,-0.02083322,-0.05377478,-0.04173049,0.05956497,0.00367696,0.00635668,0.04229494,0.04226302,0.05441611,-0.04603362,-0.0417369,0.02044596,0.02842973,0.07235721,-0.00330611,-0.05041142,0.00095323,-0.00337751,0.00243321,0.04066388,-0.01781605,0.01207757,0.02845767,0.03280604,0.03120062,0.10245824,0.03007684,0.0417105,0.04583663,0.02184108,-0.01806159,-0.03300752,0.0211873,-0.03364559,-0.02306948,0.00034782,0.03808841,0.04533021,-0.00287005,0.02030388,0.0214604,-0.00528562,0.04167109,-0.0150789,-0.05600008,0.02833938,-0.01606077,-0.00332265,0.07735986,0.01885959,-0.3314468,0.0386202,-0.03529407,-0.00050999,-0.00828555,0.04752777,0.01008744,0.01082424,-0.05316034,0.02702208,-0.08897462,0.07425123,0.06237551,-0.00648898,0.03839514,-0.0737847,0.0587538,0.01517726,-0.00167147,-0.09895831,-0.07136688,-0.01470896,0.19527169,0.02955268,0.00251636,-0.05710701,0.0311362,0.00458113,0.04955409,0.04768491,-0.05072512,0.05954544,0.08826306,-0.04413746,0.02341633,0.05528387,-0.01827723,0.02043552,-0.02146483,-0.0338704,-0.02560204,-0.00926869,-0.01175583,-0.0208843,0.10362014,-0.010001,-0.07394639,-0.03090976,0.06095914,0.00270925,-0.0206668,0.00142584,-0.00076789,-0.01874202,0.0545421,0.00063052,0.06634651,-0.00229076,-0.00462685,0.05095368,0.04873412,0.02916073,0.04238957,0.02640513,0.07496424],"last_embed":{"tokens":409,"hash":"10sxs2l"}}},"text":null,"length":0,"last_read":{"hash":"10sxs2l","at":1782971692586},"key":"handover/HANDOVER_20260627.md#引継ぎログ：2026年6月27日（土）#2. 今日（2026/6/27）の作業計画#実装ステップ","lines":[50,64],"size":540,"outlinks":[],"class_name":"SmartBlock"},
"smart_blocks:handover/HANDOVER_20260627.md#引継ぎログ：2026年6月27日（土）#2. 今日（2026/6/27）の作業計画#実装ステップ#{1}": {"path":null,"last_embed":{"hash":null},"embeddings":{},"text":null,"length":0,"last_read":{"hash":"7pe9aj","at":1782971691383},"key":"handover/HANDOVER_20260627.md#引継ぎログ：2026年6月27日（土）#2. 今日（2026/6/27）の作業計画#実装ステップ#{1}","lines":[52,52],"size":67,"outlinks":[],"class_name":"SmartBlock"},
"smart_blocks:handover/HANDOVER_20260627.md#引継ぎログ：2026年6月27日（土）#2. 今日（2026/6/27）の作業計画#進め方": {"path":null,"last_embed":{"hash":null},"embeddings":{},"text":null,"length":0,"last_read":{"hash":"fmy0c","at":1782971691383},"key":"handover/HANDOVER_20260627.md#引継ぎログ：2026年6月27日（土）#2. 今日（2026/6/27）の作業計画#進め方","lines":[65,71],"size":117,"outlinks":[],"class_name":"SmartBlock"},
"smart_blocks:handover/HANDOVER_20260627.md#引継ぎログ：2026年6月27日（土）#2. 今日（2026/6/27）の作業計画#進め方#{1}": {"path":null,"last_embed":{"hash":null},"embeddings":{},"text":null,"length":0,"last_read":{"hash":"1cms5nj","at":1782971691383},"key":"handover/HANDOVER_20260627.md#引継ぎログ：2026年6月27日（土）#2. 今日（2026/6/27）の作業計画#進め方#{1}","lines":[66,66],"size":40,"outlinks":[],"class_name":"SmartBlock"},
"smart_blocks:handover/HANDOVER_20260627.md#引継ぎログ：2026年6月27日（土）#3. 今日（2026/6/27）の確定事項": {"path":null,"last_embed":{"hash":"27enff","at":1782971692695},"embeddings":{"TaylorAI/bge-micro-v2":{"vec":[-0.06329099,-0.05075919,0.04627604,-0.02659096,0.00729378,-0.01009971,-0.01442399,-0.01016641,0.01322114,0.0012689,0.00288205,-0.01765598,0.06465036,0.01723837,0.01299481,-0.00289319,-0.00008373,-0.03409601,-0.08148724,-0.01400512,0.12716089,-0.03449664,0.01055891,-0.04199808,0.07029249,-0.01448112,0.01079378,-0.02994744,0.00686671,-0.14233314,-0.04847275,0.03132915,-0.0198514,-0.00509173,0.00741703,-0.01415114,-0.01737273,0.02723012,-0.05186426,0.04578018,-0.00235599,0.05324448,0.03235663,-0.02004584,0.00067547,-0.03703813,-0.03152179,-0.05989222,0.01351318,-0.03631425,-0.05846791,-0.04119604,-0.01016031,0.03093829,0.04967688,0.04768158,0.03970133,-0.00418194,0.05959768,0.03014125,0.05367612,0.01131349,-0.20501164,0.05041754,-0.01842381,-0.01163216,0.03997356,0.00005792,-0.00218204,0.03738466,-0.03739876,-0.00347885,-0.00304766,0.05630809,0.00785764,-0.03920529,-0.02999851,-0.05100236,-0.07328512,-0.04756052,-0.03501964,0.04152475,0.02622294,0.00131666,-0.04052763,0.00581287,0.02887384,-0.0209425,-0.03376114,0.08204793,-0.03180768,-0.0313285,0.07209293,0.05198911,-0.05347713,-0.02552553,0.05119037,0.03992482,-0.09761963,0.10704958,-0.06987552,0.02631573,0.0256331,-0.05268809,0.05120359,-0.01445239,-0.01973444,-0.0382544,-0.01982576,-0.05205345,-0.01770786,-0.02512702,0.03745887,-0.08947466,-0.00799064,0.03241144,0.06065149,0.03062779,0.02381527,0.00084715,0.10190947,0.00230831,0.04135999,-0.02988465,-0.00509281,-0.00452863,0.02833085,0.06252831,-0.01823365,0.05662248,0.03149268,0.00000242,-0.07932821,-0.03343953,-0.01829633,0.02149408,-0.03315354,-0.06238817,0.03024397,-0.04024841,-0.04477498,-0.10905637,0.00104748,-0.10588645,-0.06258866,0.07145718,-0.05713892,0.01100481,0.04488136,-0.04721127,-0.00045084,0.08835009,0.01257919,-0.05517421,-0.00407463,0.00641527,0.02735021,0.08230232,-0.02969479,0.01214275,0.00219022,-0.07515208,-0.09448472,0.05607247,0.0304462,-0.08882829,-0.01859351,0.03208502,0.02282447,-0.04036521,-0.01855016,0.01998121,-0.01911592,0.00150374,0.13002142,0.03217448,0.0717888,-0.0205163,-0.09713414,-0.00804318,0.02386891,-0.0097111,-0.04259628,0.04437771,0.0068738,-0.06123712,0.00219719,-0.02402707,0.05767917,-0.04963776,-0.05016068,0.01824953,-0.06448319,0.05147708,-0.02156228,-0.01905679,-0.0406648,-0.01735059,0.06971077,-0.07548352,0.10117628,0.05402144,-0.05579673,-0.03313057,-0.01507668,-0.00541948,-0.00392033,-0.01460159,-0.02818127,0.06605905,-0.04785121,0.0131061,0.08608061,0.01764017,0.01222278,-0.01098661,0.005886,0.00725884,0.02510241,0.02697505,0.0398505,-0.01273409,-0.02756364,-0.21044478,0.03079391,0.03732903,0.00371373,-0.00063564,-0.02927617,0.0282085,-0.03932904,0.09891666,0.08265225,0.08829094,0.05364461,-0.02217702,0.02690141,-0.02592755,0.02181179,0.03899669,0.01687378,-0.04907366,0.02877589,-0.02621988,0.02217453,-0.0369365,-0.01018684,0.05732093,-0.0394573,0.07625669,0.00504246,-0.02166905,-0.02877376,0.0741336,0.0179375,-0.03337892,-0.07048127,0.06227574,0.08641278,-0.02224214,-0.00546144,-0.03692467,-0.06714169,0.01444858,0.09575602,-0.06287309,-0.1000797,-0.04720065,-0.04382761,-0.07119415,-0.06266771,-0.01936709,0.03132277,0.01168862,0.0453685,0.00945787,0.05488155,0.04725499,-0.00185934,-0.04690696,-0.00559509,0.03879402,0.09857178,-0.00005909,-0.02865686,-0.00595298,0.00168697,0.02103239,0.03300277,0.00508026,0.04299045,0.01878637,0.03143853,0.00686877,0.0950246,0.00351926,0.01849384,0.03249493,0.01811229,-0.00484,-0.03661294,0.03949587,-0.0166662,0.02986541,-0.01459412,0.04640521,0.04017778,0.00882699,0.02948373,0.05225363,0.03031639,0.03952705,-0.00289652,-0.06710672,0.01094576,-0.04374194,-0.03031405,0.07602917,0.00357165,-0.33670813,0.04205224,-0.00639893,-0.0166562,0.02098413,0.04679618,0.00839353,0.00924883,-0.06094969,0.0521507,-0.05595185,0.06501509,0.0560464,-0.00721873,0.02562872,-0.06373954,0.04571155,0.01268701,-0.00063271,-0.07958577,-0.05233276,-0.00164175,0.20995173,0.03322712,-0.01133036,-0.03378931,0.00637074,0.03524135,0.02829971,-0.00479983,-0.06767724,0.02703536,0.09024414,-0.03523335,-0.0027381,0.02956392,-0.04118235,0.04358292,-0.00034018,-0.03266735,-0.03614299,0.01252069,-0.02586863,-0.02381473,0.13339683,0.02540209,-0.05243112,-0.0309669,0.05726227,0.02211272,-0.01059861,0.01342207,-0.03316621,-0.03825573,0.04743186,-0.00747219,0.05970522,-0.03348455,-0.02914817,0.05627278,0.03182848,0.03376162,0.01204813,0.02333622,0.04720653],"last_embed":{"tokens":423,"hash":"27enff"}}},"text":null,"length":0,"last_read":{"hash":"27enff","at":1782971692695},"key":"handover/HANDOVER_20260627.md#引継ぎログ：2026年6月27日（土）#3. 今日（2026/6/27）の確定事項","lines":[72,98],"size":773,"outlinks":[],"class_name":"SmartBlock"},
"smart_blocks:handover/HANDOVER_20260627.md#引継ぎログ：2026年6月27日（土）#3. 今日（2026/6/27）の確定事項#Q&A結果": {"path":null,"last_embed":{"hash":"qq45mw","at":1782971692823},"embeddings":{"TaylorAI/bge-micro-v2":{"vec":[-0.06385925,-0.05411091,0.03305181,-0.02118137,0.00106669,0.00727825,0.01165309,-0.01461299,0.02746159,-0.00593143,-0.01194903,-0.01793909,0.06210241,0.02308664,0.02049631,-0.01230937,0.00029698,-0.03601059,-0.09563591,-0.02023165,0.12287458,-0.02423437,-0.01103984,-0.03934188,0.0795093,-0.00312368,0.00860347,-0.03014955,-0.00464987,-0.14218038,-0.06767955,0.03022077,0.00283772,-0.01313421,0.0061115,-0.01068452,-0.01381795,0.03636151,-0.04336309,0.04271641,-0.00002386,0.05189089,0.0515658,-0.02667073,-0.00284266,-0.04157687,-0.01996704,-0.05028873,0.01663064,-0.04655899,-0.06650154,-0.03143349,-0.00606972,0.02820189,0.04698872,0.05268475,0.03047245,-0.00695288,0.04873997,0.01985722,0.05860049,0.00879692,-0.21387304,0.05838827,-0.02777879,-0.02114261,0.04380709,0.00835585,0.00771251,0.05307955,-0.05190307,-0.02338365,0.00019634,0.05597939,-0.00710968,-0.03443104,-0.03625004,-0.06070312,-0.06960196,-0.04578709,-0.04021251,0.02103465,0.01691649,-0.00167995,-0.03863237,0.00489655,0.02944797,-0.02923925,-0.03637827,0.08227094,-0.03476489,-0.02988686,0.05953865,0.05478086,-0.06375665,-0.03741859,0.03031374,0.04149327,-0.09690686,0.11416133,-0.07040735,0.0322715,0.02735042,-0.05156613,0.03918413,-0.02360402,-0.01330621,-0.0342044,-0.0245978,-0.06416027,-0.03225876,-0.02688002,0.04342033,-0.08072003,-0.01701339,0.04150621,0.07596242,0.02518253,0.0356705,0.00120856,0.09557425,-0.01113523,0.03801205,-0.02470081,-0.00759747,-0.01348358,0.0266014,0.06539886,-0.03070748,0.06189517,0.04017433,-0.00723093,-0.08005251,-0.01898942,-0.0189519,0.00786679,-0.00621145,-0.05362621,0.03326743,-0.04165083,-0.02765975,-0.13630114,-0.01071775,-0.09940019,-0.05245728,0.07094319,-0.07722403,0.00344531,0.04232534,-0.04371459,0.00507506,0.09138392,0.01795004,-0.05993001,-0.0036429,0.00747617,0.04712106,0.08103068,-0.02737634,0.00980798,-0.00853875,-0.05873341,-0.10353062,0.06832924,0.03699914,-0.08377359,-0.00994951,0.03035066,0.02111772,-0.04921023,-0.00000274,0.02290333,-0.01799651,0.00003797,0.13207801,0.03682633,0.07207309,0.00212118,-0.08916318,-0.0110368,0.02994785,-0.00904722,-0.04304283,0.04429069,0.01379292,-0.05319278,0.0065342,-0.02259972,0.06151237,-0.03879617,-0.05675961,0.00695728,-0.0496433,0.04570079,-0.04107676,-0.02446488,-0.05744887,-0.0154429,0.064614,-0.08429316,0.08942754,0.0490969,-0.06618014,-0.02767193,0.01464005,-0.00627086,0.00773039,-0.00962048,-0.01442351,0.07069476,-0.04793559,0.01719811,0.09401011,0.01710237,0.02826885,-0.00041931,-0.00188559,0.01965687,0.00893979,0.00450504,0.04406333,-0.01060632,-0.03140562,-0.20800933,0.02422005,0.05595264,-0.00982988,-0.00531866,-0.01818742,0.02080078,-0.02281317,0.1058039,0.06845143,0.07835438,0.04962333,-0.0345148,0.02786195,-0.01873855,0.02153393,0.04347595,0.0214072,-0.03708855,0.02316101,-0.01865879,0.02296595,-0.04030323,0.01584866,0.07371661,-0.04772238,0.06756169,0.00137376,-0.01196504,-0.02044539,0.06115792,0.0120171,-0.04731181,-0.03629815,0.04840536,0.07282043,-0.0278397,-0.00725778,-0.01465369,-0.06582554,0.03834426,0.0885437,-0.06963226,-0.07969908,-0.04854111,-0.05312881,-0.04699926,-0.05146729,-0.02915012,0.03191977,0.01259319,0.03385743,0.01831071,0.04881459,0.04466295,0.00306482,-0.03780655,0.00705065,0.01577325,0.08758579,0.00409203,-0.01289465,-0.00242082,-0.0046164,0.00283009,0.03903325,0.01591017,0.03662205,0.00202415,0.03885244,0.00849738,0.08987717,0.01433662,0.01580863,0.02239848,0.02295356,-0.00480556,-0.05587895,0.03398558,-0.0382507,0.03368615,-0.01747,0.05353564,0.02814225,0.01127119,0.01951384,0.06181218,0.02658901,0.04458028,-0.00933255,-0.07355735,0.00263143,-0.03518577,-0.02182711,0.06811041,-0.01562294,-0.32686114,0.0308882,-0.02708545,-0.00238983,0.02113323,0.05409387,-0.0096134,0.00400108,-0.09276543,0.05215499,-0.06022935,0.061084,0.06796208,0.00204813,0.0278173,-0.07298996,0.04722007,0.01877944,-0.00599548,-0.08592506,-0.04810893,-0.01729876,0.20361678,0.04740501,-0.00197256,-0.0316223,0.02103602,0.01912287,0.03945677,0.00377062,-0.0487182,0.01792956,0.09446114,-0.0325973,0.00582024,0.02680856,-0.04309066,0.03909012,-0.00276524,-0.03829035,-0.03732975,0.01648814,-0.02125207,-0.03229383,0.12381593,0.02691795,-0.04962481,-0.03405929,0.06349745,0.0357535,-0.00756149,0.01149361,-0.02361593,-0.02911449,0.04969466,-0.00770123,0.05027977,-0.03033089,-0.03516638,0.06454992,0.05071963,0.01691509,0.0148506,0.03132241,0.06166528],"last_embed":{"tokens":300,"hash":"qq45mw"}}},"text":null,"length":0,"last_read":{"hash":"qq45mw","at":1782971692823},"key":"handover/HANDOVER_20260627.md#引継ぎログ：2026年6月27日（土）#3. 今日（2026/6/27）の確定事項#Q&A結果","lines":[74,85],"size":331,"outlinks":[],"class_name":"SmartBlock"},
"smart_blocks:handover/HANDOVER_20260627.md#引継ぎログ：2026年6月27日（土）#3. 今日（2026/6/27）の確定事項#Q&A結果#{1}": {"path":null,"last_embed":{"hash":"1vn14gx","at":1782971692908},"embeddings":{"TaylorAI/bge-micro-v2":{"vec":[-0.06551843,-0.0515357,0.03275606,-0.01676816,0.00120745,0.00459983,0.00799751,-0.01717396,0.02668455,-0.00852427,-0.01019882,-0.01700553,0.06118621,0.02035227,0.02528006,-0.01275542,-0.00048451,-0.03670487,-0.09327845,-0.02068151,0.11969987,-0.0207524,-0.01277447,-0.0374036,0.07768719,-0.00334555,0.00654757,-0.03171492,-0.00086597,-0.14250346,-0.06681772,0.03245195,-0.00256219,-0.0131302,0.00888287,-0.01459281,-0.01287403,0.03807061,-0.04247757,0.0394106,0.00562436,0.05411605,0.05302116,-0.02778615,-0.00192633,-0.04347486,-0.02272449,-0.04993416,0.01581523,-0.04505131,-0.06389966,-0.02887029,-0.0082908,0.0308327,0.04696803,0.05402239,0.02778631,-0.00726436,0.04739037,0.02090865,0.05859016,0.00780077,-0.21333857,0.05765676,-0.03122414,-0.02401704,0.04256766,0.01065538,0.00354675,0.05484468,-0.05432879,-0.02289207,-0.00127699,0.05681633,-0.00395942,-0.03540813,-0.035503,-0.06263079,-0.06728346,-0.04627657,-0.03580547,0.02171905,0.01559978,0.00222998,-0.04071138,0.00667526,0.02779343,-0.0294209,-0.03643935,0.08106901,-0.03328092,-0.03316835,0.0573318,0.05540176,-0.05962108,-0.03881522,0.02798053,0.04139572,-0.0961935,0.11500581,-0.06612833,0.03095514,0.02412097,-0.05178048,0.03758995,-0.02169868,-0.01307426,-0.03342357,-0.02640173,-0.06401049,-0.03117338,-0.03046063,0.04249181,-0.07823098,-0.01913375,0.04135457,0.07130234,0.02551721,0.03605156,0.00280387,0.09943724,-0.01272935,0.04080974,-0.02689103,-0.00562053,-0.0163375,0.02568135,0.06517518,-0.03607311,0.06239164,0.0401309,-0.00727492,-0.07413203,-0.01966024,-0.01790173,0.00599701,-0.00424809,-0.05428807,0.03436419,-0.04008368,-0.02867307,-0.13850854,-0.01035444,-0.09883732,-0.05149245,0.06821111,-0.08076429,-0.00258229,0.04156628,-0.04614925,0.00777657,0.09275813,0.01900708,-0.05990784,-0.00278473,0.00635043,0.04755348,0.08112802,-0.02711648,0.00526792,-0.00824096,-0.05780528,-0.10489927,0.07264969,0.03479774,-0.08464172,-0.00827738,0.02860287,0.02113952,-0.04613933,0.00264371,0.02239203,-0.0208222,-0.00068824,0.13094012,0.03444232,0.06919366,0.00296516,-0.08626476,-0.01170514,0.02803185,-0.00906383,-0.04424734,0.04568589,0.0134524,-0.04980395,0.01077171,-0.01828354,0.06017677,-0.04176488,-0.05535583,0.01027883,-0.05038791,0.05001803,-0.04411963,-0.02056876,-0.05953524,-0.01213781,0.06611851,-0.08766073,0.09036455,0.04928105,-0.06504025,-0.02744289,0.01313864,-0.0091009,0.00916518,-0.01179312,-0.01239855,0.07035849,-0.04763586,0.01461293,0.09232902,0.01627938,0.02627691,0.00488308,-0.00268832,0.01757069,0.00686868,0.00466588,0.04315815,-0.0101088,-0.03256849,-0.21011332,0.02072116,0.05553295,-0.00693506,-0.00621104,-0.01697935,0.02022204,-0.02048309,0.1045309,0.06948004,0.07894951,0.04698949,-0.03358227,0.02632452,-0.0209112,0.02706326,0.04362329,0.02454635,-0.03830953,0.02182879,-0.02047046,0.02531913,-0.03843337,0.0173857,0.07414147,-0.04682392,0.07080533,-0.00113115,-0.01059977,-0.01466482,0.06509814,0.0123635,-0.04845214,-0.03656397,0.04976737,0.07428953,-0.03038516,-0.00574974,-0.01721272,-0.06478577,0.04162337,0.08832531,-0.07083143,-0.07894321,-0.04521488,-0.04817985,-0.04690691,-0.052368,-0.03220602,0.03424028,0.01006223,0.03515185,0.01845581,0.05068749,0.0451939,-0.00059101,-0.03725867,0.01289991,0.01436058,0.08932091,0.00587794,-0.01413313,-0.00323657,-0.00172537,0.00293959,0.03840588,0.0149608,0.03380992,0.0072779,0.03937192,0.01065862,0.08918624,0.01620281,0.01246832,0.02249376,0.02174107,-0.00338036,-0.05632356,0.03667859,-0.04403953,0.03134327,-0.01579428,0.05508296,0.02753429,0.01616806,0.01448009,0.06223552,0.02610747,0.04211752,-0.00714283,-0.0753615,0.00125827,-0.03155335,-0.02225224,0.06886467,-0.01527753,-0.3283107,0.02713761,-0.02493052,-0.00078529,0.02043852,0.05262098,-0.00833387,0.00413368,-0.09253097,0.05361181,-0.05924613,0.05748109,0.0691211,0.00235217,0.02468136,-0.07450378,0.04696898,0.02079883,-0.00393202,-0.08471303,-0.04854462,-0.0229621,0.20278282,0.04620036,0.00196367,-0.03185838,0.02178431,0.0177414,0.03855473,0.00485762,-0.05049317,0.01992964,0.09681951,-0.03747775,0.00728396,0.02902433,-0.04377495,0.04057547,-0.00238246,-0.03592373,-0.03774806,0.01608817,-0.02646683,-0.03168365,0.12586957,0.02725399,-0.04519604,-0.03410413,0.05991247,0.03681021,-0.00741612,0.01140613,-0.02350203,-0.03183579,0.04581834,-0.0125776,0.04559686,-0.03192063,-0.03228148,0.06533533,0.04995881,0.01640796,0.01470322,0.03422828,0.06304921],"last_embed":{"tokens":298,"hash":"1vn14gx"}}},"text":null,"length":0,"last_read":{"hash":"1vn14gx","at":1782971692908},"key":"handover/HANDOVER_20260627.md#引継ぎログ：2026年6月27日（土）#3. 今日（2026/6/27）の確定事項#Q&A結果#{1}","lines":[76,85],"size":320,"outlinks":[],"class_name":"SmartBlock"},
"smart_blocks:handover/HANDOVER_20260627.md#引継ぎログ：2026年6月27日（土）#3. 今日（2026/6/27）の確定事項#引継ぎ体制": {"path":null,"last_embed":{"hash":"14nsy9p","at":1782971692980},"embeddings":{"TaylorAI/bge-micro-v2":{"vec":[-0.0649125,-0.05329094,0.07064521,-0.04532674,0.03688646,-0.02859793,-0.03430085,-0.00245838,0.01286867,-0.000014,0.02056055,-0.03345053,0.05742032,-0.00278892,-0.00072773,-0.00869631,0.00294557,-0.037654,-0.05188434,-0.00125984,0.1270902,-0.03688096,0.02217801,-0.05088829,0.05296824,-0.01017155,0.01387615,-0.04115872,0.01495276,-0.14124319,-0.01873136,0.0112344,-0.03067737,0.01456858,0.01615022,-0.01935387,-0.01030702,0.01254199,-0.06468873,0.04408352,-0.01443076,0.05280126,0.00934101,-0.0152413,0.01632579,-0.03210888,-0.0303997,-0.04023128,0.01527267,-0.00813241,-0.04325582,-0.028312,-0.00252962,0.02384446,0.05870188,0.01468944,0.05886396,0.01002503,0.05327889,0.02597097,0.04736696,0.01109877,-0.20429136,0.03429719,-0.01406173,-0.0043262,0.03405371,-0.01552003,-0.00292341,0.0293496,-0.04053116,0.01390768,-0.00736728,0.06669601,0.01384695,-0.03411245,-0.01696085,-0.04078094,-0.06728821,-0.05585347,-0.03036099,0.06034668,0.0266827,0.0099322,-0.03640109,0.01899067,0.01634649,-0.00064924,-0.01031395,0.0596439,-0.02115964,-0.01217151,0.07814723,0.0488632,-0.06321878,0.01620919,0.08120862,0.04677568,-0.0810359,0.10187187,-0.08860279,0.02488875,0.01535701,-0.062486,0.06223849,0.00470751,-0.01606178,-0.0266613,-0.0077146,-0.03979626,0.00606067,-0.0093042,0.02796022,-0.08459773,0.0137367,0.01967566,0.03906601,0.03676248,0.00516552,-0.01597947,0.08630754,0.00290998,0.05622843,-0.04159397,0.00320597,0.00685907,0.04729836,0.04292861,0.00418259,0.05063899,0.02195166,-0.00685994,-0.09534854,-0.05167624,-0.00079435,0.0295495,-0.0580521,-0.056405,0.02264353,-0.04002291,-0.05449648,-0.07533578,-0.00393431,-0.1042902,-0.0472714,0.07851609,-0.04144853,0.02606231,0.04825888,-0.04719838,-0.01688772,0.09648179,-0.00452466,-0.06706806,-0.01032275,0.00719391,0.01204774,0.08893077,-0.03118763,0.01978477,0.00181659,-0.10765924,-0.0747571,0.06324815,0.00289997,-0.09090131,-0.02533379,0.03079552,0.03362004,-0.01900848,-0.04962444,0.0125536,-0.00723943,-0.00223192,0.12664235,0.02192938,0.07742903,-0.03729361,-0.10820313,-0.00008602,0.04381335,-0.02009749,-0.04338129,0.05962256,-0.00642562,-0.06425011,-0.01750416,-0.02149465,0.03147904,-0.03366342,-0.06153291,0.02302492,-0.07206954,0.01944643,0.00295301,-0.00998267,-0.01130838,-0.0190386,0.05535703,-0.05496366,0.11097712,0.06191564,-0.03430847,-0.01505494,-0.025305,-0.00059509,-0.00306779,-0.01660072,-0.05018482,0.05492685,-0.04285038,0.01768376,0.08057646,0.02813852,-0.00309317,-0.0065466,0.01637041,0.00224472,0.02943562,0.0462927,0.04054423,-0.01152869,-0.02341882,-0.21653895,0.05441234,0.01038147,-0.02724555,-0.00087793,-0.04265337,0.02119876,-0.04635451,0.10509873,0.07480092,0.09318909,0.05602093,-0.00898635,0.00655164,-0.0149434,0.02128849,0.0360047,-0.00004197,-0.05252293,0.01037737,-0.03138902,0.00823785,-0.02618605,-0.04569432,0.0694993,-0.04385703,0.09303076,0.0203398,-0.02824467,-0.04526315,0.06114385,0.02916817,-0.02892181,-0.13154958,0.07426559,0.05712913,-0.0276331,-0.00290616,-0.05257821,-0.0668069,0.00860265,0.07473993,-0.05213638,-0.12497918,-0.03621368,-0.02758756,-0.07228032,-0.06820457,0.00091454,0.02114645,0.02750863,0.04720756,0.00893548,0.06681827,0.02855211,-0.01209233,-0.04714296,-0.00664373,0.05195833,0.09624663,0.00352906,-0.02616661,-0.00977863,-0.00797798,0.03997927,0.02262813,-0.01248857,0.02268956,0.02879807,0.02265014,-0.01806135,0.07128947,-0.00953955,0.00107673,0.04880117,0.01938775,-0.01861612,-0.01693323,0.02505243,0.00618857,0.035781,0.00245309,0.04893525,0.04469868,0.0060266,0.02597454,0.0345084,0.02531829,0.02667915,0.00133847,-0.0491842,0.01556572,-0.05151765,-0.04481377,0.08683617,0.02526212,-0.34463629,0.06273138,0.01848693,0.00654087,0.01129132,0.03440291,0.034415,0.03134468,-0.03827719,0.03038014,-0.04074372,0.05152076,0.03361267,-0.01733703,0.02987849,-0.05015954,0.06135324,0.01708763,0.0231958,-0.07800095,-0.03632323,0.01154447,0.2203594,0.03299463,-0.00026526,-0.0273265,-0.01879109,0.04491755,0.04499968,-0.00999412,-0.05453172,0.01408998,0.07636417,-0.01717025,-0.01817113,0.04531503,-0.02674273,0.02801058,-0.00345799,-0.01852237,-0.0348465,-0.01142847,-0.02035726,-0.01540207,0.13415901,0.02073776,-0.06268468,-0.02263757,0.03703216,0.00459709,-0.02591423,0.00021074,-0.03793914,-0.04705377,0.04570823,0.01221563,0.05715452,-0.0439458,-0.0265648,0.0198018,0.01812609,0.05062177,0.00220507,0.00790041,0.03783598],"last_embed":{"tokens":155,"hash":"14nsy9p"}}},"text":null,"length":0,"last_read":{"hash":"14nsy9p","at":1782971692980},"key":"handover/HANDOVER_20260627.md#引継ぎログ：2026年6月27日（土）#3. 今日（2026/6/27）の確定事項#引継ぎ体制","lines":[86,91],"size":210,"outlinks":[],"class_name":"SmartBlock"},
"smart_blocks:handover/HANDOVER_20260627.md#引継ぎログ：2026年6月27日（土）#3. 今日（2026/6/27）の確定事項#引継ぎ体制#{1}": {"path":null,"last_embed":{"hash":null},"embeddings":{},"text":null,"length":0,"last_read":{"hash":"12xa9e3","at":1782971691383},"key":"handover/HANDOVER_20260627.md#引継ぎログ：2026年6月27日（土）#3. 今日（2026/6/27）の確定事項#引継ぎ体制#{1}","lines":[87,87],"size":62,"outlinks":[],"class_name":"SmartBlock"},
"smart_blocks:handover/HANDOVER_20260627.md#引継ぎログ：2026年6月27日（土）#3. 今日（2026/6/27）の確定事項#重要な追加情報（ユーザーから）": {"path":null,"last_embed":{"hash":"1hw7zee","at":1782971693017},"embeddings":{"TaylorAI/bge-micro-v2":{"vec":[-0.03767539,-0.02938939,0.04616517,-0.04722964,0.03452402,0.00585237,-0.00229797,0.01162342,0.04499374,-0.0249451,0.01052679,-0.04885015,0.04814736,0.02021873,-0.00049329,-0.01112616,-0.01142883,-0.03617599,-0.05717392,-0.03360967,0.12458462,-0.0231342,-0.0004746,-0.03670337,0.06663374,0.020309,-0.00287825,-0.04199602,-0.0122981,-0.14099798,-0.04493591,0.022266,0.00854177,0.00727655,-0.00569137,-0.00515686,-0.01979853,0.03793405,-0.04842453,0.04852823,-0.0188532,0.05950835,0.034238,-0.02021153,0.01785762,-0.05394186,-0.01736645,-0.03806619,0.00148663,-0.04354494,-0.05568827,-0.01897232,-0.01219427,0.04183135,0.03928163,0.02132893,0.02475421,-0.03231624,0.03752124,0.00944731,0.0592211,0.01576848,-0.22055925,0.05068726,-0.02828722,-0.02117203,0.03810412,0.02022034,0.03686133,0.03518268,-0.04846716,-0.02632254,-0.00492842,0.05138364,-0.0160939,-0.02501341,-0.04443561,-0.05075781,-0.05145843,-0.04887725,-0.020503,0.0177254,0.02053249,-0.01504381,-0.0438502,-0.00498152,0.04691028,-0.02823216,-0.03108174,0.08547954,-0.0153722,-0.03274085,0.06828529,0.05110886,-0.08810911,0.00414422,0.05942626,0.04193676,-0.11352478,0.12556514,-0.08721921,0.04382508,0.02080701,-0.02941033,0.04628507,-0.00355067,-0.01349451,-0.01801745,-0.04609846,-0.07175931,-0.03702888,-0.01350495,0.02261374,-0.06282143,0.00192498,0.04275618,0.05996739,0.01755642,0.04086032,-0.00828955,0.07758761,-0.00212267,0.01129487,-0.01127902,-0.01894159,-0.00948445,0.01680032,0.04455846,-0.02826655,0.05098923,0.03663469,0.01218133,-0.08668534,-0.01758078,-0.00398706,0.0006717,-0.00465597,-0.04384439,0.01648344,-0.02273978,-0.03076536,-0.11242042,-0.03222307,-0.1072758,-0.03745708,0.07751442,-0.08209889,-0.0047745,0.04775672,-0.04971033,-0.00069341,0.08985259,0.00290923,-0.05253306,-0.00813847,-0.00858693,0.06074471,0.08075298,-0.02372796,0.0174664,0.00268097,-0.03861505,-0.0704342,0.0769362,0.06857534,-0.10244212,-0.0192542,0.04125361,0.02782747,-0.06390692,-0.01292176,0.01573733,0.00685088,-0.02260645,0.12064669,0.03978769,0.09217641,0.01003236,-0.08083624,0.01817071,0.03165116,-0.02126806,-0.0309091,0.05287112,0.00070277,-0.06263799,0.00237609,-0.03116944,0.05133296,-0.03847483,-0.08270629,0.0076394,-0.04474914,0.04899561,0.00174656,-0.0149853,-0.07130906,-0.03023462,0.06629105,-0.08050459,0.09254158,0.03929,-0.058169,-0.0483927,0.01828213,0.02081127,0.01818697,-0.00974473,-0.0477841,0.07092068,-0.04153093,0.02608565,0.0809081,0.02135425,0.01442704,0.01499532,-0.01692967,0.03478006,-0.00436551,0.00763724,0.07618987,0.00771619,-0.01019836,-0.21622778,0.01262404,0.04136404,-0.02569356,-0.01765975,-0.04613499,0.0257376,-0.02341119,0.10816066,0.06180493,0.09151168,0.06434556,-0.03271659,0.0197149,-0.02734602,0.02036652,0.01738702,0.0202559,-0.03894617,0.02153253,-0.03232756,0.03588398,-0.03206516,0.02001226,0.06739312,-0.04496353,0.07148899,0.01663382,-0.0406188,-0.04565073,0.06452219,0.04323537,-0.03732879,-0.05956588,0.06430607,0.05404288,-0.01944577,-0.00421394,-0.00462943,-0.06385027,0.03731468,0.08836158,-0.06693584,-0.07632763,-0.03942212,-0.07869115,-0.04104025,-0.0616459,-0.02143291,0.05002062,0.00169864,0.01049378,0.02992279,0.04329578,0.02982293,-0.00965829,-0.04517957,0.00042728,0.00988707,0.08684494,-0.02314649,-0.0010416,-0.0249666,0.00216071,0.01383292,0.04059143,0.00755738,0.04018524,-0.00082426,0.04694548,0.01898509,0.08184414,0.02099782,0.02010695,0.00388258,-0.00030911,-0.02542376,-0.05588489,0.01211354,-0.01556218,0.02896992,0.00266263,0.05801145,0.04069576,0.00695757,0.03034683,0.04018964,0.01291037,0.05348244,0.00536677,-0.07855316,0.02842382,-0.04448239,-0.02689932,0.06688021,-0.0091053,-0.32740816,0.03538608,-0.00563124,0.0080059,0.0292447,0.05085838,-0.01225463,0.01828602,-0.08588599,0.06470533,-0.05890605,0.07286697,0.06615435,-0.00918396,0.01743997,-0.04806422,0.0410356,-0.00933052,-0.01102094,-0.09565791,-0.02102233,0.0045708,0.18849768,0.04876489,0.01919488,-0.03511957,0.03467944,-0.00890008,0.03482202,0.02917994,-0.05620487,0.00623483,0.08206135,-0.04022599,0.02455345,0.04696303,-0.01707621,0.05986674,-0.00761264,-0.04594207,-0.05304878,0.01242017,-0.01567857,-0.03232331,0.11751729,0.02217326,-0.05876165,-0.04130321,0.03687278,0.02137584,-0.03345574,0.0004908,-0.01630693,-0.04338125,0.05112541,0.01771727,0.06501295,-0.02423941,-0.03779269,0.05307626,0.03734781,0.0312419,-0.00584493,0.01398422,0.05229523],"last_embed":{"tokens":211,"hash":"1hw7zee"}}},"text":null,"length":0,"last_read":{"hash":"1hw7zee","at":1782971693017},"key":"handover/HANDOVER_20260627.md#引継ぎログ：2026年6月27日（土）#3. 今日（2026/6/27）の確定事項#重要な追加情報（ユーザーから）","lines":[92,98],"size":204,"outlinks":[],"class_name":"SmartBlock"},
"smart_blocks:handover/HANDOVER_20260627.md#引継ぎログ：2026年6月27日（土）#3. 今日（2026/6/27）の確定事項#重要な追加情報（ユーザーから）#{1}": {"path":null,"last_embed":{"hash":null},"embeddings":{},"text":null,"length":0,"last_read":{"hash":"1wj5dbw","at":1782971691383},"key":"handover/HANDOVER_20260627.md#引継ぎログ：2026年6月27日（土）#3. 今日（2026/6/27）の確定事項#重要な追加情報（ユーザーから）#{1}","lines":[93,93],"size":59,"outlinks":[],"class_name":"SmartBlock"},
"smart_blocks:handover/HANDOVER_20260627.md#引継ぎログ：2026年6月27日（土）#4. 次回開始時にやること（優先度順）": {"path":null,"last_embed":{"hash":"17w9dzy","at":1782971693078},"embeddings":{"TaylorAI/bge-micro-v2":{"vec":[-0.03333286,-0.02124801,0.01961643,-0.04937867,0.02315537,0.0092027,-0.06198945,0.02119614,0.03495416,-0.01210194,0.00900612,-0.05197479,0.03601158,0.02614705,-0.02698069,-0.03944588,0.00865426,-0.04218234,-0.05196687,-0.01258354,0.10188965,-0.03282475,-0.02809994,-0.07123108,0.05294951,0.01991189,-0.01759729,-0.0598696,-0.01288024,-0.16848549,-0.07633486,0.04846938,0.03042416,-0.01037574,-0.01559313,0.00075741,-0.03231989,0.03966133,-0.04079328,0.01503826,-0.02211802,0.05581925,0.01939262,0.00532499,0.01701961,-0.05592636,-0.04376668,-0.03927292,0.00346286,-0.05817788,-0.02141521,-0.01315448,0.01009831,-0.0023992,0.03518425,0.01974959,0.03130792,-0.01297897,0.02308482,0.01564691,0.06093189,0.04810712,-0.22568393,0.04084037,-0.00056234,-0.03899091,0.0067501,0.00849916,0.05305481,0.05489629,-0.06106142,-0.02128967,-0.01148671,0.05429456,-0.01099589,-0.03147832,-0.01890572,-0.08287517,-0.04084872,-0.05833275,-0.01402827,0.01000072,0.00340796,-0.0214548,0.00976472,-0.00589897,0.02845213,-0.03159112,-0.02024892,0.0719635,-0.01639287,-0.05771351,0.05994831,0.02362777,-0.08900094,-0.03020259,0.04085148,0.0126731,-0.10863239,0.10186476,-0.06796815,0.0055663,0.05135001,-0.03002526,0.05806906,-0.029596,0.02138226,-0.00061815,-0.04797118,-0.04614831,-0.05779733,-0.03375955,0.00256931,-0.05277717,-0.02542998,0.06487139,0.00762226,0.00664955,0.02941842,-0.0041352,0.03108602,0.0008103,0.02335377,-0.02393621,-0.01729689,-0.01348166,-0.00232337,0.03164322,-0.02818105,0.06575168,0.02015448,0.02030227,-0.0515109,-0.01869251,0.01303212,0.04026573,-0.0131861,0.00457488,0.02043485,-0.01810996,-0.03278881,-0.07056646,-0.00456509,-0.09158243,-0.03709193,0.07179667,-0.07926211,0.0364764,0.01983257,-0.01921304,0.00248882,0.07347051,0.003736,-0.04496612,-0.02824825,-0.01465587,0.049671,0.07454374,-0.01357062,0.01329325,0.01935009,-0.02320626,-0.07848853,0.07366931,0.04056396,-0.10159263,-0.02220051,0.05312099,0.04714624,-0.05504486,-0.02167526,0.04348296,0.02251344,0.00386134,0.12180094,0.00666108,0.07578073,0.02635485,-0.02700748,-0.00239362,0.0495326,-0.01199764,-0.05560493,0.04286939,0.03013202,-0.05734263,-0.02462713,-0.02512675,0.06616215,-0.04364989,-0.0536878,0.02512778,-0.04439998,0.05173667,-0.02898429,-0.029503,-0.0749448,-0.01501082,0.06532014,-0.08168062,0.13294023,0.03254962,-0.05706531,-0.06060613,0.02520843,0.01627953,0.05502442,-0.00776966,-0.05809601,0.04297834,-0.04686064,0.01975683,0.08929678,0.07424167,0.02746798,-0.01440228,-0.01405665,0.03466247,-0.01188572,0.00413564,0.05258433,-0.00465238,-0.01753126,-0.20885184,0.03182844,0.0496731,-0.0348321,-0.01756959,-0.0210654,0.03297091,-0.00420504,0.10293138,0.07318199,0.10158917,0.04414665,-0.02273435,0.00872621,-0.03520796,0.0177478,0.01368007,0.0116683,-0.0071994,-0.01079591,-0.02257924,0.05740792,-0.03609069,0.02424219,0.06566472,-0.03270783,0.10078753,0.00508718,-0.04410565,-0.01333612,0.05642309,0.0110802,-0.02099027,-0.05742505,0.08137553,0.09718748,-0.02286139,0.03171501,-0.01057412,-0.0412544,0.04354496,0.05926239,-0.07702465,-0.08305689,-0.05488465,-0.08201896,-0.04118681,-0.07286037,-0.02833636,0.06589297,-0.01487116,0.01609432,0.02801074,0.05146387,0.04773,-0.03146478,-0.07948919,0.00321554,0.0172008,0.06556562,0.00226492,-0.03329897,-0.00217148,-0.00634377,0.00977545,0.04628089,0.00349175,0.01936989,0.02893433,0.01756535,0.03566697,0.09653912,0.02796729,0.03190164,0.06038486,0.02334554,-0.0028143,-0.02631315,0.0234517,-0.02757746,-0.0150834,0.02256639,0.05847724,0.02911787,0.02066178,0.01936951,0.01984737,0.01029009,0.04985327,-0.00216774,-0.07064529,0.03925868,-0.00345664,-0.00412778,0.06237823,0.01609232,-0.331451,0.01666947,-0.025062,0.01150354,0.00177028,0.04629222,0.00246057,0.02662567,-0.05828389,0.04663044,-0.1067437,0.06008638,0.02837912,-0.01485783,0.00934317,-0.05860556,0.04951587,-0.00587138,-0.01319022,-0.09690523,-0.06224848,-0.01706361,0.18067302,0.01370594,-0.01209278,-0.06411818,0.03600416,0.01437068,0.05188223,0.02870801,-0.04269565,0.07491395,0.09762278,-0.05100157,0.01347745,0.07553941,0.00037025,0.00512961,-0.02729115,-0.04073889,-0.01330299,-0.01386801,-0.00599623,-0.01670957,0.0992847,0.01551835,-0.08402137,-0.02555505,0.0708915,-0.01476453,-0.03719033,-0.01749471,0.00571397,-0.02232892,0.06813908,0.00535529,0.06793311,0.00356275,-0.00915744,0.04791155,0.02903687,0.01489853,0.01657875,0.04643876,0.07579292],"last_embed":{"tokens":391,"hash":"17w9dzy"}}},"text":null,"length":0,"last_read":{"hash":"17w9dzy","at":1782971693078},"key":"handover/HANDOVER_20260627.md#引継ぎログ：2026年6月27日（土）#4. 次回開始時にやること（優先度順）","lines":[99,128],"size":623,"outlinks":[],"class_name":"SmartBlock"},
"smart_blocks:handover/HANDOVER_20260627.md#引継ぎログ：2026年6月27日（土）#4. 次回開始時にやること（優先度順）#🔴 HIGH（着手すぐ）": {"path":null,"last_embed":{"hash":"bssxrp","at":1782971693194},"embeddings":{"TaylorAI/bge-micro-v2":{"vec":[-0.03052546,-0.01885244,0.02284547,-0.05003396,0.01183346,0.01249281,-0.05542392,0.02523069,0.03903335,-0.01422128,0.00776981,-0.05718477,0.03389604,0.02444501,-0.02923096,-0.04276974,0.00033371,-0.03891092,-0.04096045,-0.01352687,0.10309313,-0.03195077,-0.03785113,-0.07218001,0.05605597,0.02446858,-0.02457175,-0.06885885,-0.00974383,-0.17396234,-0.07825791,0.05079923,0.0266776,-0.00898538,-0.0175978,0.00193642,-0.03192235,0.04758864,-0.0390426,0.01252075,-0.02452178,0.05726872,0.01773768,0.00697231,0.02196145,-0.06550984,-0.04342661,-0.03137105,0.00688533,-0.0606029,-0.01250542,-0.00510286,0.01845993,-0.01155508,0.02784113,0.0171836,0.03267125,-0.01354201,0.02445675,0.01736085,0.0639746,0.04464866,-0.23009372,0.04049792,0.00056369,-0.03333021,0.00466544,0.00583612,0.04799143,0.06360172,-0.06733606,-0.02276965,-0.01154921,0.05138632,-0.01374942,-0.02822627,-0.01810557,-0.08430508,-0.03774744,-0.05075061,-0.01374039,0.00382982,-0.00224749,-0.0215861,0.01574807,-0.0096649,0.02567327,-0.02911246,-0.02261663,0.06948512,-0.006889,-0.06491691,0.05931861,0.01777208,-0.0904057,-0.03205769,0.04662562,0.00996605,-0.10971937,0.1013575,-0.06814567,0.00077139,0.04628147,-0.02128777,0.06122969,-0.02517247,0.03012566,-0.00349675,-0.04812719,-0.04385341,-0.05673472,-0.03165084,0.00200872,-0.04084492,-0.01887252,0.07009298,-0.00225733,-0.00053782,0.03153826,-0.00579212,0.02478702,-0.00053982,0.02035138,-0.02352029,-0.02048467,-0.01948676,0.00520858,0.02630894,-0.02727401,0.06873624,0.0255604,0.0167788,-0.04727677,-0.01733886,0.01916007,0.0398823,-0.00434744,0.01626052,0.02168421,-0.01878324,-0.02888828,-0.06074936,-0.00138289,-0.08820423,-0.02920427,0.07170628,-0.08326484,0.03150342,0.01970038,-0.02069375,0.00235561,0.07343926,0.00383043,-0.04547452,-0.03334662,-0.01131399,0.05441475,0.06989057,-0.00678131,0.01049433,0.02070033,-0.01823359,-0.07457288,0.0764302,0.04085357,-0.106943,-0.02170135,0.05185668,0.04589093,-0.05357912,-0.02111739,0.03789456,0.01794172,0.00909186,0.11637056,0.00195074,0.07261806,0.03289847,-0.01973135,-0.00038609,0.05634721,-0.01928203,-0.05874016,0.03938208,0.03317026,-0.05827478,-0.02407179,-0.02265268,0.06406081,-0.04455098,-0.06172916,0.03076767,-0.04871232,0.05286362,-0.0299251,-0.02757616,-0.07559435,-0.01735535,0.06071802,-0.07592717,0.13073005,0.0212813,-0.05895508,-0.05389021,0.02788632,0.01258846,0.0551009,-0.0078335,-0.06377762,0.03823932,-0.04180071,0.01750386,0.08949025,0.07855363,0.02747838,-0.01139259,-0.01679279,0.04389664,-0.02243456,0.00780451,0.0542675,0.00380452,-0.02441314,-0.2083794,0.02747719,0.04756992,-0.04301909,-0.02437455,-0.02310104,0.03654804,0.00190675,0.09381372,0.07633539,0.10298885,0.03902235,-0.0235805,0.00403585,-0.03092396,0.01678588,0.00678353,0.00781674,-0.00019053,-0.02428453,-0.02492226,0.05964845,-0.03785339,0.03231035,0.0663915,-0.03168194,0.10829151,0.01122325,-0.04410839,-0.00882061,0.05014665,0.01511382,-0.02603693,-0.06376578,0.08269068,0.09608918,-0.01790395,0.03400837,-0.00915723,-0.03970651,0.04648407,0.05549232,-0.07864306,-0.07898618,-0.0463671,-0.08124007,-0.02882368,-0.06913872,-0.02533017,0.07064375,-0.01545955,0.00817435,0.03112567,0.05066887,0.04957355,-0.03530687,-0.07524991,0.00815448,0.0133736,0.06814246,0.00438544,-0.0316177,-0.0039045,-0.01095373,0.01069349,0.05292231,0.00211172,0.01426399,0.03126142,0.02104373,0.03973648,0.0901676,0.03596065,0.02347453,0.06520837,0.02362179,-0.00621902,-0.02371464,0.02229739,-0.03219215,-0.02378208,0.0273267,0.05483335,0.02763504,0.01814823,0.01777911,0.0119361,0.00663498,0.04750597,0.0032142,-0.06568979,0.03816148,-0.00327187,-0.0009247,0.06383937,0.01397452,-0.3335804,0.0155263,-0.02831333,0.00410147,0.00344098,0.04585369,-0.00258883,0.02395847,-0.0553552,0.04505368,-0.10760147,0.06082318,0.02269352,-0.0168614,0.00211687,-0.05509225,0.05819048,-0.01197377,-0.01133088,-0.09572562,-0.05762422,-0.01669635,0.17997839,0.01847442,-0.00416255,-0.06381032,0.02951034,0.01002638,0.05328631,0.02793531,-0.03387068,0.071353,0.09867077,-0.04910066,0.02808791,0.08601122,0.00584943,0.00292326,-0.02136616,-0.03264436,-0.00966918,-0.01814479,-0.01155351,-0.01648564,0.09463379,0.01573092,-0.08907517,-0.02259183,0.06913982,-0.01614214,-0.04628601,-0.02446285,0.00503402,-0.0243329,0.05843197,0.00468227,0.05543543,0.00393533,-0.00948433,0.04353841,0.02091213,0.01281126,0.02188232,0.04622727,0.07711875],"last_embed":{"tokens":288,"hash":"bssxrp"}}},"text":null,"length":0,"last_read":{"hash":"bssxrp","at":1782971693194},"key":"handover/HANDOVER_20260627.md#引継ぎログ：2026年6月27日（土）#4. 次回開始時にやること（優先度順）#🔴 HIGH（着手すぐ）","lines":[101,116],"size":434,"outlinks":[],"class_name":"SmartBlock"},
"smart_blocks:handover/HANDOVER_20260627.md#引継ぎログ：2026年6月27日（土）#4. 次回開始時にやること（優先度順）#🔴 HIGH（着手すぐ）#{1}": {"path":null,"last_embed":{"hash":null},"embeddings":{},"text":null,"length":0,"last_read":{"hash":"16m0ivi","at":1782971691383},"key":"handover/HANDOVER_20260627.md#引継ぎログ：2026年6月27日（土）#4. 次回開始時にやること（優先度順）#🔴 HIGH（着手すぐ）#{1}","lines":[102,107],"size":174,"outlinks":[],"class_name":"SmartBlock"},
"smart_blocks:handover/HANDOVER_20260627.md#引継ぎログ：2026年6月27日（土）#4. 次回開始時にやること（優先度順）#🟡 MEDIUM（改修完了後）": {"path":null,"last_embed":{"hash":null},"embeddings":{},"text":null,"length":0,"last_read":{"hash":"1lk2u2j","at":1782971691383},"key":"handover/HANDOVER_20260627.md#引継ぎログ：2026年6月27日（土）#4. 次回開始時にやること（優先度順）#🟡 MEDIUM（改修完了後）","lines":[117,121],"size":78,"outlinks":[],"class_name":"SmartBlock"},
"smart_blocks:handover/HANDOVER_20260627.md#引継ぎログ：2026年6月27日（土）#4. 次回開始時にやること（優先度順）#🟡 MEDIUM（改修完了後）#{1}": {"path":null,"last_embed":{"hash":null},"embeddings":{},"text":null,"length":0,"last_read":{"hash":"p7elyb","at":1782971691383},"key":"handover/HANDOVER_20260627.md#引継ぎログ：2026年6月27日（土）#4. 次回開始時にやること（優先度順）#🟡 MEDIUM（改修完了後）#{1}","lines":[118,118],"size":21,"outlinks":[],"class_name":"SmartBlock"},
"smart_blocks:handover/HANDOVER_20260627.md#引継ぎログ：2026年6月27日（土）#4. 次回開始時にやること（優先度順）#🟢 LOW（フィードバック後）": {"path":null,"last_embed":{"hash":null},"embeddings":{},"text":null,"length":0,"last_read":{"hash":"whbh9a","at":1782971691383},"key":"handover/HANDOVER_20260627.md#引継ぎログ：2026年6月27日（土）#4. 次回開始時にやること（優先度順）#🟢 LOW（フィードバック後）","lines":[122,128],"size":85,"outlinks":[],"class_name":"SmartBlock"},
"smart_blocks:handover/HANDOVER_20260627.md#引継ぎログ：2026年6月27日（土）#4. 次回開始時にやること（優先度順）#🟢 LOW（フィードバック後）#{1}": {"path":null,"last_embed":{"hash":null},"embeddings":{},"text":null,"length":0,"last_read":{"hash":"bf1m1x","at":1782971691383},"key":"handover/HANDOVER_20260627.md#引継ぎログ：2026年6月27日（土）#4. 次回開始時にやること（優先度順）#🟢 LOW（フィードバック後）#{1}","lines":[123,123],"size":18,"outlinks":[],"class_name":"SmartBlock"},
"smart_blocks:handover/HANDOVER_20260627.md#引継ぎログ：2026年6月27日（土）#5. 直近の未解決論点・気になる点": {"path":null,"last_embed":{"hash":"144tee","at":1782971693253},"embeddings":{"TaylorAI/bge-micro-v2":{"vec":[-0.07821684,-0.06740222,0.03807582,-0.03390637,0.0018128,-0.01356225,0.01871764,0.00452045,0.01777293,-0.01704613,-0.02061363,-0.04247923,0.0502589,0.00968836,0.01120202,-0.0128189,0.00453908,-0.03609489,-0.06735706,0.00915089,0.1306535,-0.01836402,-0.00340299,-0.05510595,0.06676465,0.02484987,0.01163229,-0.03511434,-0.00373935,-0.148533,-0.03744746,0.02224471,0.01229721,-0.02128197,0.00359275,-0.008081,-0.01610699,0.01717617,-0.06740613,0.02615803,-0.01427027,0.03206274,0.02666123,-0.01279109,0.03617885,-0.02419519,-0.02317426,-0.05744717,0.02406435,-0.04280009,-0.06020246,-0.01352547,0.00466959,0.03524862,0.05630235,0.04639063,0.03792498,-0.02407778,0.0416858,0.02900909,0.0376932,0.02876048,-0.20734759,0.0571305,-0.01394587,0.00435795,0.03492548,-0.00962755,0.03047722,0.03698939,-0.04323481,-0.04143501,-0.00925526,0.05891534,0.01506724,-0.01669403,-0.04999644,-0.07037503,-0.06865503,-0.04288533,-0.00479733,0.03527394,0.04623359,-0.00513505,-0.04675582,-0.00424863,0.04630297,-0.0198494,-0.01242705,0.07026222,-0.03395649,-0.02296417,0.05493878,0.04765375,-0.06507406,-0.02930954,0.04006711,0.0285317,-0.10250701,0.11709135,-0.08894493,0.03658615,0.00915949,-0.04717375,0.0281751,-0.02472055,-0.01206516,-0.01990807,-0.02738154,-0.08511302,-0.04687759,-0.01727188,0.01441784,-0.07495724,-0.02009393,0.0210822,0.07163742,0.00901691,0.0348568,0.02134483,0.0852785,-0.00030509,0.02625766,-0.01709655,-0.02011135,-0.01348647,0.0221571,0.0467342,-0.045131,0.05063245,0.05934572,-0.00415742,-0.07410436,-0.01894041,0.02526538,0.00667931,-0.01078774,-0.03010163,0.03959693,-0.05273533,-0.0241504,-0.14347361,-0.02947727,-0.09235251,-0.03912771,0.08090407,-0.07792402,0.01646653,0.04431965,-0.03708418,-0.00171296,0.09711727,0.01349168,-0.04778359,-0.00441622,0.0070056,0.04111934,0.09547759,-0.03945014,0.02872013,0.00878248,-0.06760637,-0.08631787,0.06508289,0.02594596,-0.09244192,-0.00163929,0.02851869,0.01730904,-0.04481893,0.01381482,0.00433094,-0.02839855,-0.00716586,0.10458886,0.03337428,0.09124904,0.01113777,-0.07871661,-0.01474805,0.00585348,-0.01298007,-0.02328699,0.06786596,0.00140146,-0.04083611,-0.00068886,-0.03361476,0.06446197,-0.02974717,-0.06482401,0.00818858,-0.05892872,0.04998526,-0.02406713,-0.01061871,-0.05636748,0.00869769,0.07039152,-0.06420747,0.12097362,0.05773311,-0.05339109,-0.0383451,0.01392126,0.01590574,0.02711039,-0.01346732,-0.02308263,0.08632696,-0.05870805,0.02506338,0.08455131,0.02182244,0.03618226,0.00099423,-0.00038744,0.01113982,0.03830976,0.015598,0.05363077,-0.02935014,-0.02627382,-0.20715639,0.0536118,0.03247151,-0.0109456,-0.02523107,-0.0351746,0.02528434,-0.04118999,0.0953397,0.08163704,0.09782291,0.0617932,-0.03110461,0.01223055,-0.03798276,0.02024823,0.02995568,0.01393254,-0.04468303,0.02939721,-0.04474895,0.03677693,-0.01656255,0.02401799,0.0680658,-0.04292898,0.08478637,0.0086268,-0.02704882,-0.03010273,0.05989935,0.02417836,-0.02691647,-0.031355,0.04641297,0.05220722,-0.03707096,-0.00613535,-0.01920668,-0.05392589,0.04416653,0.07321992,-0.06700899,-0.09109098,-0.04901727,-0.06056092,-0.04836309,-0.06094494,-0.02933981,0.05591574,0.02086509,0.01916295,0.02746019,0.06531195,0.045057,-0.00219969,-0.03595253,0.00241863,0.00785366,0.06404255,0.00651435,-0.01817044,-0.02668925,-0.00272554,0.0100608,0.04126504,-0.00834581,0.03100584,0.0198902,0.03825189,0.01019488,0.10707108,0.02696293,0.00625493,0.03841908,0.0258344,-0.00459975,-0.05337043,0.03114594,-0.02132726,0.03969947,0.0029018,0.0613648,0.04408136,0.01353526,0.03014606,0.04750102,0.02843646,0.02990561,0.00660741,-0.05258317,0.00646603,-0.04930817,-0.02988997,0.04276081,-0.01793817,-0.32659435,0.03386255,-0.01159408,0.00744567,0.00355045,0.04365495,0.00203648,0.01389844,-0.09258096,0.01384272,-0.06996072,0.05901131,0.06375714,0.00749981,0.01921777,-0.07169899,0.02369562,0.00270215,-0.01332162,-0.09931906,-0.05557336,-0.01426547,0.20139791,0.02028541,0.00193562,-0.02523284,0.02268472,0.02676587,0.061296,0.00821889,-0.05238862,0.00865506,0.08463261,-0.02087828,-0.00669744,0.02116449,-0.05174565,0.03892511,-0.00263896,-0.05844845,-0.0418638,-0.00076977,0.00628173,-0.03695253,0.12229168,0.00751303,-0.06185953,-0.03471339,0.0476482,0.02142602,-0.00976576,-0.0044193,-0.00757086,-0.03060559,0.05345486,0.01319446,0.07029676,-0.02985689,-0.04943559,0.05725548,0.03726862,0.02279137,0.00050953,0.02135673,0.04843158],"last_embed":{"tokens":208,"hash":"144tee"}}},"text":null,"length":0,"last_read":{"hash":"144tee","at":1782971693253},"key":"handover/HANDOVER_20260627.md#引継ぎログ：2026年6月27日（土）#5. 直近の未解決論点・気になる点","lines":[129,141],"size":204,"outlinks":[],"class_name":"SmartBlock"},
"smart_blocks:handover/HANDOVER_20260627.md#引継ぎログ：2026年6月27日（土）#5. 直近の未解決論点・気になる点#なし（すべてQ&Aで確定済み）": {"path":null,"last_embed":{"hash":null},"embeddings":{},"text":null,"length":0,"last_read":{"hash":"roc1og","at":1782971691383},"key":"handover/HANDOVER_20260627.md#引継ぎログ：2026年6月27日（土）#5. 直近の未解決論点・気になる点#なし（すべてQ&Aで確定済み）","lines":[131,141],"size":182,"outlinks":[],"class_name":"SmartBlock"},
"smart_blocks:handover/HANDOVER_20260627.md#引継ぎログ：2026年6月27日（土）#5. 直近の未解決論点・気になる点#なし（すべてQ&Aで確定済み）#{1}": {"path":null,"last_embed":{"hash":null},"embeddings":{},"text":null,"length":0,"last_read":{"hash":"aj3koc","at":1782971691383},"key":"handover/HANDOVER_20260627.md#引継ぎログ：2026年6月27日（土）#5. 直近の未解決論点・気になる点#なし（すべてQ&Aで確定済み）#{1}","lines":[133,133],"size":21,"outlinks":[],"class_name":"SmartBlock"},
"smart_blocks:handover/HANDOVER_20260627.md#引継ぎログ：2026年6月27日（土）#6. 重要な技術メモ": {"path":null,"last_embed":{"hash":"1cwrsgc","at":1782971693297},"embeddings":{"TaylorAI/bge-micro-v2":{"vec":[-0.06933864,-0.04507447,0.02075479,-0.04743436,0.01520148,-0.03711159,-0.06926436,-0.00341518,0.03116929,-0.00683232,0.00856131,-0.04692803,0.06289396,-0.01416327,0.01279185,-0.04657364,-0.00935184,-0.02375017,-0.06478383,0.00437438,0.09512623,-0.03208005,0.00585374,-0.07134682,0.01806595,0.0222965,0.01354645,-0.0472083,0.0022434,-0.15103559,-0.03004001,0.02171502,0.02124991,-0.01575915,0.02256822,0.00776505,-0.02863536,-0.01077564,-0.06521434,0.00808154,-0.0214439,0.02479926,0.03618845,-0.0167051,0.02245109,-0.04255965,-0.03056799,-0.05062884,0.01329959,-0.06127376,-0.06242982,-0.02700063,0.01347603,-0.01021429,0.03342232,0.02759329,0.04219374,0.04301772,0.04282007,0.0190434,0.03462684,0.0130053,-0.20530777,0.07754579,0.01448787,-0.00099509,0.00724273,-0.01797993,0.07701615,0.03668825,-0.06433912,-0.01443164,-0.03072866,0.08425207,0.01036494,-0.02224031,0.00485556,-0.04705333,-0.0289024,-0.02748667,-0.00621765,0.02292653,0.03040941,0.02689551,-0.03960545,0.01542221,0.02275059,0.01148758,-0.03201152,0.06004423,-0.04845861,-0.04488336,0.05693192,0.04752602,-0.07105459,-0.00971105,0.07075904,0.06004912,-0.10396142,0.10733437,-0.08787066,-0.01584423,0.01492334,-0.02287426,0.04932373,-0.04069465,-0.00549294,-0.01730937,-0.01570641,-0.06473085,-0.00673721,-0.02615993,0.01378378,-0.06022688,0.00683044,0.07488668,0.02476674,0.0335389,0.02814591,0.03374293,0.05991192,0.01554732,0.02022915,-0.02788852,-0.02514124,0.01595992,-0.00291264,0.04443628,0.00205858,0.05072226,0.066278,0.01046872,-0.06225814,0.00881344,0.01057105,0.03279475,-0.03892222,-0.02469061,0.00359518,-0.06066402,-0.00775994,-0.13255124,-0.02667665,-0.06261991,-0.08406897,0.08229642,-0.05147029,0.00248864,0.00882713,-0.07633442,0.03175975,0.07070674,-0.02299314,-0.02769966,-0.00898835,0.0335569,0.08403061,0.07649944,-0.02482807,0.00583978,-0.00235664,-0.03960092,-0.09836979,0.1094603,0.05084808,-0.10665977,-0.02676526,0.02542413,0.01496356,-0.05657477,0.00577764,0.01909874,-0.00157192,-0.01343541,0.08081536,0.00784432,0.04297293,0.01818636,-0.038481,0.01334713,0.02563179,0.00894156,-0.03927036,0.04015182,-0.0062675,-0.07878055,-0.00010368,-0.03097933,0.06570673,-0.01983874,-0.05167705,0.0190702,-0.00332235,-0.00390503,-0.02590505,0.00915969,-0.03251478,-0.01261498,0.04256307,-0.09091931,0.12740579,0.08326227,-0.04739761,-0.02994888,-0.014159,-0.00091963,0.02001125,-0.03194273,-0.01832701,0.06519596,-0.04392869,-0.00664308,0.10749621,0.03734608,-0.02050528,-0.00518347,-0.00647206,0.03297249,0.03234392,0.03188218,-0.00057116,-0.02294821,-0.03869443,-0.2203996,0.00226364,0.03675877,-0.00462533,-0.01160682,-0.0615227,0.00392479,-0.04093811,0.06731587,0.0692413,0.11554287,0.03736744,-0.02554975,-0.0071696,-0.03431681,0.03389547,0.03968818,0.01833107,-0.04684706,0.02419214,-0.01608344,0.03660405,-0.0344196,0.00074403,0.04186719,-0.05675267,0.11257455,0.00289847,-0.0036412,0.00023729,0.07806076,0.04579268,-0.04044398,-0.12640554,0.07698724,0.06759434,-0.02685917,0.04070387,0.00062919,-0.01992163,0.04611905,0.0575025,-0.03658148,-0.08726614,-0.04873001,-0.07223251,-0.03445338,-0.09400468,-0.03432378,0.05768156,-0.00889769,0.03384797,-0.00500577,0.04990746,0.01415647,-0.00389008,-0.03840349,0.01473813,0.02543027,0.03905316,0.0145331,-0.04490471,0.01029718,0.0140092,0.01178732,0.00758191,0.02128568,0.03863599,0.03204983,0.01396648,0.02608996,0.09217297,0.01603408,0.01667535,-0.00969393,0.00637361,0.00551941,-0.06334489,0.04539862,-0.04491027,0.00831446,0.01706688,0.06973177,0.04521912,0.02418643,0.03548861,0.01503546,0.011609,0.05880121,-0.00318004,-0.03035549,0.00165527,-0.01536185,-0.01520106,0.08450683,0.00144246,-0.32223108,0.03669516,0.00051754,-0.00518302,-0.01728086,0.03337429,0.01513864,-0.00215696,-0.0749494,0.05117289,-0.08176,0.02059891,0.02275945,-0.02286491,0.01530902,-0.0546579,0.06122556,0.01504955,0.03071607,-0.07920881,-0.03985671,0.00384413,0.22229688,0.00896791,0.01598022,-0.03745322,0.02229528,0.00149765,0.09172287,0.04120504,-0.06550471,0.03033744,0.08421031,-0.03525724,0.01667608,0.02225475,-0.02718606,0.04148306,-0.01659065,-0.01617047,-0.04725172,0.02030156,-0.0320956,-0.06514786,0.09567657,0.06131211,-0.05738501,-0.05678083,0.02773794,-0.00035959,-0.02089375,0.01445144,-0.01388929,-0.0288565,0.04676025,0.0172383,0.07216623,-0.02104627,-0.04859972,0.03956471,0.03797394,-0.01303088,0.05904126,0.03839722,0.03653167],"last_embed":{"tokens":371,"hash":"1cwrsgc"}}},"text":null,"length":0,"last_read":{"hash":"1cwrsgc","at":1782971693297},"key":"handover/HANDOVER_20260627.md#引継ぎログ：2026年6月27日（土）#6. 重要な技術メモ","lines":[142,161],"size":559,"outlinks":[],"class_name":"SmartBlock"},
"smart_blocks:handover/HANDOVER_20260627.md#引継ぎログ：2026年6月27日（土）#6. 重要な技術メモ#Project と Computer の同期問題": {"path":null,"last_embed":{"hash":null},"embeddings":{},"text":null,"length":0,"last_read":{"hash":"ltp0tr","at":1782971691383},"key":"handover/HANDOVER_20260627.md#引継ぎログ：2026年6月27日（土）#6. 重要な技術メモ#Project と Computer の同期問題","lines":[144,148],"size":199,"outlinks":[],"class_name":"SmartBlock"},
"smart_blocks:handover/HANDOVER_20260627.md#引継ぎログ：2026年6月27日（土）#6. 重要な技術メモ#Project と Computer の同期問題#{1}": {"path":null,"last_embed":{"hash":null},"embeddings":{},"text":null,"length":0,"last_read":{"hash":"bz5juk","at":1782971691383},"key":"handover/HANDOVER_20260627.md#引継ぎログ：2026年6月27日（土）#6. 重要な技術メモ#Project と Computer の同期問題#{1}","lines":[145,145],"size":36,"outlinks":[],"class_name":"SmartBlock"},
"smart_blocks:handover/HANDOVER_20260627.md#引継ぎログ：2026年6月27日（土）#6. 重要な技術メモ#Instructions の文字数制限": {"path":null,"last_embed":{"hash":"254tau","at":1782971693398},"embeddings":{"TaylorAI/bge-micro-v2":{"vec":[-0.02110266,-0.01938216,0.03497373,-0.03213072,0.03005308,0.01735518,-0.02265866,0.02018164,0.02677329,-0.03533588,-0.00229121,-0.03411384,0.0323528,0.01814837,-0.00607481,-0.01843582,0.01780237,-0.03679056,-0.05047397,-0.024014,0.13405165,-0.04734805,-0.02921121,-0.05659482,0.01856516,0.01822562,0.00644593,-0.05205249,-0.00021772,-0.15391317,-0.0269953,0.02163747,0.02021479,-0.02650262,-0.01995726,-0.02483244,-0.01570523,0.00117122,-0.06097696,0.00720998,-0.01633989,0.03559392,0.02160284,-0.01238362,0.04581865,-0.03725259,-0.0586645,-0.03418561,0.00210376,-0.07427897,-0.04155735,-0.01060478,0.03556223,-0.01177215,0.02312315,0.00782235,0.04811979,-0.00182094,0.03222046,0.02219299,0.04587556,0.02240943,-0.22937317,0.07562818,-0.02218256,-0.00962605,0.00043915,-0.00576568,0.05639988,0.04205647,-0.0401642,-0.03783545,-0.02640204,0.07184421,-0.02011109,-0.00701468,-0.03444637,-0.05295789,-0.02720258,-0.01509796,0.01983885,0.02526348,0.04687429,-0.00686056,-0.01756283,-0.02003152,0.02962574,0.01607451,-0.04282693,0.08753541,-0.03064738,-0.06045544,0.05808868,0.03631071,-0.08393177,-0.0213529,0.02897571,0.0435179,-0.09600168,0.10762505,-0.08465377,0.00697675,0.02583829,-0.01311357,0.05047862,-0.02071444,-0.00868266,-0.01638849,-0.01115338,-0.05000735,-0.02254708,-0.04049169,0.01431317,-0.05426563,0.0120347,0.05955724,0.04925227,0.02807668,0.05759243,0.01594146,0.03914032,-0.03345975,0.04428657,-0.0275116,-0.00040614,-0.00039623,0.02905582,0.03629774,-0.00789843,0.06039671,0.04163511,0.02558252,-0.05929545,-0.00248804,0.03268816,0.04592339,-0.00325209,-0.03821224,0.00265787,-0.0143574,-0.03781449,-0.11222003,-0.01545796,-0.0619646,-0.03693799,0.0785487,-0.08547126,0.0145347,0.01992114,-0.07402205,0.03222197,0.07122234,-0.00177404,-0.0464873,-0.01906328,0.02077302,0.06418564,0.07473928,-0.0266967,0.01878205,0.00857439,-0.01753096,-0.09282127,0.11556287,0.07166696,-0.1046778,-0.02901514,0.00421549,0.02350756,-0.07931985,0.01018629,0.03792142,0.00911862,-0.00118843,0.09201293,0.01090089,0.04663331,0.02207191,-0.07964994,0.01471581,0.05173147,0.00465463,-0.04643479,0.06329478,-0.02680726,-0.04434141,0.01631299,-0.04727665,0.06650768,-0.02060842,-0.06152611,0.02440836,-0.01359831,0.0151665,-0.00920775,0.00937083,-0.06671139,-0.02904591,0.04035521,-0.08317281,0.12629923,0.05622251,-0.05918536,-0.04094717,0.02691144,0.01478961,0.00885985,-0.00473739,-0.01097429,0.06082129,-0.03028339,0.02222025,0.09855981,0.02590181,0.02580823,0.00219185,-0.00459358,0.0255237,0.01656294,0.01924563,0.05447704,-0.01113582,-0.03215373,-0.23847079,-0.00671571,0.04721407,-0.03172405,-0.01616299,-0.03588497,0.01846875,-0.00993299,0.09978864,0.08386433,0.10999261,0.06494081,-0.05199915,-0.00669861,-0.05099788,0.03090134,0.0358803,0.02399007,-0.06102303,-0.01440328,-0.01307428,0.0305346,-0.01039186,-0.02119456,0.05017225,-0.03116363,0.10254198,0.00364212,-0.02180697,-0.00387905,0.07191374,0.04036252,-0.02896506,-0.08562768,0.10307758,0.06374265,-0.01763956,0.01555777,-0.00992472,-0.07630642,0.01315541,0.06348784,-0.06914179,-0.10017237,-0.07494517,-0.07895457,-0.0275314,-0.06263563,-0.03254613,0.05887093,0.01660803,0.01717858,0.02855911,0.05363079,0.04124734,-0.02351382,-0.0686155,-0.00756006,-0.0061716,0.04352716,-0.00959035,-0.0167691,-0.00614067,-0.00895659,-0.01549772,0.0228454,-0.00762658,0.02825778,0.03500857,0.02421829,0.01925599,0.0898437,-0.00021848,0.01244196,-0.01517311,0.01358165,0.00704759,-0.07244901,-0.00409434,-0.03103195,-0.01751283,0.05443161,0.07564355,0.04993048,0.01786002,0.03401203,0.02297858,0.01928264,0.04023899,0.00406417,-0.05653179,0.05268005,-0.04283264,-0.02623832,0.06466983,0.00318008,-0.32797402,0.0340836,-0.0301928,0.02797248,-0.01723894,0.03657314,0.01480486,0.04403975,-0.05802562,0.02438082,-0.07261311,0.05081618,0.01828666,0.0080173,0.02504023,-0.05892907,0.03301749,-0.00032804,0.0099993,-0.10509779,-0.03016555,0.00824054,0.19587737,0.02087944,0.02615497,-0.02126779,0.03063972,-0.01615607,0.04930762,0.03049785,-0.03525615,0.04022582,0.06410854,-0.03774691,0.05386299,0.0556438,-0.03166708,0.03822983,-0.03629452,-0.00808047,-0.01222219,-0.00922101,-0.0004396,-0.04709082,0.10153017,0.03507798,-0.0726632,-0.04831929,0.04372702,0.01046278,-0.01691015,-0.0042836,0.00440411,-0.03173105,0.04032659,-0.02409873,0.05701119,-0.02760029,-0.0380728,0.01741888,0.03879571,-0.00938943,0.03707705,0.02767271,0.04977164],"last_embed":{"tokens":168,"hash":"254tau"}}},"text":null,"length":0,"last_read":{"hash":"254tau","at":1782971693398},"key":"handover/HANDOVER_20260627.md#引継ぎログ：2026年6月27日（土）#6. 重要な技術メモ#Instructions の文字数制限","lines":[149,154],"size":212,"outlinks":[],"class_name":"SmartBlock"},
"smart_blocks:handover/HANDOVER_20260627.md#引継ぎログ：2026年6月27日（土）#6. 重要な技術メモ#Instructions の文字数制限#{1}": {"path":null,"last_embed":{"hash":null},"embeddings":{},"text":null,"length":0,"last_read":{"hash":"1o4b3e1","at":1782971691383},"key":"handover/HANDOVER_20260627.md#引継ぎログ：2026年6月27日（土）#6. 重要な技術メモ#Instructions の文字数制限#{1}","lines":[150,150],"size":43,"outlinks":[],"class_name":"SmartBlock"},
"smart_blocks:handover/HANDOVER_20260627.md#引継ぎログ：2026年6月27日（土）#6. 重要な技術メモ#Code Interpreter のタイムアウト": {"path":null,"last_embed":{"hash":null},"embeddings":{},"text":null,"length":0,"last_read":{"hash":"1vj6vp0","at":1782971691383},"key":"handover/HANDOVER_20260627.md#引継ぎログ：2026年6月27日（土）#6. 重要な技術メモ#Code Interpreter のタイムアウト","lines":[155,161],"size":131,"outlinks":[],"class_name":"SmartBlock"},
"smart_blocks:handover/HANDOVER_20260627.md#引継ぎログ：2026年6月27日（土）#6. 重要な技術メモ#Code Interpreter のタイムアウト#{1}": {"path":null,"last_embed":{"hash":null},"embeddings":{},"text":null,"length":0,"last_read":{"hash":"l8fioy","at":1782971691383},"key":"handover/HANDOVER_20260627.md#引継ぎログ：2026年6月27日（土）#6. 重要な技術メモ#Code Interpreter のタイムアウト#{1}","lines":[156,156],"size":29,"outlinks":[],"class_name":"SmartBlock"},
"smart_blocks:handover/HANDOVER_20260627.md#引継ぎログ：2026年6月27日（土）#7. 次回再開時の指示テンプレート": {"path":null,"last_embed":{"hash":"gk62zp","at":1782971693435},"embeddings":{"TaylorAI/bge-micro-v2":{"vec":[-0.04901971,-0.01930437,0.05126967,-0.0627044,0.02147355,-0.00481141,-0.0204964,0.01857827,0.02101332,-0.01590452,-0.01563157,-0.03998328,0.06823932,0.03186645,-0.01316495,-0.04486968,0.02148314,-0.01622028,-0.04388817,0.00343181,0.14877109,-0.01824866,-0.02488423,-0.07142336,0.04416361,0.03386844,0.01205657,-0.05061221,0.00741984,-0.15523176,-0.04571242,0.02663168,0.00849565,-0.01103013,-0.00105475,-0.00761673,0.00606902,0.03969165,-0.04152845,0.02915962,-0.01885818,0.06099283,0.02732316,-0.03714423,0.01933316,-0.04790568,-0.07531336,-0.0433475,0.01881438,-0.03298119,-0.03948123,-0.01290766,0.01742605,0.02689103,0.02956049,0.0278035,0.02482539,-0.01187257,0.02655939,0.01424099,0.04648476,0.03006264,-0.22061662,0.05663092,0.00237804,-0.00343188,0.0161563,0.00471964,0.03893156,0.0470352,-0.04475142,-0.01442949,-0.02256773,0.05561158,-0.00829712,-0.02430485,-0.03410243,-0.06376025,-0.01162566,-0.05210159,-0.00690953,0.01795866,0.02419225,-0.02196109,-0.02690984,0.00826167,0.02735772,-0.01314539,0.0005415,0.07548825,-0.04237036,-0.05799605,0.07548492,0.04880128,-0.07763741,0.01842079,0.0479871,0.04147329,-0.08456841,0.13045055,-0.09193561,0.02573835,0.04355955,-0.01628262,0.02820174,-0.0051145,-0.00018333,-0.01740807,-0.03722844,-0.05733152,-0.03157321,-0.01032808,0.01690648,-0.06016417,-0.00643463,0.01188183,0.03457172,0.02170357,0.03661013,-0.00133722,0.06952161,0.0200695,0.00680458,-0.03330685,-0.02902911,0.01126367,-0.00707695,0.01337319,-0.03425663,0.05618662,0.01455393,0.01530879,-0.07152653,-0.00802466,0.01634306,0.01787329,0.00196072,-0.01407681,-0.00158212,-0.01832139,-0.0275632,-0.09080612,-0.03051006,-0.09872276,-0.0420057,0.07871406,-0.0864621,0.03488731,0.02377869,-0.03319846,0.00373587,0.05815411,-0.00261131,-0.03811689,-0.00972324,0.00282988,0.03474021,0.07823424,-0.00300068,0.02299819,0.00941636,-0.04316961,-0.09052076,0.09347834,0.07644507,-0.08989874,-0.03020373,0.03446402,0.02776544,-0.03654152,-0.00869794,0.04255179,0.02279787,-0.03363696,0.10821005,0.01016725,0.05639268,-0.0009097,-0.07636229,0.00524782,0.04259503,-0.02838813,-0.06918348,0.02624191,0.01057782,-0.08115448,-0.01857614,-0.04078535,0.0361058,-0.06359397,-0.07377492,0.02759671,-0.0277424,0.04556677,-0.01060361,-0.01503414,-0.05163184,-0.02232154,0.07263997,-0.06131333,0.12800004,0.07439554,-0.04386214,-0.05060479,0.01305726,0.01426853,0.00968473,-0.01365337,-0.05105877,0.06477423,-0.05270017,0.01045975,0.10178738,0.04322692,0.01459586,0.00281622,-0.01700846,0.03930734,0.00618144,0.01951507,0.03835044,0.02693675,-0.01260283,-0.2224896,0.0317996,0.04326613,-0.04118351,-0.01403279,-0.03195327,0.03109207,-0.05659168,0.10675975,0.0506542,0.10919517,0.04796314,-0.03606309,0.01679467,-0.06685179,0.01416324,0.02820835,0.02322947,-0.05150658,0.00019364,-0.01014215,0.0249266,-0.03794337,-0.01732215,0.07465788,-0.03048778,0.09546319,-0.00562672,-0.04123211,-0.03008847,0.09159821,0.0447116,-0.03947888,-0.09167185,0.0714111,0.06880245,-0.04103222,0.01817099,-0.01788783,-0.0661966,0.02738062,0.07388397,-0.05986148,-0.10530124,-0.05434928,-0.06558646,-0.02034491,-0.06447912,-0.03896031,0.04863526,-0.01408229,0.00557919,0.01194604,0.04022906,0.04110929,-0.01447648,-0.05308402,0.02225059,0.01722892,0.07927851,-0.00164267,-0.02742036,-0.02860769,0.0151346,0.00404104,0.02891398,0.00600265,0.02741389,0.01709784,0.03840026,0.05166777,0.08920485,0.01350377,0.03813209,0.02241915,-0.00789091,-0.01807377,-0.0276069,-0.00542087,-0.00634304,-0.01225212,0.03463383,0.05614941,0.04082863,0.01721937,0.01758933,0.03213482,0.01149474,0.0393111,-0.01134322,-0.05284215,0.02205218,-0.0279679,-0.02098038,0.08448074,0.00794335,-0.3263728,0.04759884,-0.00096008,0.00413193,-0.01447403,0.04313844,0.01464284,0.01668637,-0.06964438,0.04098976,-0.06692854,0.06503971,0.07329892,0.0162285,0.01080159,-0.05954159,0.03707515,0.00860392,0.0119495,-0.09553126,-0.03185736,0.00290303,0.18305691,0.0162318,0.02012892,-0.04366452,0.00854379,0.03513996,0.05878313,0.03747991,-0.07002788,0.01474147,0.10201303,-0.02938291,0.03203688,0.04423089,-0.02722766,0.02647842,-0.01775835,-0.02306468,-0.05361686,-0.00491966,-0.00066043,-0.02250203,0.11741761,0.00862679,-0.06109934,-0.05037548,0.04727047,0.00094338,-0.01336957,-0.00488875,-0.03385108,-0.0549608,0.05516556,0.02426077,0.06557719,-0.0172404,-0.04020244,0.03666314,0.03047217,0.04304045,0.02951737,0.00181524,0.01413297],"last_embed":{"tokens":222,"hash":"gk62zp"}}},"text":null,"length":0,"last_read":{"hash":"gk62zp","at":1782971693435},"key":"handover/HANDOVER_20260627.md#引継ぎログ：2026年6月27日（土）#7. 次回再開時の指示テンプレート","lines":[162,176],"size":270,"outlinks":[],"class_name":"SmartBlock"},
"smart_blocks:handover/HANDOVER_20260627.md#引継ぎログ：2026年6月27日（土）#7. 次回再開時の指示テンプレート#{1}": {"path":null,"last_embed":{"hash":"ih0vv2","at":1782971693486},"embeddings":{"TaylorAI/bge-micro-v2":{"vec":[-0.0515446,-0.02007665,0.05180808,-0.06086249,0.02162921,-0.0027074,-0.02080329,0.01783679,0.02143959,-0.01603961,-0.01376961,-0.03883087,0.07044206,0.02990741,-0.01348745,-0.04527163,0.02093272,-0.01824034,-0.04189679,0.00173718,0.14791308,-0.01763777,-0.02913673,-0.07388531,0.04014575,0.0342545,0.01040999,-0.04833665,0.00589984,-0.15441558,-0.0459503,0.02743082,0.00643957,-0.01181689,-0.00312243,-0.00746985,0.00825586,0.04009672,-0.04263138,0.02839356,-0.01962723,0.06261452,0.02945101,-0.03594539,0.02054771,-0.04814588,-0.07355201,-0.04171068,0.02109207,-0.03360143,-0.03751585,-0.01016098,0.0192758,0.02797758,0.02691083,0.02611832,0.02347848,-0.01080124,0.02572943,0.01360642,0.04649369,0.02689268,-0.22040361,0.05558675,0.00088019,-0.00510864,0.01503711,0.00465451,0.03844298,0.04718023,-0.04424285,-0.01517084,-0.02547014,0.05614177,-0.00824188,-0.02866306,-0.03619058,-0.0632332,-0.01383851,-0.05242784,-0.00619374,0.01688988,0.02393731,-0.02121039,-0.02751854,0.00779909,0.02917574,-0.01452186,0.00147047,0.07646669,-0.04026502,-0.05845373,0.07404901,0.04802794,-0.0800554,0.01750826,0.05000513,0.04172621,-0.08198979,0.13016064,-0.088451,0.02577205,0.04412537,-0.0140908,0.02743233,-0.00703405,-0.00128571,-0.01562976,-0.03694149,-0.0559727,-0.03363927,-0.01266759,0.01657395,-0.05876155,-0.00683713,0.01344434,0.03363306,0.02093725,0.03755214,-0.0036487,0.06911114,0.01952951,0.00901894,-0.03230317,-0.02757709,0.01248813,-0.00608714,0.01135604,-0.03324131,0.05688927,0.01608972,0.01464096,-0.07080648,-0.00833295,0.01961864,0.01682974,0.00443175,-0.01234546,-0.00170675,-0.01907772,-0.02853301,-0.09223619,-0.02923619,-0.09824822,-0.039804,0.07881249,-0.08755184,0.03531764,0.02236908,-0.03400193,0.0041868,0.05802136,-0.00616619,-0.03861103,-0.01077796,0.00363306,0.03470826,0.07847015,-0.00174202,0.02479893,0.00903924,-0.04170361,-0.08947193,0.0939392,0.07551123,-0.0879487,-0.02940909,0.03681504,0.0273425,-0.03741395,-0.00986512,0.04103325,0.02216018,-0.03254918,0.10791021,0.00729321,0.05833782,-0.00085373,-0.07371572,-0.0000356,0.04167084,-0.02841833,-0.07181916,0.02730193,0.01291236,-0.07983996,-0.01887491,-0.04152692,0.03627669,-0.06319569,-0.07462452,0.03134249,-0.02765134,0.04652232,-0.01223555,-0.01525563,-0.05172301,-0.02138349,0.07270777,-0.06430376,0.12681979,0.07422414,-0.04388818,-0.05071667,0.0140285,0.01255673,0.00860356,-0.01594396,-0.05157404,0.06601923,-0.05292841,0.0124577,0.10186109,0.04410138,0.01839148,0.00680811,-0.02082374,0.0401388,0.00406704,0.01670521,0.03932115,0.02647115,-0.01013682,-0.22351685,0.03243278,0.04266372,-0.04037879,-0.01569793,-0.03477035,0.03074175,-0.05280412,0.10891382,0.05152947,0.11042552,0.04608242,-0.03852585,0.01676061,-0.06944083,0.01591167,0.02949718,0.02362829,-0.05330053,-0.00116194,-0.00931063,0.0242574,-0.03540015,-0.0183304,0.07712992,-0.0300792,0.09675802,-0.00743283,-0.03698615,-0.02747749,0.08962634,0.04625366,-0.04038812,-0.09106632,0.07294822,0.06866012,-0.04121644,0.01773614,-0.01827919,-0.06717832,0.02818118,0.07412382,-0.06039776,-0.10322192,-0.05313606,-0.06619068,-0.0197522,-0.06388572,-0.03946382,0.04730657,-0.0155381,0.00733992,0.0120985,0.04176122,0.04157269,-0.01462271,-0.05206715,0.02191021,0.0150782,0.07935741,0.00157363,-0.02890616,-0.0294781,0.01371441,0.00328114,0.02782561,0.00426349,0.025904,0.01800162,0.0356269,0.04928797,0.09101371,0.01544268,0.03892265,0.02343486,-0.00675449,-0.01825495,-0.02911276,-0.00275144,-0.00569705,-0.01433652,0.03537045,0.05526138,0.04449908,0.01893898,0.01528152,0.02910019,0.01333615,0.03871772,-0.01140509,-0.05584412,0.02347916,-0.02641485,-0.02110337,0.08407915,0.01017081,-0.32738677,0.04573468,-0.00200373,0.00743963,-0.01656306,0.04373258,0.01473931,0.01720634,-0.06738039,0.03945664,-0.06866772,0.0645289,0.07091565,0.01919869,0.00808425,-0.06019237,0.03730804,0.00907996,0.01110406,-0.09682059,-0.03344222,0.00210296,0.18088049,0.01683558,0.02251871,-0.04449619,0.00577127,0.03319189,0.05690406,0.03928833,-0.06941553,0.01538824,0.1023628,-0.02955475,0.03301752,0.04548819,-0.02607365,0.02591156,-0.01821673,-0.02176604,-0.05166572,-0.00578623,-0.00059422,-0.02360068,0.1183786,0.00977343,-0.05815217,-0.04897745,0.04754293,0.00299814,-0.0148535,-0.00210061,-0.03449949,-0.05602944,0.05409036,0.02326899,0.06333496,-0.01776046,-0.04054515,0.03326115,0.03118421,0.04466264,0.03211696,0.00322901,0.01568202],"last_embed":{"tokens":221,"hash":"ih0vv2"}}},"text":null,"length":0,"last_read":{"hash":"ih0vv2","at":1782971693486},"key":"handover/HANDOVER_20260627.md#引継ぎログ：2026年6月27日（土）#7. 次回再開時の指示テンプレート#{1}","lines":[164,176],"size":248,"outlinks":[],"class_name":"SmartBlock"},
"smart_blocks:handover/HANDOVER_20260627.md#引継ぎログ：2026年6月27日（土）#8. ユーザーへのメッセージ": {"path":null,"last_embed":{"hash":null},"embeddings":{},"text":null,"length":0,"last_read":{"hash":"ndl57x","at":1782971691383},"key":"handover/HANDOVER_20260627.md#引継ぎログ：2026年6月27日（土）#8. ユーザーへのメッセージ","lines":[177,185],"size":185,"outlinks":[],"class_name":"SmartBlock"},
"smart_blocks:handover/HANDOVER_20260627.md#引継ぎログ：2026年6月27日（土）#8. ユーザーへのメッセージ#{1}": {"path":null,"last_embed":{"hash":null},"embeddings":{},"text":null,"length":0,"last_read":{"hash":"9iwbvy","at":1782971691383},"key":"handover/HANDOVER_20260627.md#引継ぎログ：2026年6月27日（土）#8. ユーザーへのメッセージ#{1}","lines":[179,181],"size":67,"outlinks":[],"class_name":"SmartBlock"},
"smart_blocks:handover/HANDOVER_20260627.md#引継ぎログ：2026年6月27日（土）#1. 今日までの累積進捗（プロジェクト全体）#✅ 完了済み#フェーズ1：MVP（C-1+C-2）#{2}": {"path":null,"last_embed":{"hash":null},"embeddings":{},"text":null,"length":0,"last_read":{"hash":"1w4bzdq","at":1782971691383},"key":"handover/HANDOVER_20260627.md#引継ぎログ：2026年6月27日（土）#1. 今日までの累積進捗（プロジェクト全体）#✅ 完了済み#フェーズ1：MVP（C-1+C-2）#{2}","lines":[16,16],"size":28,"outlinks":[],"class_name":"SmartBlock"},
"smart_blocks:handover/HANDOVER_20260627.md#引継ぎログ：2026年6月27日（土）#1. 今日までの累積進捗（プロジェクト全体）#✅ 完了済み#フェーズ1：MVP（C-1+C-2）#{3}": {"path":null,"last_embed":{"hash":null},"embeddings":{},"text":null,"length":0,"last_read":{"hash":"1mx3xh3","at":1782971691383},"key":"handover/HANDOVER_20260627.md#引継ぎログ：2026年6月27日（土）#1. 今日までの累積進捗（プロジェクト全体）#✅ 完了済み#フェーズ1：MVP（C-1+C-2）#{3}","lines":[17,17],"size":40,"outlinks":[],"class_name":"SmartBlock"},
"smart_blocks:handover/HANDOVER_20260627.md#引継ぎログ：2026年6月27日（土）#1. 今日までの累積進捗（プロジェクト全体）#✅ 完了済み#フェーズ1：MVP（C-1+C-2）#{4}": {"path":null,"last_embed":{"hash":null},"embeddings":{},"text":null,"length":0,"last_read":{"hash":"1qhwher","at":1782971691383},"key":"handover/HANDOVER_20260627.md#引継ぎログ：2026年6月27日（土）#1. 今日までの累積進捗（プロジェクト全体）#✅ 完了済み#フェーズ1：MVP（C-1+C-2）#{4}","lines":[18,18],"size":23,"outlinks":[],"class_name":"SmartBlock"},
"smart_blocks:handover/HANDOVER_20260627.md#引継ぎログ：2026年6月27日（土）#1. 今日までの累積進捗（プロジェクト全体）#✅ 完了済み#フェーズ1：MVP（C-1+C-2）#{5}": {"path":null,"last_embed":{"hash":null},"embeddings":{},"text":null,"length":0,"last_read":{"hash":"1oey6bj","at":1782971691383},"key":"handover/HANDOVER_20260627.md#引継ぎログ：2026年6月27日（土）#1. 今日までの累積進捗（プロジェクト全体）#✅ 完了済み#フェーズ1：MVP（C-1+C-2）#{5}","lines":[19,20],"size":34,"outlinks":[],"class_name":"SmartBlock"},
"smart_blocks:handover/HANDOVER_20260627.md#引継ぎログ：2026年6月27日（土）#1. 今日までの累積進捗（プロジェクト全体）#✅ 完了済み#フェーズ1+：C-3追加 + 統合版#{2}": {"path":null,"last_embed":{"hash":null},"embeddings":{},"text":null,"length":0,"last_read":{"hash":"1lr68bh","at":1782971691383},"key":"handover/HANDOVER_20260627.md#引継ぎログ：2026年6月27日（土）#1. 今日までの累積進捗（プロジェクト全体）#✅ 完了済み#フェーズ1+：C-3追加 + 統合版#{2}","lines":[23,23],"size":27,"outlinks":[],"class_name":"SmartBlock"},
"smart_blocks:handover/HANDOVER_20260627.md#引継ぎログ：2026年6月27日（土）#1. 今日までの累積進捗（プロジェクト全体）#✅ 完了済み#フェーズ1+：C-3追加 + 統合版#{3}": {"path":null,"last_embed":{"hash":null},"embeddings":{},"text":null,"length":0,"last_read":{"hash":"aane74","at":1782971691383},"key":"handover/HANDOVER_20260627.md#引継ぎログ：2026年6月27日（土）#1. 今日までの累積進捗（プロジェクト全体）#✅ 完了済み#フェーズ1+：C-3追加 + 統合版#{3}","lines":[24,24],"size":33,"outlinks":[],"class_name":"SmartBlock"},
"smart_blocks:handover/HANDOVER_20260627.md#引継ぎログ：2026年6月27日（土）#1. 今日までの累積進捗（プロジェクト全体）#✅ 完了済み#フェーズ1+：C-3追加 + 統合版#{4}": {"path":null,"last_embed":{"hash":null},"embeddings":{},"text":null,"length":0,"last_read":{"hash":"153go71","at":1782971691383},"key":"handover/HANDOVER_20260627.md#引継ぎログ：2026年6月27日（土）#1. 今日までの累積進捗（プロジェクト全体）#✅ 完了済み#フェーズ1+：C-3追加 + 統合版#{4}","lines":[25,25],"size":29,"outlinks":[],"class_name":"SmartBlock"},
"smart_blocks:handover/HANDOVER_20260627.md#引継ぎログ：2026年6月27日（土）#1. 今日までの累積進捗（プロジェクト全体）#✅ 完了済み#フェーズ1+：C-3追加 + 統合版#{5}": {"path":null,"last_embed":{"hash":null},"embeddings":{},"text":null,"length":0,"last_read":{"hash":"cjb6v1","at":1782971691383},"key":"handover/HANDOVER_20260627.md#引継ぎログ：2026年6月27日（土）#1. 今日までの累積進捗（プロジェクト全体）#✅ 完了済み#フェーズ1+：C-3追加 + 統合版#{5}","lines":[26,26],"size":38,"outlinks":[],"class_name":"SmartBlock"},
"smart_blocks:handover/HANDOVER_20260627.md#引継ぎログ：2026年6月27日（土）#1. 今日までの累積進捗（プロジェクト全体）#✅ 完了済み#フェーズ1+：C-3追加 + 統合版#{6}": {"path":null,"last_embed":{"hash":null},"embeddings":{},"text":null,"length":0,"last_read":{"hash":"b4l2qh","at":1782971691383},"key":"handover/HANDOVER_20260627.md#引継ぎログ：2026年6月27日（土）#1. 今日までの累積進捗（プロジェクト全体）#✅ 完了済み#フェーズ1+：C-3追加 + 統合版#{6}","lines":[27,28],"size":20,"outlinks":[],"class_name":"SmartBlock"},
"smart_blocks:handover/HANDOVER_20260627.md#引継ぎログ：2026年6月27日（土）#1. 今日までの累積進捗（プロジェクト全体）#✅ 完了済み#引継ぎ体制整備#{2}": {"path":null,"last_embed":{"hash":null},"embeddings":{},"text":null,"length":0,"last_read":{"hash":"1dz0bp8","at":1782971691383},"key":"handover/HANDOVER_20260627.md#引継ぎログ：2026年6月27日（土）#1. 今日までの累積進捗（プロジェクト全体）#✅ 完了済み#引継ぎ体制整備#{2}","lines":[31,31],"size":32,"outlinks":[],"class_name":"SmartBlock"},
"smart_blocks:handover/HANDOVER_20260627.md#引継ぎログ：2026年6月27日（土）#1. 今日までの累積進捗（プロジェクト全体）#✅ 完了済み#引継ぎ体制整備#{3}": {"path":null,"last_embed":{"hash":null},"embeddings":{},"text":null,"length":0,"last_read":{"hash":"e5itsm","at":1782971691383},"key":"handover/HANDOVER_20260627.md#引継ぎログ：2026年6月27日（土）#1. 今日までの累積進捗（プロジェクト全体）#✅ 完了済み#引継ぎ体制整備#{3}","lines":[32,33],"size":33,"outlinks":[],"class_name":"SmartBlock"},
"smart_blocks:handover/HANDOVER_20260627.md#引継ぎログ：2026年6月27日（土）#1. 今日までの累積進捗（プロジェクト全体）#✅ 完了済み#引継ぎ体制整備#{4}": {"path":null,"last_embed":{"hash":null},"embeddings":{},"text":null,"length":0,"last_read":{"hash":"1alhcef","at":1782971691383},"key":"handover/HANDOVER_20260627.md#引継ぎログ：2026年6月27日（土）#1. 今日までの累積進捗（プロジェクト全体）#✅ 完了済み#引継ぎ体制整備#{4}","lines":[34,35],"size":4,"outlinks":[],"class_name":"SmartBlock"},
"smart_blocks:handover/HANDOVER_20260627.md#引継ぎログ：2026年6月27日（土）#2. 今日（2026/6/27）の作業計画#実装ステップ#{2}": {"path":null,"last_embed":{"hash":null},"embeddings":{},"text":null,"length":0,"last_read":{"hash":"11mydwy","at":1782971691383},"key":"handover/HANDOVER_20260627.md#引継ぎログ：2026年6月27日（土）#2. 今日（2026/6/27）の作業計画#実装ステップ#{2}","lines":[53,57],"size":169,"outlinks":[],"class_name":"SmartBlock"},
"smart_blocks:handover/HANDOVER_20260627.md#引継ぎログ：2026年6月27日（土）#2. 今日（2026/6/27）の作業計画#実装ステップ#{3}": {"path":null,"last_embed":{"hash":null},"embeddings":{},"text":null,"length":0,"last_read":{"hash":"1f3okrn","at":1782971691383},"key":"handover/HANDOVER_20260627.md#引継ぎログ：2026年6月27日（土）#2. 今日（2026/6/27）の作業計画#実装ステップ#{3}","lines":[58,58],"size":63,"outlinks":[],"class_name":"SmartBlock"},
"smart_blocks:handover/HANDOVER_20260627.md#引継ぎログ：2026年6月27日（土）#2. 今日（2026/6/27）の作業計画#実装ステップ#{4}": {"path":null,"last_embed":{"hash":null},"embeddings":{},"text":null,"length":0,"last_read":{"hash":"1i0dqn9","at":1782971691383},"key":"handover/HANDOVER_20260627.md#引継ぎログ：2026年6月27日（土）#2. 今日（2026/6/27）の作業計画#実装ステップ#{4}","lines":[59,59],"size":57,"outlinks":[],"class_name":"SmartBlock"},
"smart_blocks:handover/HANDOVER_20260627.md#引継ぎログ：2026年6月27日（土）#2. 今日（2026/6/27）の作業計画#実装ステップ#{5}": {"path":null,"last_embed":{"hash":null},"embeddings":{},"text":null,"length":0,"last_read":{"hash":"1grn1m9","at":1782971691383},"key":"handover/HANDOVER_20260627.md#引継ぎログ：2026年6月27日（土）#2. 今日（2026/6/27）の作業計画#実装ステップ#{5}","lines":[60,60],"size":48,"outlinks":[],"class_name":"SmartBlock"},
"smart_blocks:handover/HANDOVER_20260627.md#引継ぎログ：2026年6月27日（土）#2. 今日（2026/6/27）の作業計画#実装ステップ#{6}": {"path":null,"last_embed":{"hash":null},"embeddings":{},"text":null,"length":0,"last_read":{"hash":"1v3yayg","at":1782971691383},"key":"handover/HANDOVER_20260627.md#引継ぎログ：2026年6月27日（土）#2. 今日（2026/6/27）の作業計画#実装ステップ#{6}","lines":[61,61],"size":45,"outlinks":[],"class_name":"SmartBlock"},
"smart_blocks:handover/HANDOVER_20260627.md#引継ぎログ：2026年6月27日（土）#2. 今日（2026/6/27）の作業計画#実装ステップ#{7}": {"path":null,"last_embed":{"hash":null},"embeddings":{},"text":null,"length":0,"last_read":{"hash":"1f2xvgm","at":1782971691383},"key":"handover/HANDOVER_20260627.md#引継ぎログ：2026年6月27日（土）#2. 今日（2026/6/27）の作業計画#実装ステップ#{7}","lines":[62,62],"size":38,"outlinks":[],"class_name":"SmartBlock"},
"smart_blocks:handover/HANDOVER_20260627.md#引継ぎログ：2026年6月27日（土）#2. 今日（2026/6/27）の作業計画#実装ステップ#{8}": {"path":null,"last_embed":{"hash":null},"embeddings":{},"text":null,"length":0,"last_read":{"hash":"1nnvuyu","at":1782971691383},"key":"handover/HANDOVER_20260627.md#引継ぎログ：2026年6月27日（土）#2. 今日（2026/6/27）の作業計画#実装ステップ#{8}","lines":[63,64],"size":34,"outlinks":[],"class_name":"SmartBlock"},
"smart_blocks:handover/HANDOVER_20260627.md#引継ぎログ：2026年6月27日（土）#2. 今日（2026/6/27）の作業計画#進め方#{2}": {"path":null,"last_embed":{"hash":null},"embeddings":{},"text":null,"length":0,"last_read":{"hash":"fw5zgj","at":1782971691383},"key":"handover/HANDOVER_20260627.md#引継ぎログ：2026年6月27日（土）#2. 今日（2026/6/27）の作業計画#進め方#{2}","lines":[67,67],"size":34,"outlinks":[],"class_name":"SmartBlock"},
"smart_blocks:handover/HANDOVER_20260627.md#引継ぎログ：2026年6月27日（土）#2. 今日（2026/6/27）の作業計画#進め方#{3}": {"path":null,"last_embed":{"hash":null},"embeddings":{},"text":null,"length":0,"last_read":{"hash":"gvzqjl","at":1782971691383},"key":"handover/HANDOVER_20260627.md#引継ぎログ：2026年6月27日（土）#2. 今日（2026/6/27）の作業計画#進め方#{3}","lines":[68,69],"size":28,"outlinks":[],"class_name":"SmartBlock"},
"smart_blocks:handover/HANDOVER_20260627.md#引継ぎログ：2026年6月27日（土）#2. 今日（2026/6/27）の作業計画#進め方#{4}": {"path":null,"last_embed":{"hash":null},"embeddings":{},"text":null,"length":0,"last_read":{"hash":"1alhcef","at":1782971691383},"key":"handover/HANDOVER_20260627.md#引継ぎログ：2026年6月27日（土）#2. 今日（2026/6/27）の作業計画#進め方#{4}","lines":[70,71],"size":4,"outlinks":[],"class_name":"SmartBlock"},
"smart_blocks:handover/HANDOVER_20260627.md#引継ぎログ：2026年6月27日（土）#3. 今日（2026/6/27）の確定事項#引継ぎ体制#{2}": {"path":null,"last_embed":{"hash":null},"embeddings":{},"text":null,"length":0,"last_read":{"hash":"opmb8r","at":1782971691383},"key":"handover/HANDOVER_20260627.md#引継ぎログ：2026年6月27日（土）#3. 今日（2026/6/27）の確定事項#引継ぎ体制#{2}","lines":[88,88],"size":38,"outlinks":[],"class_name":"SmartBlock"},
"smart_blocks:handover/HANDOVER_20260627.md#引継ぎログ：2026年6月27日（土）#3. 今日（2026/6/27）の確定事項#引継ぎ体制#{3}": {"path":null,"last_embed":{"hash":null},"embeddings":{},"text":null,"length":0,"last_read":{"hash":"13ms7ap","at":1782971691383},"key":"handover/HANDOVER_20260627.md#引継ぎログ：2026年6月27日（土）#3. 今日（2026/6/27）の確定事項#引継ぎ体制#{3}","lines":[89,89],"size":64,"outlinks":[],"class_name":"SmartBlock"},
"smart_blocks:handover/HANDOVER_20260627.md#引継ぎログ：2026年6月27日（土）#3. 今日（2026/6/27）の確定事項#引継ぎ体制#{4}": {"path":null,"last_embed":{"hash":null},"embeddings":{},"text":null,"length":0,"last_read":{"hash":"r4h06i","at":1782971691383},"key":"handover/HANDOVER_20260627.md#引継ぎログ：2026年6月27日（土）#3. 今日（2026/6/27）の確定事項#引継ぎ体制#{4}","lines":[90,91],"size":33,"outlinks":[],"class_name":"SmartBlock"},
"smart_blocks:handover/HANDOVER_20260627.md#引継ぎログ：2026年6月27日（土）#3. 今日（2026/6/27）の確定事項#重要な追加情報（ユーザーから）#{2}": {"path":null,"last_embed":{"hash":null},"embeddings":{},"text":null,"length":0,"last_read":{"hash":"1x1re81","at":1782971691383},"key":"handover/HANDOVER_20260627.md#引継ぎログ：2026年6月27日（土）#3. 今日（2026/6/27）の確定事項#重要な追加情報（ユーザーから）#{2}","lines":[94,94],"size":59,"outlinks":[],"class_name":"SmartBlock"},
"smart_blocks:handover/HANDOVER_20260627.md#引継ぎログ：2026年6月27日（土）#3. 今日（2026/6/27）の確定事項#重要な追加情報（ユーザーから）#{3}": {"path":null,"last_embed":{"hash":null},"embeddings":{},"text":null,"length":0,"last_read":{"hash":"1w46zrv","at":1782971691383},"key":"handover/HANDOVER_20260627.md#引継ぎログ：2026年6月27日（土）#3. 今日（2026/6/27）の確定事項#重要な追加情報（ユーザーから）#{3}","lines":[95,96],"size":59,"outlinks":[],"class_name":"SmartBlock"},
"smart_blocks:handover/HANDOVER_20260627.md#引継ぎログ：2026年6月27日（土）#3. 今日（2026/6/27）の確定事項#重要な追加情報（ユーザーから）#{4}": {"path":null,"last_embed":{"hash":null},"embeddings":{},"text":null,"length":0,"last_read":{"hash":"1alhcef","at":1782971691383},"key":"handover/HANDOVER_20260627.md#引継ぎログ：2026年6月27日（土）#3. 今日（2026/6/27）の確定事項#重要な追加情報（ユーザーから）#{4}","lines":[97,98],"size":4,"outlinks":[],"class_name":"SmartBlock"},
"smart_blocks:handover/HANDOVER_20260627.md#引継ぎログ：2026年6月27日（土）#4. 次回開始時にやること（優先度順）#🔴 HIGH（着手すぐ）#{2}": {"path":null,"last_embed":{"hash":null},"embeddings":{},"text":null,"length":0,"last_read":{"hash":"59woqy","at":1782971691383},"key":"handover/HANDOVER_20260627.md#引継ぎログ：2026年6月27日（土）#4. 次回開始時にやること（優先度順）#🔴 HIGH（着手すぐ）#{2}","lines":[108,112],"size":133,"outlinks":[],"class_name":"SmartBlock"},
"smart_blocks:handover/HANDOVER_20260627.md#引継ぎログ：2026年6月27日（土）#4. 次回開始時にやること（優先度順）#🔴 HIGH（着手すぐ）#{3}": {"path":null,"last_embed":{"hash":null},"embeddings":{},"text":null,"length":0,"last_read":{"hash":"f5z2sb","at":1782971691383},"key":"handover/HANDOVER_20260627.md#引継ぎログ：2026年6月27日（土）#4. 次回開始時にやること（優先度順）#🔴 HIGH（着手すぐ）#{3}","lines":[113,113],"size":37,"outlinks":[],"class_name":"SmartBlock"},
"smart_blocks:handover/HANDOVER_20260627.md#引継ぎログ：2026年6月27日（土）#4. 次回開始時にやること（優先度順）#🔴 HIGH（着手すぐ）#{4}": {"path":null,"last_embed":{"hash":null},"embeddings":{},"text":null,"length":0,"last_read":{"hash":"eg7jay","at":1782971691383},"key":"handover/HANDOVER_20260627.md#引継ぎログ：2026年6月27日（土）#4. 次回開始時にやること（優先度順）#🔴 HIGH（着手すぐ）#{4}","lines":[114,114],"size":36,"outlinks":[],"class_name":"SmartBlock"},
"smart_blocks:handover/HANDOVER_20260627.md#引継ぎログ：2026年6月27日（土）#4. 次回開始時にやること（優先度順）#🔴 HIGH（着手すぐ）#{5}": {"path":null,"last_embed":{"hash":null},"embeddings":{},"text":null,"length":0,"last_read":{"hash":"1smb6wn","at":1782971691383},"key":"handover/HANDOVER_20260627.md#引継ぎログ：2026年6月27日（土）#4. 次回開始時にやること（優先度順）#🔴 HIGH（着手すぐ）#{5}","lines":[115,116],"size":32,"outlinks":[],"class_name":"SmartBlock"},
"smart_blocks:handover/HANDOVER_20260627.md#引継ぎログ：2026年6月27日（土）#4. 次回開始時にやること（優先度順）#🟡 MEDIUM（改修完了後）#{2}": {"path":null,"last_embed":{"hash":null},"embeddings":{},"text":null,"length":0,"last_read":{"hash":"13rff3t","at":1782971691383},"key":"handover/HANDOVER_20260627.md#引継ぎログ：2026年6月27日（土）#4. 次回開始時にやること（優先度順）#🟡 MEDIUM（改修完了後）#{2}","lines":[119,119],"size":18,"outlinks":[],"class_name":"SmartBlock"},
"smart_blocks:handover/HANDOVER_20260627.md#引継ぎログ：2026年6月27日（土）#4. 次回開始時にやること（優先度順）#🟡 MEDIUM（改修完了後）#{3}": {"path":null,"last_embed":{"hash":null},"embeddings":{},"text":null,"length":0,"last_read":{"hash":"1fxxzvi","at":1782971691383},"key":"handover/HANDOVER_20260627.md#引継ぎログ：2026年6月27日（土）#4. 次回開始時にやること（優先度順）#🟡 MEDIUM（改修完了後）#{3}","lines":[120,121],"size":16,"outlinks":[],"class_name":"SmartBlock"},
"smart_blocks:handover/HANDOVER_20260627.md#引継ぎログ：2026年6月27日（土）#4. 次回開始時にやること（優先度順）#🟢 LOW（フィードバック後）#{2}": {"path":null,"last_embed":{"hash":null},"embeddings":{},"text":null,"length":0,"last_read":{"hash":"t6tk3l","at":1782971691383},"key":"handover/HANDOVER_20260627.md#引継ぎログ：2026年6月27日（土）#4. 次回開始時にやること（優先度順）#🟢 LOW（フィードバック後）#{2}","lines":[124,124],"size":11,"outlinks":[],"class_name":"SmartBlock"},
"smart_blocks:handover/HANDOVER_20260627.md#引継ぎログ：2026年6月27日（土）#4. 次回開始時にやること（優先度順）#🟢 LOW（フィードバック後）#{3}": {"path":null,"last_embed":{"hash":null},"embeddings":{},"text":null,"length":0,"last_read":{"hash":"3sw1vi","at":1782971691383},"key":"handover/HANDOVER_20260627.md#引継ぎログ：2026年6月27日（土）#4. 次回開始時にやること（優先度順）#🟢 LOW（フィードバック後）#{3}","lines":[125,126],"size":28,"outlinks":[],"class_name":"SmartBlock"},
"smart_blocks:handover/HANDOVER_20260627.md#引継ぎログ：2026年6月27日（土）#4. 次回開始時にやること（優先度順）#🟢 LOW（フィードバック後）#{4}": {"path":null,"last_embed":{"hash":null},"embeddings":{},"text":null,"length":0,"last_read":{"hash":"1alhcef","at":1782971691383},"key":"handover/HANDOVER_20260627.md#引継ぎログ：2026年6月27日（土）#4. 次回開始時にやること（優先度順）#🟢 LOW（フィードバック後）#{4}","lines":[127,128],"size":4,"outlinks":[],"class_name":"SmartBlock"},
"smart_blocks:handover/HANDOVER_20260627.md#引継ぎログ：2026年6月27日（土）#5. 直近の未解決論点・気になる点#なし（すべてQ&Aで確定済み）#{2}": {"path":null,"last_embed":{"hash":null},"embeddings":{},"text":null,"length":0,"last_read":{"hash":"jwnhix","at":1782971691383},"key":"handover/HANDOVER_20260627.md#引継ぎログ：2026年6月27日（土）#5. 直近の未解決論点・気になる点#なし（すべてQ&Aで確定済み）#{2}","lines":[134,134],"size":38,"outlinks":[],"class_name":"SmartBlock"},
"smart_blocks:handover/HANDOVER_20260627.md#引継ぎログ：2026年6月27日（土）#5. 直近の未解決論点・気になる点#なし（すべてQ&Aで確定済み）#{3}": {"path":null,"last_embed":{"hash":null},"embeddings":{},"text":null,"length":0,"last_read":{"hash":"ctm7r2","at":1782971691383},"key":"handover/HANDOVER_20260627.md#引継ぎログ：2026年6月27日（土）#5. 直近の未解決論点・気になる点#なし（すべてQ&Aで確定済み）#{3}","lines":[135,135],"size":32,"outlinks":[],"class_name":"SmartBlock"},
"smart_blocks:handover/HANDOVER_20260627.md#引継ぎログ：2026年6月27日（土）#5. 直近の未解決論点・気になる点#なし（すべてQ&Aで確定済み）#{4}": {"path":null,"last_embed":{"hash":null},"embeddings":{},"text":null,"length":0,"last_read":{"hash":"12l6ini","at":1782971691383},"key":"handover/HANDOVER_20260627.md#引継ぎログ：2026年6月27日（土）#5. 直近の未解決論点・気になる点#なし（すべてQ&Aで確定済み）#{4}","lines":[136,137],"size":33,"outlinks":[],"class_name":"SmartBlock"},
"smart_blocks:handover/HANDOVER_20260627.md#引継ぎログ：2026年6月27日（土）#5. 直近の未解決論点・気になる点#なし（すべてQ&Aで確定済み）#{5}": {"path":null,"last_embed":{"hash":null},"embeddings":{},"text":null,"length":0,"last_read":{"hash":"12noki9","at":1782971691383},"key":"handover/HANDOVER_20260627.md#引継ぎログ：2026年6月27日（土）#5. 直近の未解決論点・気になる点#なし（すべてQ&Aで確定済み）#{5}","lines":[138,141],"size":33,"outlinks":[],"class_name":"SmartBlock"},
"smart_blocks:handover/HANDOVER_20260627.md#引継ぎログ：2026年6月27日（土）#6. 重要な技術メモ#Project と Computer の同期問題#{2}": {"path":null,"last_embed":{"hash":null},"embeddings":{},"text":null,"length":0,"last_read":{"hash":"kv3tc6","at":1782971691383},"key":"handover/HANDOVER_20260627.md#引継ぎログ：2026年6月27日（土）#6. 重要な技術メモ#Project と Computer の同期問題#{2}","lines":[146,146],"size":75,"outlinks":[],"class_name":"SmartBlock"},
"smart_blocks:handover/HANDOVER_20260627.md#引継ぎログ：2026年6月27日（土）#6. 重要な技術メモ#Project と Computer の同期問題#{3}": {"path":null,"last_embed":{"hash":null},"embeddings":{},"text":null,"length":0,"last_read":{"hash":"1vm8suq","at":1782971691383},"key":"handover/HANDOVER_20260627.md#引継ぎログ：2026年6月27日（土）#6. 重要な技術メモ#Project と Computer の同期問題#{3}","lines":[147,148],"size":57,"outlinks":[],"class_name":"SmartBlock"},
"smart_blocks:handover/HANDOVER_20260627.md#引継ぎログ：2026年6月27日（土）#6. 重要な技術メモ#Instructions の文字数制限#{2}": {"path":null,"last_embed":{"hash":null},"embeddings":{},"text":null,"length":0,"last_read":{"hash":"1aiudeu","at":1782971691383},"key":"handover/HANDOVER_20260627.md#引継ぎログ：2026年6月27日（土）#6. 重要な技術メモ#Instructions の文字数制限#{2}","lines":[151,151],"size":61,"outlinks":[],"class_name":"SmartBlock"},
"smart_blocks:handover/HANDOVER_20260627.md#引継ぎログ：2026年6月27日（土）#6. 重要な技術メモ#Instructions の文字数制限#{3}": {"path":null,"last_embed":{"hash":null},"embeddings":{},"text":null,"length":0,"last_read":{"hash":"13gnes2","at":1782971691383},"key":"handover/HANDOVER_20260627.md#引継ぎログ：2026年6月27日（土）#6. 重要な技術メモ#Instructions の文字数制限#{3}","lines":[152,152],"size":46,"outlinks":[],"class_name":"SmartBlock"},
"smart_blocks:handover/HANDOVER_20260627.md#引継ぎログ：2026年6月27日（土）#6. 重要な技術メモ#Instructions の文字数制限#{4}": {"path":null,"last_embed":{"hash":null},"embeddings":{},"text":null,"length":0,"last_read":{"hash":"1jvqakj","at":1782971691383},"key":"handover/HANDOVER_20260627.md#引継ぎログ：2026年6月27日（土）#6. 重要な技術メモ#Instructions の文字数制限#{4}","lines":[153,154],"size":35,"outlinks":[],"class_name":"SmartBlock"},
"smart_blocks:handover/HANDOVER_20260627.md#引継ぎログ：2026年6月27日（土）#6. 重要な技術メモ#Code Interpreter のタイムアウト#{2}": {"path":null,"last_embed":{"hash":null},"embeddings":{},"text":null,"length":0,"last_read":{"hash":"mtqubj","at":1782971691383},"key":"handover/HANDOVER_20260627.md#引継ぎログ：2026年6月27日（土）#6. 重要な技術メモ#Code Interpreter のタイムアウト#{2}","lines":[157,157],"size":29,"outlinks":[],"class_name":"SmartBlock"},
"smart_blocks:handover/HANDOVER_20260627.md#引継ぎログ：2026年6月27日（土）#6. 重要な技術メモ#Code Interpreter のタイムアウト#{3}": {"path":null,"last_embed":{"hash":null},"embeddings":{},"text":null,"length":0,"last_read":{"hash":"kzgf21","at":1782971691383},"key":"handover/HANDOVER_20260627.md#引継ぎログ：2026年6月27日（土）#6. 重要な技術メモ#Code Interpreter のタイムアウト#{3}","lines":[158,159],"size":37,"outlinks":[],"class_name":"SmartBlock"},
"smart_blocks:handover/HANDOVER_20260627.md#引継ぎログ：2026年6月27日（土）#6. 重要な技術メモ#Code Interpreter のタイムアウト#{4}": {"path":null,"last_embed":{"hash":null},"embeddings":{},"text":null,"length":0,"last_read":{"hash":"1alhcef","at":1782971691383},"key":"handover/HANDOVER_20260627.md#引継ぎログ：2026年6月27日（土）#6. 重要な技術メモ#Code Interpreter のタイムアウト#{4}","lines":[160,161],"size":4,"outlinks":[],"class_name":"SmartBlock"},
"smart_blocks:handover/HANDOVER_20260627.md#引継ぎログ：2026年6月27日（土）#8. ユーザーへのメッセージ#{2}": {"path":null,"last_embed":{"hash":null},"embeddings":{},"text":null,"length":0,"last_read":{"hash":"1mylp08","at":1782971691383},"key":"handover/HANDOVER_20260627.md#引継ぎログ：2026年6月27日（土）#8. ユーザーへのメッセージ#{2}","lines":[182,182],"size":26,"outlinks":[],"class_name":"SmartBlock"},
"smart_blocks:handover/HANDOVER_20260627.md#引継ぎログ：2026年6月27日（土）#8. ユーザーへのメッセージ#{3}": {"path":null,"last_embed":{"hash":null},"embeddings":{},"text":null,"length":0,"last_read":{"hash":"9rql3f","at":1782971691383},"key":"handover/HANDOVER_20260627.md#引継ぎログ：2026年6月27日（土）#8. ユーザーへのメッセージ#{3}","lines":[183,184],"size":31,"outlinks":[],"class_name":"SmartBlock"},
"smart_blocks:handover/HANDOVER_20260627.md#引継ぎログ：2026年6月27日（土）#8. ユーザーへのメッセージ#{4}": {"path":null,"last_embed":{"hash":null},"embeddings":{},"text":null,"length":0,"last_read":{"hash":"18hl4c1","at":1782971691383},"key":"handover/HANDOVER_20260627.md#引継ぎログ：2026年6月27日（土）#8. ユーザーへのメッセージ#{4}","lines":[185,185],"size":39,"outlinks":[],"class_name":"SmartBlock"},
"smart_blocks:handover/HANDOVER_20260627.md#引継ぎログ：2026年6月27日（土）#次回再開時の指示テンプレート": {"path":null,"last_embed":{"hash":"1cje5jo","at":1782971693718},"embeddings":{"TaylorAI/bge-micro-v2":{"vec":[-0.10192679,-0.056055,0.09196093,-0.03593253,0.01051219,-0.0422656,-0.01247038,0.00869835,-0.00340696,-0.03050642,-0.02639059,-0.03047787,0.06510738,0.00637234,-0.00533542,-0.0420682,0.00440164,-0.01506513,-0.05125007,-0.00709704,0.12296786,0.02075083,0.00162111,-0.03542988,0.0400587,0.03961019,0.01555432,-0.03989932,0.0051581,-0.14748758,-0.03159217,0.00734519,0.00436477,-0.01053512,0.01552873,-0.00886979,-0.02232052,0.03438153,-0.01236707,0.01547616,0.00592672,0.0668394,0.03306672,-0.04571223,0.03739364,-0.03279819,-0.0263079,-0.0413019,0.03169858,-0.0320709,-0.03772204,-0.01945568,0.00718266,0.04091189,0.05411666,0.05022521,0.02756896,-0.01305776,0.01913975,0.04055334,0.04375013,0.04592787,-0.19908604,0.0516737,-0.00683445,-0.0172393,0.0340777,-0.02919273,0.02910006,0.03636385,-0.03969684,-0.04218158,-0.00762934,0.07931275,-0.00763827,-0.05111694,-0.03126572,-0.06546089,-0.03044831,-0.04294694,0.00259717,0.03686607,0.03940836,0.01451282,-0.00952669,0.01648789,0.0233504,-0.01936299,0.02047946,0.07375824,-0.01976148,-0.04925589,0.05869148,0.06717182,-0.06013189,0.00490706,0.04535112,0.03880187,-0.09228744,0.1183742,-0.06551323,0.01580028,0.03485938,-0.03046084,0.01191843,-0.01102942,0.00886523,-0.042149,-0.00831834,-0.04411862,-0.03925335,-0.00117559,0.02289602,-0.07004453,0.00239598,-0.00007907,0.06579763,0.03083499,-0.00074189,-0.00374749,0.10296732,0.00062693,0.03957758,-0.05152946,-0.02529785,0.01863241,0.00822818,0.03679884,-0.03237713,0.01245155,0.04496668,-0.02506643,-0.10262624,-0.01390592,0.0047049,0.03073611,-0.00226139,-0.05477163,0.01013041,-0.03603129,-0.03142765,-0.11946983,-0.02502489,-0.09451547,-0.06001689,0.0943394,-0.10024262,0.01478236,0.02679515,-0.03537772,0.00886187,0.06899337,-0.02082412,-0.05257187,-0.02579078,0.01454625,0.01974688,0.08938379,-0.01885688,0.02546721,0.01909315,-0.06974886,-0.11450005,0.07952347,0.03084134,-0.08692573,-0.02880036,0.0243344,0.00851603,-0.02522243,-0.03292925,0.03665816,0.03194764,-0.01169469,0.10021617,0.01565688,0.06910428,-0.00823185,-0.0838166,0.01051624,0.01683561,-0.02464624,-0.0569873,0.04535863,0.00744625,-0.05054601,0.01738978,-0.03751667,0.03553478,-0.03198037,-0.06287298,0.00610123,-0.05443358,0.00859538,-0.02126489,-0.00753158,-0.0164185,-0.03756219,0.07890265,-0.03819292,0.11582739,0.09639967,-0.04655601,-0.02871237,0.00201754,-0.01246549,0.02146539,-0.02500554,-0.02034542,0.07326216,-0.04918637,0.03237248,0.12255183,0.03692508,0.01071006,0.01890912,0.00865062,0.02197593,0.02320842,0.01696177,0.04710628,0.01641406,-0.03853057,-0.2099039,0.04988536,0.00902489,-0.04279024,-0.07008468,-0.04793164,0.01742889,-0.05203553,0.10865612,0.05399702,0.09715032,0.04844487,-0.02433161,0.00513736,-0.01067779,0.01351413,0.08837508,-0.00627434,-0.0303498,-0.00950058,-0.03289995,0.01840779,-0.00828424,-0.03087712,0.05483243,-0.06764869,0.08030817,0.01894821,-0.0028618,-0.0180912,0.06509778,0.04044268,-0.02653558,-0.10006075,0.05307889,0.06522905,-0.05999055,-0.01656759,-0.04453793,-0.06568848,0.01084103,0.06563131,-0.05076383,-0.11200598,-0.05232621,-0.05606945,-0.03019872,-0.07245694,-0.03047484,0.02835971,0.01708893,0.0091293,0.00537744,0.07359482,0.02785383,0.00307693,-0.05035305,0.01221131,0.01494302,0.05988267,0.01016072,-0.01591009,-0.02051841,-0.0017154,0.01494324,0.03684155,0.00388373,0.01624366,0.04504945,0.0161104,0.01524083,0.07571201,-0.00396417,0.00515382,0.02854864,0.00691344,0.01847446,-0.04105894,-0.01140656,-0.01337228,0.00680213,0.02535383,0.08084556,0.05938111,0.0255195,0.00770183,0.05349423,0.04404872,0.01702488,-0.03117954,-0.03291021,0.01734666,-0.03292024,-0.04111533,0.0549893,0.03380664,-0.34173498,0.06709907,0.006211,0.02184142,-0.02167768,0.04657542,0.04117683,0.02365568,-0.05808616,0.01158695,-0.0496307,0.04276314,0.06290137,0.00131871,0.02358807,-0.05030842,0.05092691,0.02130181,0.01531215,-0.09642486,-0.0476693,0.00525303,0.19164824,-0.0056984,0.02723146,-0.02222763,0.01299938,0.04027758,0.04761118,0.00745948,-0.05693352,0.00470821,0.06862628,-0.00455959,0.00323241,0.06123625,-0.03905069,0.00397901,-0.00180545,-0.02424003,-0.04308937,-0.01398818,-0.00765701,-0.00885344,0.129567,0.02599809,-0.05738255,-0.02220631,0.02554839,0.03156269,-0.03192836,-0.0365782,-0.01550942,-0.02845166,0.05930668,-0.00768604,0.07840742,-0.02849017,-0.04148689,0.01888593,0.03552876,0.01987484,0.02313876,0.0181167,0.03848226],"last_embed":{"tokens":162,"hash":"1cje5jo"}}},"text":null,"length":0,"last_read":{"hash":"1cje5jo","at":1782971693718},"key":"handover/HANDOVER_20260627.md#引継ぎログ：2026年6月27日（土）#次回再開時の指示テンプレート","lines":[208,215],"size":212,"outlinks":[],"class_name":"SmartBlock"},
"smart_blocks:handover/HANDOVER_20260627.md#引継ぎログ：2026年6月27日（土）#次回再開時の指示テンプレート#{1}": {"path":null,"last_embed":{"hash":null},"embeddings":{},"text":null,"length":0,"last_read":{"hash":"tyetzu","at":1782971691383},"key":"handover/HANDOVER_20260627.md#引継ぎログ：2026年6月27日（土）#次回再開時の指示テンプレート#{1}","lines":[209,211],"size":62,"outlinks":[],"class_name":"SmartBlock"},
"smart_blocks:handover/HANDOVER_20260627.md#引継ぎログ：2026年6月27日（土）#次回再開時の指示テンプレート#{2}": {"path":null,"last_embed":{"hash":null},"embeddings":{},"text":null,"length":0,"last_read":{"hash":"jgrqjd","at":1782971691383},"key":"handover/HANDOVER_20260627.md#引継ぎログ：2026年6月27日（土）#次回再開時の指示テンプレート#{2}","lines":[212,212],"size":88,"outlinks":[],"class_name":"SmartBlock"},
"smart_blocks:handover/HANDOVER_20260627.md#引継ぎログ：2026年6月27日（土）#次回再開時の指示テンプレート#{3}": {"path":null,"last_embed":{"hash":null},"embeddings":{},"text":null,"length":0,"last_read":{"hash":"it2k9t","at":1782971691383},"key":"handover/HANDOVER_20260627.md#引継ぎログ：2026年6月27日（土）#次回再開時の指示テンプレート#{3}","lines":[213,215],"size":42,"outlinks":[],"class_name":"SmartBlock"},
"smart_blocks:handover/HANDOVER_20260627.md#引継ぎログ：2026年6月27日（土）#6/27 18:30の追加達成": {"path":null,"last_embed":{"hash":null},"embeddings":{},"text":null,"length":0,"last_read":{"hash":"1j2g76y","at":1782971691383},"key":"handover/HANDOVER_20260627.md#引継ぎログ：2026年6月27日（土）#6/27 18:30の追加達成","lines":[186,191],"size":193,"outlinks":[],"class_name":"SmartBlock"},
"smart_blocks:handover/HANDOVER_20260627.md#引継ぎログ：2026年6月27日（土）#6/27 18:30の追加達成#{1}": {"path":null,"last_embed":{"hash":null},"embeddings":{},"text":null,"length":0,"last_read":{"hash":"1jg7yuq","at":1782971691383},"key":"handover/HANDOVER_20260627.md#引継ぎログ：2026年6月27日（土）#6/27 18:30の追加達成#{1}","lines":[187,187],"size":28,"outlinks":[],"class_name":"SmartBlock"},
"smart_blocks:handover/HANDOVER_20260627.md#引継ぎログ：2026年6月27日（土）#6/27 18:30の追加達成#{2}": {"path":null,"last_embed":{"hash":null},"embeddings":{},"text":null,"length":0,"last_read":{"hash":"18aessa","at":1782971691383},"key":"handover/HANDOVER_20260627.md#引継ぎログ：2026年6月27日（土）#6/27 18:30の追加達成#{2}","lines":[188,188],"size":20,"outlinks":[],"class_name":"SmartBlock"},
"smart_blocks:handover/HANDOVER_20260627.md#引継ぎログ：2026年6月27日（土）#6/27 18:30の追加達成#{3}": {"path":null,"last_embed":{"hash":null},"embeddings":{},"text":null,"length":0,"last_read":{"hash":"1lyvkqj","at":1782971691383},"key":"handover/HANDOVER_20260627.md#引継ぎログ：2026年6月27日（土）#6/27 18:30の追加達成#{3}","lines":[189,189],"size":57,"outlinks":[],"class_name":"SmartBlock"},
"smart_blocks:handover/HANDOVER_20260627.md#引継ぎログ：2026年6月27日（土）#6/27 18:30の追加達成#{4}": {"path":null,"last_embed":{"hash":null},"embeddings":{},"text":null,"length":0,"last_read":{"hash":"1esifn7","at":1782971691383},"key":"handover/HANDOVER_20260627.md#引継ぎログ：2026年6月27日（土）#6/27 18:30の追加達成#{4}","lines":[190,191],"size":66,"outlinks":[],"class_name":"SmartBlock"},
"smart_blocks:handover/HANDOVER_20260627.md#引継ぎログ：2026年6月27日（土）#9. 本日（6/27）夜の追加合意事項": {"path":null,"last_embed":{"hash":"14dmqky","at":1782971693537},"embeddings":{"TaylorAI/bge-micro-v2":{"vec":[-0.090787,-0.04892368,0.11043533,-0.02762868,0.00997121,-0.05349088,-0.00188258,0.01785169,-0.01629919,-0.01465334,0.00605312,-0.03858168,0.06612621,0.00253821,0.02827328,-0.01479007,0.01297464,-0.00891469,-0.0400512,-0.01704435,0.11231456,-0.03243209,0.01930881,-0.03727533,0.04516543,0.00432041,0.01170741,-0.0591231,0.01925159,-0.14839879,-0.02120382,0.0154461,-0.03521059,0.00753147,0.00161213,-0.04161648,-0.01213461,-0.01324965,-0.03891329,0.00962235,-0.0003586,0.04171345,0.02751098,-0.03691774,0.02818238,-0.03569021,-0.0413678,-0.04341175,0.02741093,-0.03864085,-0.03825324,-0.02735245,0.00226961,0.02092741,0.04308715,0.00967846,0.06402531,-0.0063802,0.03803944,0.04473391,0.04107436,0.02580249,-0.19849864,0.06032154,0.01244085,-0.01198577,0.01374022,-0.03391585,0.01965677,0.01012905,-0.01906391,-0.01288947,-0.00590387,0.06974223,-0.03575388,-0.03450719,0.01487944,-0.03132568,-0.03954779,-0.04027277,-0.01139557,0.08763003,0.03418751,0.04516282,-0.00924604,0.00444845,0.04000315,-0.01557529,0.00623372,0.05573379,-0.03011146,-0.02972136,0.07704779,0.05073324,-0.04183404,-0.02136201,0.05451648,0.04644684,-0.10716547,0.12406605,-0.04279992,-0.01901683,0.00876916,-0.032309,0.02461493,0.00271965,0.01915804,-0.04393686,-0.0098625,-0.00754269,-0.03442134,-0.03211208,0.01015121,-0.10696897,0.01951321,0.04322519,0.06304452,0.02469451,0.01239221,0.00055819,0.09239173,-0.02876035,0.06005076,-0.07464776,-0.00402042,0.01170629,0.03591269,0.04745034,-0.0147783,0.03577465,0.05755837,-0.01161726,-0.06748372,-0.04948401,-0.00581982,0.03295818,-0.03347641,-0.07266177,0.00948279,0.00089682,-0.03434419,-0.08720606,0.00340632,-0.09174211,-0.04053848,0.07174429,-0.07602783,0.00753151,0.03272231,-0.04999617,0.00889385,0.06956267,-0.03838464,-0.06632029,-0.03955116,0.01633776,0.03480887,0.13779041,-0.02175444,0.02567084,0.00924031,-0.09623101,-0.09671988,0.05918735,0.02644589,-0.08045871,-0.0129601,0.00965598,0.00254916,-0.03122916,-0.04886239,0.00652949,0.01822713,-0.00631177,0.06434055,-0.00233944,0.04129525,-0.0024467,-0.07574672,0.03648956,0.01212421,-0.01533429,-0.03733862,0.03729426,0.00282156,-0.02677045,-0.00624587,-0.0429269,0.04132311,-0.0403678,-0.07093742,0.01754414,-0.10372622,0.01924521,0.00536645,0.02645176,0.01620726,-0.01578041,0.03404146,-0.01489906,0.13519265,0.06571341,-0.03421455,-0.04828025,-0.0654915,0.00168761,-0.00673964,-0.02999932,-0.05191561,0.05268925,-0.01486444,0.02281889,0.08536542,0.02108285,-0.01227877,-0.02072337,-0.00425958,0.02789171,0.02594947,0.05618981,0.05331935,0.01621583,-0.05582873,-0.20996737,0.04694862,0.01245616,-0.00086374,-0.0258795,-0.08888842,0.03388879,-0.03522015,0.07776469,0.06802596,0.10731933,0.08607557,-0.01734363,0.02796946,-0.02467959,0.01781958,0.05820131,0.0021251,-0.02134234,0.02236599,-0.03307268,0.02661476,0.0324161,-0.05094624,0.00188033,-0.04839315,0.10933849,0.04442642,0.00393337,-0.03954107,0.04086928,0.04246547,-0.00900098,-0.12561588,0.06725133,0.09114515,-0.05979189,-0.01576703,-0.03674964,-0.07125221,-0.02290303,0.07818263,-0.02409849,-0.099915,-0.0465707,-0.04620149,-0.06534553,-0.02619462,0.01756424,0.01991836,0.04337305,0.0330027,-0.00923389,0.08069774,0.0127293,-0.01533021,-0.05502116,-0.01749115,0.02284376,0.0514714,-0.02007829,-0.0420391,0.02675498,0.00777456,0.03303379,0.0466014,-0.02245222,0.06126549,0.07601488,0.01675852,-0.01425574,0.09869123,-0.02524813,0.03111475,0.00194943,-0.01794351,0.03545352,-0.03428347,0.00172136,0.01428151,0.01426355,0.00003557,0.06848398,0.02970595,-0.00040931,0.02597372,0.05871224,0.05701181,0.03824414,-0.01582623,0.00107899,0.04624406,-0.06197906,-0.03589235,0.03905449,0.04415309,-0.33975399,0.05910557,0.00121988,-0.0114113,-0.01596603,0.04799366,0.0331106,0.03086524,-0.01647134,0.01333197,-0.01065388,0.01603872,0.04032958,-0.03216352,0.03514491,-0.01272662,0.05672132,-0.00108295,-0.00523634,-0.07019439,-0.056621,0.0323616,0.208929,-0.01184363,0.02287021,0.00623072,0.00821485,0.04706224,0.04137857,-0.02761232,-0.05968202,0.00420849,0.06767024,-0.04170903,0.00630396,0.02132369,-0.02875835,0.01418548,0.01114217,-0.02599065,-0.03053254,-0.00987089,-0.01594779,-0.03132601,0.10986511,0.01206962,-0.08372902,-0.01495747,0.01364392,0.0106742,-0.03831786,-0.01033144,-0.01707744,-0.01419636,0.04850477,-0.02228392,0.07402544,-0.03477913,-0.06234766,-0.01334787,0.00275572,0.03564719,0.01916397,0.02289429,0.03099799],"last_embed":{"tokens":357,"hash":"14dmqky"}}},"text":null,"length":0,"last_read":{"hash":"14dmqky","at":1782971693537},"key":"handover/HANDOVER_20260627.md#引継ぎログ：2026年6月27日（土）#9. 本日（6/27）夜の追加合意事項","lines":[192,207],"size":502,"outlinks":[],"class_name":"SmartBlock"},
"smart_blocks:handover/HANDOVER_20260627.md#引継ぎログ：2026年6月27日（土）#9. 本日（6/27）夜の追加合意事項#Obsidian × GitHub 連携完全構築完了 ✅": {"path":null,"last_embed":{"hash":"162jqzb","at":1782971693629},"embeddings":{"TaylorAI/bge-micro-v2":{"vec":[-0.08937389,-0.05649263,0.10767963,-0.02342222,0.01214931,-0.04847227,0.00409206,0.01434818,-0.01911511,-0.01373727,0.00688836,-0.03574641,0.05404686,-0.0001204,0.02042859,-0.01855235,0.00658758,-0.00232433,-0.04080454,-0.02158581,0.10422507,-0.03081698,0.01277108,-0.03003288,0.02788739,0.00074056,0.00066301,-0.07019047,0.01177208,-0.14435373,-0.0276178,0.015094,-0.04159569,0.01672292,0.00116034,-0.04100428,-0.01270588,-0.01448688,-0.03418478,0.01718014,0.01060267,0.04918214,0.0182028,-0.03773549,0.03001198,-0.03687248,-0.03626959,-0.03630453,0.02852112,-0.03483794,-0.03504525,-0.0242183,-0.00458714,0.02786707,0.03805999,0.01466135,0.06955569,-0.01848873,0.03377644,0.04250019,0.05172565,0.02919673,-0.19186866,0.05268827,0.01119699,-0.01212149,0.02044646,-0.03763502,0.00622394,0.00572747,-0.00461727,-0.00728743,-0.00035476,0.07771006,-0.04012921,-0.03312194,0.00529976,-0.03265005,-0.03661628,-0.03309938,0.00325784,0.09873256,0.03863192,0.05778524,-0.0080289,-0.0027605,0.0331341,-0.01266985,0.0080215,0.05051522,-0.02286637,-0.02703066,0.08055678,0.04798761,-0.04519084,-0.0153597,0.04671297,0.0351332,-0.10148883,0.132856,-0.04289035,-0.01324836,0.0222594,-0.04108322,0.01746341,0.01042393,0.03122758,-0.03058383,-0.00386291,0.01284903,-0.0344325,-0.02101933,0.01586309,-0.10828412,0.02272528,0.03193175,0.05989831,0.01557577,0.0039809,0.00173761,0.09206279,-0.01663155,0.06335957,-0.07817835,0.00763314,0.00998023,0.04831352,0.03999008,-0.00754879,0.04307662,0.05615568,-0.01464509,-0.07074404,-0.05080463,-0.01382515,0.03212825,-0.01316686,-0.07062744,0.00685893,0.01147503,-0.02847928,-0.08165429,-0.00037269,-0.08289123,-0.02661419,0.07249954,-0.07470933,0.00792361,0.03183177,-0.05251336,0.0111565,0.06865538,-0.04425008,-0.0651326,-0.0423919,0.01508323,0.0325455,0.13444145,-0.01599318,0.02684673,0.01507292,-0.10414305,-0.08290274,0.06185488,0.02101677,-0.07722212,-0.01920916,-0.00198733,0.01144043,-0.02327621,-0.06279986,0.01372328,0.02554578,-0.00068252,0.07252792,-0.00264191,0.05827399,-0.00809434,-0.08685788,0.04047509,0.01589235,-0.01222779,-0.04315714,0.043947,-0.00031985,-0.02966898,-0.01233306,-0.04214188,0.03208281,-0.03544229,-0.078385,0.00350437,-0.11528461,0.01182778,0.01046062,0.01970075,0.01464123,-0.01773807,0.02791923,-0.00785979,0.13925865,0.06809363,-0.03648832,-0.04911542,-0.07016955,0.00579714,-0.0067703,-0.02324674,-0.05994482,0.04779328,-0.01965032,0.03650485,0.08505689,0.0307268,-0.00616905,-0.01907099,-0.00067376,0.03132905,0.02746578,0.05700944,0.06226696,0.02288497,-0.05617083,-0.20543581,0.04633715,0.00766112,-0.01018885,-0.02102258,-0.0903708,0.03246394,-0.02980421,0.08018086,0.06391647,0.11029714,0.08110954,-0.00484072,0.02162215,-0.01778163,0.01650224,0.05744481,-0.00705317,-0.01761624,0.01193938,-0.0459666,0.01849724,0.04378536,-0.05778824,-0.00219493,-0.04180928,0.11127675,0.05831712,0.00251612,-0.04306779,0.03596952,0.03432713,-0.00976506,-0.13620514,0.06353972,0.08730435,-0.06330602,-0.01859744,-0.03437699,-0.06756005,-0.03045342,0.06735087,-0.03274379,-0.10426932,-0.04270984,-0.03749347,-0.05947911,-0.0312416,0.01439385,0.01982622,0.05163426,0.02551271,0.00688411,0.09062988,0.01296633,-0.00580194,-0.04536723,-0.01282169,0.01489108,0.05106374,-0.01927201,-0.02629423,0.02388513,0.00336831,0.02886718,0.04829783,-0.03626926,0.06389752,0.08708006,0.00995124,-0.01217562,0.08997241,-0.03072998,0.03163566,0.00780068,-0.0186883,0.02985273,-0.05447521,-0.00143088,0.01702876,0.01110607,-0.01225578,0.08130092,0.02656864,-0.01406131,0.02963644,0.05451858,0.05325986,0.01984161,-0.01998744,0.01206131,0.05419677,-0.05969036,-0.05376378,0.03588844,0.03944976,-0.33191624,0.06922566,0.00273749,-0.01351691,-0.02518169,0.04320804,0.03190355,0.03370377,-0.01622339,0.00634657,0.00491909,0.01585428,0.03741926,-0.03899633,0.03728124,-0.00917964,0.05450825,-0.00432831,-0.00709084,-0.07122956,-0.04856425,0.01970588,0.20980127,-0.00323449,0.01978868,0.01029477,-0.0028015,0.0451429,0.04987163,-0.03028816,-0.06073813,-0.00887303,0.0658787,-0.03306574,0.00881943,0.02691711,-0.01949033,0.00908337,0.01155492,-0.02508035,-0.03168242,-0.02273105,-0.01946071,-0.03343234,0.10611332,-0.00024661,-0.08433047,-0.01375073,0.01403961,0.01504061,-0.05125875,-0.02478999,-0.01737783,-0.0012699,0.0439727,-0.0221468,0.0627668,-0.03860665,-0.06612244,-0.02465588,0.00777719,0.03588743,0.01749183,0.00763626,0.04423666],"last_embed":{"tokens":191,"hash":"162jqzb"}}},"text":null,"length":0,"last_read":{"hash":"162jqzb","at":1782971693629},"key":"handover/HANDOVER_20260627.md#引継ぎログ：2026年6月27日（土）#9. 本日（6/27）夜の追加合意事項#Obsidian × GitHub 連携完全構築完了 ✅","lines":[194,200],"size":267,"outlinks":[],"class_name":"SmartBlock"},
"smart_blocks:handover/HANDOVER_20260627.md#引継ぎログ：2026年6月27日（土）#9. 本日（6/27）夜の追加合意事項#Obsidian × GitHub 連携完全構築完了 ✅#{1}": {"path":null,"last_embed":{"hash":null},"embeddings":{},"text":null,"length":0,"last_read":{"hash":"1kqh36e","at":1782971691383},"key":"handover/HANDOVER_20260627.md#引継ぎログ：2026年6月27日（土）#9. 本日（6/27）夜の追加合意事項#Obsidian × GitHub 連携完全構築完了 ✅#{1}","lines":[195,195],"size":55,"outlinks":[],"class_name":"SmartBlock"},
"smart_blocks:handover/HANDOVER_20260627.md#引継ぎログ：2026年6月27日（土）#9. 本日（6/27）夜の追加合意事項#Obsidian × GitHub 連携完全構築完了 ✅#{2}": {"path":null,"last_embed":{"hash":null},"embeddings":{},"text":null,"length":0,"last_read":{"hash":"h18yll","at":1782971691383},"key":"handover/HANDOVER_20260627.md#引継ぎログ：2026年6月27日（土）#9. 本日（6/27）夜の追加合意事項#Obsidian × GitHub 連携完全構築完了 ✅#{2}","lines":[196,196],"size":63,"outlinks":[],"class_name":"SmartBlock"},
"smart_blocks:handover/HANDOVER_20260627.md#引継ぎログ：2026年6月27日（土）#9. 本日（6/27）夜の追加合意事項#Obsidian × GitHub 連携完全構築完了 ✅#{3}": {"path":null,"last_embed":{"hash":null},"embeddings":{},"text":null,"length":0,"last_read":{"hash":"1ubacw2","at":1782971691383},"key":"handover/HANDOVER_20260627.md#引継ぎログ：2026年6月27日（土）#9. 本日（6/27）夜の追加合意事項#Obsidian × GitHub 連携完全構築完了 ✅#{3}","lines":[197,197],"size":40,"outlinks":[],"class_name":"SmartBlock"},
"smart_blocks:handover/HANDOVER_20260627.md#引継ぎログ：2026年6月27日（土）#9. 本日（6/27）夜の追加合意事項#Obsidian × GitHub 連携完全構築完了 ✅#{4}": {"path":null,"last_embed":{"hash":null},"embeddings":{},"text":null,"length":0,"last_read":{"hash":"13gjcs0","at":1782971691383},"key":"handover/HANDOVER_20260627.md#引継ぎログ：2026年6月27日（土）#9. 本日（6/27）夜の追加合意事項#Obsidian × GitHub 連携完全構築完了 ✅#{4}","lines":[198,198],"size":35,"outlinks":[],"class_name":"SmartBlock"},
"smart_blocks:handover/HANDOVER_20260627.md#引継ぎログ：2026年6月27日（土）#9. 本日（6/27）夜の追加合意事項#Obsidian × GitHub 連携完全構築完了 ✅#{5}": {"path":null,"last_embed":{"hash":null},"embeddings":{},"text":null,"length":0,"last_read":{"hash":"1nhmjcj","at":1782971691383},"key":"handover/HANDOVER_20260627.md#引継ぎログ：2026年6月27日（土）#9. 本日（6/27）夜の追加合意事項#Obsidian × GitHub 連携完全構築完了 ✅#{5}","lines":[199,200],"size":37,"outlinks":[],"class_name":"SmartBlock"},
"smart_blocks:handover/HANDOVER_20260627.md#引継ぎログ：2026年6月27日（土）#9. 本日（6/27）夜の追加合意事項#明日（6/28）議題：文字数・項目数の上限設定": {"path":null,"last_embed":{"hash":"1c2z3qr","at":1782971693673},"embeddings":{"TaylorAI/bge-micro-v2":{"vec":[-0.0949666,-0.05324475,0.04920344,-0.0442984,-0.00128437,-0.03038267,0.01252026,-0.00528424,0.03290039,-0.03354887,0.00493968,-0.04505452,0.07552743,-0.00491657,0.03847609,-0.02154658,0.01474585,-0.05363418,-0.0675813,-0.00157875,0.1229358,-0.03275352,0.02467151,-0.05679729,0.07281012,0.03479723,0.01982549,-0.04140482,0.02957565,-0.15144145,-0.01706067,0.02440723,-0.00502176,-0.01473007,0.00047485,-0.0163848,-0.01381132,0.00703716,-0.05076774,0.01999906,-0.02924495,0.05268725,0.03723599,-0.02792389,0.03388919,-0.0318474,-0.03083191,-0.03837893,0.01874527,-0.03802489,-0.02586272,-0.02154004,0.01808755,0.01669742,0.07430039,0.01713344,0.04426747,0.01391088,0.04882695,0.04662536,0.05265709,0.01042703,-0.21001197,0.0757342,-0.00614997,-0.02640522,0.00884061,-0.00046536,0.05471776,0.05690031,-0.06048752,-0.0437509,-0.0258347,0.05009037,-0.01712638,-0.02199783,0.01170598,-0.05716875,-0.03843051,-0.06486436,-0.04342376,0.01558785,0.018805,-0.00165722,-0.04360083,0.03724794,0.04459142,-0.0222371,-0.00867963,0.03712467,-0.03434179,-0.01965898,0.0597285,0.06000222,-0.05342392,-0.01652693,0.06250604,0.05135596,-0.11500557,0.11108376,-0.08868755,0.01321273,-0.00217279,-0.03411867,0.04219962,-0.02255104,-0.00383493,-0.04809966,-0.03451951,-0.09151465,-0.03518024,-0.02963102,0.01556017,-0.07328799,0.01038192,0.06008646,0.07049531,0.02036802,0.0511208,-0.01168878,0.06312735,-0.02946205,0.04637039,-0.03173227,-0.03578967,-0.00717697,0.00680671,0.05536363,-0.04432465,0.02860177,0.06517973,-0.01367028,-0.04350694,-0.03191756,0.02181341,0.03629852,-0.0456637,-0.04584308,0.02331604,-0.05377609,-0.04322103,-0.12717772,0.01742087,-0.11510214,-0.03766421,0.08510659,-0.06537644,0.00760281,0.0423188,-0.04864364,-0.00664073,0.07377917,-0.01072485,-0.07129416,-0.0171646,0.02343006,0.05739856,0.11104848,-0.02418163,0.01354797,-0.00809346,-0.04522246,-0.12278248,0.0829878,0.03308535,-0.11562435,0.00856468,0.04812568,-0.0029863,-0.02388184,0.00673797,0.00682597,-0.00393952,-0.001054,0.0926391,0.00952214,0.02218582,-0.00145857,-0.05496551,0.01272248,0.00992626,-0.04155076,-0.02620457,0.04907644,0.00631007,-0.03213505,0.0026825,-0.03681243,0.06432835,-0.04833091,-0.07180803,0.03416126,-0.03235925,0.04146207,-0.02201924,0.01339182,-0.02776765,-0.00422936,0.05285761,-0.06063712,0.10171451,0.04977439,-0.06702588,-0.03243085,-0.00601434,-0.00414073,0.01298518,-0.02264134,-0.01986921,0.07668549,-0.02578538,-0.00868724,0.09739643,0.00574862,0.00588851,-0.01035319,-0.00677854,0.02321485,0.01339061,0.01675468,0.02861499,-0.02220696,-0.02797503,-0.20788127,0.04179087,0.02319307,-0.01762966,-0.03099249,-0.04888571,0.03288283,-0.02717647,0.09213915,0.06928717,0.10492031,0.06526937,-0.05088361,0.01712092,-0.03270268,0.04401655,0.04064372,0.03636451,-0.0446303,0.04156388,-0.02371158,0.05215959,-0.01755033,0.0079401,0.04885561,-0.05436638,0.08357596,0.00527931,0.00634404,-0.01671499,0.06384628,0.04773778,-0.03048682,-0.08712798,0.04200646,0.06058627,-0.01721459,0.00293512,-0.02332126,-0.05156731,0.04102964,0.08015601,-0.03277753,-0.08779392,-0.03061346,-0.08616287,-0.03839372,-0.05280583,-0.01654434,0.02440746,0.00416017,0.02810516,-0.00829734,0.05337062,0.02231518,-0.01619327,-0.05960132,0.02532329,0.02632272,0.06482584,0.00696966,-0.05140645,0.00619702,0.00928279,0.02182391,0.03849507,0.00501118,0.01882611,0.00262857,0.04307498,0.00141857,0.089066,0.00520384,0.01050944,-0.01685872,0.00902866,0.0178513,-0.02160172,0.02920105,-0.01660964,0.02696577,0.00185486,0.04686452,0.04073395,0.04342003,0.02099911,0.05384184,0.04009818,0.0679988,-0.00072393,-0.03312986,0.00754699,-0.04482894,-0.0004728,0.06209901,0.01378838,-0.33649591,0.03215463,-0.00744165,0.0197041,-0.00275484,0.05626578,0.01439911,0.01137699,-0.07527442,0.04109975,-0.07688531,0.0437733,0.05482493,0.00171562,0.01425171,-0.05432595,0.05583452,0.00725332,-0.02159783,-0.07742144,-0.04016719,0.02819695,0.19060971,0.00955536,0.04555101,-0.02564365,0.01421113,0.02746772,0.03543579,0.00919757,-0.05096921,-0.00729034,0.06539539,-0.04277521,0.00596534,0.03664397,-0.01514562,0.03026565,0.00223525,-0.04526,-0.0567639,0.00346717,-0.01503569,-0.03207408,0.10214817,0.03128125,-0.07854816,-0.04177627,0.03639422,-0.00110662,-0.0056696,-0.01698546,-0.01935487,-0.04411205,0.05165026,0.01987773,0.08279112,-0.02910063,-0.05732907,0.04918244,0.0416422,0.01326551,0.02052277,0.03888081,0.02788802],"last_embed":{"tokens":212,"hash":"1c2z3qr"}}},"text":null,"length":0,"last_read":{"hash":"1c2z3qr","at":1782971693673},"key":"handover/HANDOVER_20260627.md#引継ぎログ：2026年6月27日（土）#9. 本日（6/27）夜の追加合意事項#明日（6/28）議題：文字数・項目数の上限設定","lines":[201,207],"size":210,"outlinks":[],"class_name":"SmartBlock"},
"smart_blocks:handover/HANDOVER_20260627.md#引継ぎログ：2026年6月27日（土）#9. 本日（6/27）夜の追加合意事項#明日（6/28）議題：文字数・項目数の上限設定#{1}": {"path":null,"last_embed":{"hash":null},"embeddings":{},"text":null,"length":0,"last_read":{"hash":"1300szn","at":1782971691383},"key":"handover/HANDOVER_20260627.md#引継ぎログ：2026年6月27日（土）#9. 本日（6/27）夜の追加合意事項#明日（6/28）議題：文字数・項目数の上限設定#{1}","lines":[202,202],"size":47,"outlinks":[],"class_name":"SmartBlock"},
"smart_blocks:handover/HANDOVER_20260627.md#引継ぎログ：2026年6月27日（土）#9. 本日（6/27）夜の追加合意事項#明日（6/28）議題：文字数・項目数の上限設定#{2}": {"path":null,"last_embed":{"hash":null},"embeddings":{},"text":null,"length":0,"last_read":{"hash":"zosgfu","at":1782971691383},"key":"handover/HANDOVER_20260627.md#引継ぎログ：2026年6月27日（土）#9. 本日（6/27）夜の追加合意事項#明日（6/28）議題：文字数・項目数の上限設定#{2}","lines":[203,203],"size":30,"outlinks":[],"class_name":"SmartBlock"},
"smart_blocks:handover/HANDOVER_20260627.md#引継ぎログ：2026年6月27日（土）#9. 本日（6/27）夜の追加合意事項#明日（6/28）議題：文字数・項目数の上限設定#{3}": {"path":null,"last_embed":{"hash":null},"embeddings":{},"text":null,"length":0,"last_read":{"hash":"d2oim4","at":1782971691383},"key":"handover/HANDOVER_20260627.md#引継ぎログ：2026年6月27日（土）#9. 本日（6/27）夜の追加合意事項#明日（6/28）議題：文字数・項目数の上限設定#{3}","lines":[204,204],"size":34,"outlinks":[],"class_name":"SmartBlock"},
"smart_blocks:handover/HANDOVER_20260627.md#引継ぎログ：2026年6月27日（土）#9. 本日（6/27）夜の追加合意事項#明日（6/28）議題：文字数・項目数の上限設定#{4}": {"path":null,"last_embed":{"hash":null},"embeddings":{},"text":null,"length":0,"last_read":{"hash":"1a9l9j9","at":1782971691383},"key":"handover/HANDOVER_20260627.md#引継ぎログ：2026年6月27日（土）#9. 本日（6/27）夜の追加合意事項#明日（6/28）議題：文字数・項目数の上限設定#{4}","lines":[205,205],"size":49,"outlinks":[],"class_name":"SmartBlock"},
"smart_blocks:handover/HANDOVER_20260627.md#引継ぎログ：2026年6月27日（土）#9. 本日（6/27）夜の追加合意事項#明日（6/28）議題：文字数・項目数の上限設定#{5}": {"path":null,"last_embed":{"hash":null},"embeddings":{},"text":null,"length":0,"last_read":{"hash":"1eg3tw7","at":1782971691383},"key":"handover/HANDOVER_20260627.md#引継ぎログ：2026年6月27日（土）#9. 本日（6/27）夜の追加合意事項#明日（6/28）議題：文字数・項目数の上限設定#{5}","lines":[206,207],"size":18,"outlinks":[],"class_name":"SmartBlock"},