"smart_sources:PROJECT_STATE.md": {"path":"PROJECT_STATE.md","last_embed":{"hash":"1yzbj86","at":1782976630194},"embeddings":{"TaylorAI/bge-micro-v2":{"vec":[-0.06448425,-0.04193733,0.06650375,-0.05050791,0.00193769,0.01392592,-0.03953582,0.02192425,0.02010982,-0.00886752,-0.03613901,-0.06450154,0.05847258,0.07014816,-0.00265303,-0.04731811,0.0181873,0.0049193,-0.03362468,0.01197708,0.14249174,-0.0198069,0.01181233,-0.02969011,0.01304597,0.06870045,0.01018285,-0.03060475,0.00894845,-0.17241739,-0.06384178,0.03296059,0.01279227,-0.00275477,0.01657434,-0.00345396,-0.02420082,0.06201626,-0.041714,0.02274106,0.00435628,0.05332266,0.03559259,-0.07380985,0.05326706,-0.03117609,-0.06090321,0.00339842,-0.00716557,-0.00073658,-0.0144665,0.00269541,-0.00459855,0.04631548,0.02291215,0.03952704,0.0287954,0.04470413,0.0263259,-0.00519828,0.024929,0.04894872,-0.21461967,0.03236311,0.02742663,0.04292494,-0.00098627,-0.00267507,0.06205895,0.01347918,-0.05295332,0.01598768,0.00322573,0.05056727,-0.02139604,-0.01235902,-0.0078388,-0.03052869,-0.01971923,-0.04233629,0.01465927,0.04027453,0.01017615,0.01790044,0.01400578,0.0173933,0.00425727,-0.0053587,0.01613764,0.08233617,-0.0586517,-0.07673623,0.0578454,0.04827362,-0.04714116,0.04655872,0.03324545,0.06430641,-0.0910143,0.10913447,-0.10534596,-0.0128749,0.04726575,-0.03549394,0.02743947,-0.00379697,0.00009958,-0.04531535,-0.04014109,-0.0128594,-0.02609237,0.01086599,0.00419476,-0.04825245,-0.01151295,0.00539945,0.0192317,0.01193445,-0.02039899,-0.02537618,0.05006953,0.03171314,-0.04878506,-0.03311717,-0.04123883,0.00748112,0.03494065,-0.0057127,-0.00779419,0.04223194,0.00871178,0.00937595,-0.09929904,-0.00545911,-0.02327325,0.02129764,-0.02638783,-0.00815429,-0.02813954,0.00330163,0.01474806,-0.08250542,0.00789016,-0.10572054,-0.05266502,0.10542452,-0.06565877,0.0200678,0.0073691,-0.03232662,0.02397865,0.05952757,-0.01952784,-0.03424896,0.00049017,-0.01564166,0.01658533,0.08911669,-0.0074085,0.02852657,-0.01277348,-0.05179046,-0.0577553,0.08355138,0.07375457,-0.09580767,-0.05425004,0.03231525,0.00418596,-0.01892313,-0.03361291,0.0548518,0.01298531,-0.02604223,0.08127342,-0.00405477,0.06648411,-0.0048678,-0.0724677,0.02935795,0.00386148,-0.06071546,-0.06470107,0.01525546,-0.02751958,-0.08142332,0.01754828,-0.03457986,-0.0184771,-0.0190067,-0.08858821,0.03702609,-0.01605356,0.01449032,-0.00834705,-0.01368114,-0.00257996,-0.05583195,0.08199703,-0.01658181,0.1323707,0.08902267,-0.04231912,-0.01010601,0.01048909,0.01938773,0.00920086,-0.02758528,-0.05112199,0.05399365,-0.04784969,0.02130183,0.06408669,0.0425422,0.00081841,-0.02344083,0.0115046,0.03356378,0.01092316,0.06946002,0.02758206,0.02863674,-0.04734214,-0.2315456,0.01802758,0.01587785,-0.07103418,-0.04403139,-0.06548832,-0.00158678,-0.09010236,0.0893506,0.05259513,0.12905699,0.04075885,-0.03867116,0.01660775,-0.00609455,-0.02977961,0.06463483,0.00390045,-0.01810644,-0.02458173,0.00970635,0.02100672,0.02904098,-0.03082895,0.07043274,-0.06946986,0.11350948,-0.00384608,-0.01455191,0.01360745,0.0664149,0.06033904,-0.03629442,-0.16066569,0.05513203,0.05007239,-0.02822929,0.02515692,-0.01840228,-0.05534978,0.03646046,0.0525823,0.0084008,-0.10435757,-0.01015845,-0.04201489,0.02212859,-0.07874756,-0.06963608,0.04685345,-0.00469085,-0.01804305,0.00801374,0.05458084,-0.00864186,-0.01995806,-0.0577636,0.00708163,0.0223692,0.01638186,0.00403357,0.01554922,-0.01421449,-0.01461834,0.03036137,0.01516871,0.0031973,0.00716994,0.00244603,0.01368859,0.02004441,0.10318927,-0.00632857,-0.00125277,0.04949412,0.0040955,-0.03999388,-0.0203657,-0.00686603,0.00707968,0.00008466,0.01256203,0.02267155,0.06488524,0.01408961,0.00077917,0.04145896,-0.01474423,0.02690128,0.00795984,-0.00025025,-0.01175308,-0.03344142,0.00087689,0.08363026,0.00346764,-0.34380838,0.05618793,0.03217496,0.01533819,-0.00545049,0.00794716,0.00254253,0.01167064,-0.0725972,0.00770727,-0.03008003,0.06348763,0.0672866,-0.01371494,0.02047312,-0.02504695,0.0560139,0.0131002,0.04894677,-0.05028333,-0.02328147,0.06673446,0.19058275,-0.01295662,0.03836634,-0.04530613,0.00281336,0.03973068,0.04148629,0.03826923,-0.04594339,-0.00819292,0.10626261,0.03814039,0.00445486,0.03555043,-0.01229948,0.00353161,-0.01967889,0.00260132,-0.07225973,0.01068699,-0.03403158,0.00195878,0.095457,0.01003066,-0.0459306,-0.06546143,0.00389015,0.02109698,-0.00786499,-0.05410217,-0.03843018,-0.01643004,0.05636963,0.03545899,0.02037965,-0.00835863,-0.03508024,0.00362787,-0.01046264,0.00707594,0.04446237,0.01795957,0.01368136],"last_embed":{"tokens":481,"hash":"1yzbj86"}}},"last_read":{"hash":"1yzbj86","at":1782976630194},"class_name":"SmartSource","last_import":{"mtime":1782976576946,"size":10300,"at":1782976620383,"hash":"1yzbj86"},"blocks":{"#UI診断ディレクター プロジェクト現状":[1,206],"#UI診断ディレクター プロジェクト現状#{1}":[3,9],"#UI診断ディレクター プロジェクト現状#1. プロダクト概要":[10,21],"#UI診断ディレクター プロジェクト現状#1. プロダクト概要#{1}":[12,21],"#UI診断ディレクター プロジェクト現状#2. 設計思想（必読・全判断の基準）":[22,39],"#UI診断ディレクター プロジェクト現状#2. 設計思想（必読・全判断の基準）#コア価値":[24,26],"#UI診断ディレクター プロジェクト現状#2. 設計思想（必読・全判断の基準）#コア価値#{1}":[25,26],"#UI診断ディレクター プロジェクト現状#2. 設計思想（必読・全判断の基準）#ターゲットユーザー":[27,33],"#UI診断ディレクター プロジェクト現状#2. 設計思想（必読・全判断の基準）#ターゲットユーザー#{1}":[28,28],"#UI診断ディレクター プロジェクト現状#2. 設計思想（必読・全判断の基準）#ターゲットユーザー#{2}":[29,29],"#UI診断ディレクター プロジェクト現状#2. 設計思想（必読・全判断の基準）#ターゲットユーザー#{3}":[30,30],"#UI診断ディレクター プロジェクト現状#2. 設計思想（必読・全判断の基準）#ターゲットユーザー#{4}":[31,31],"#UI診断ディレクター プロジェクト現状#2. 設計思想（必読・全判断の基準）#ターゲットユーザー#{5}":[32,33],"#UI診断ディレクター プロジェクト現状#2. 設計思想（必読・全判断の基準）#想定利用シーン":[34,39],"#UI診断ディレクター プロジェクト現状#2. 設計思想（必読・全判断の基準）#想定利用シーン#{1}":[35,39],"#UI診断ディレクター プロジェクト現状#3. 確定した全方針（Q&A集約）":[40,83],"#UI診断ディレクター プロジェクト現状#3. 確定した全方針（Q&A集約）#基本仕様":[42,53],"#UI診断ディレクター プロジェクト現状#3. 確定した全方針（Q&A集約）#基本仕様#{1}":[43,53],"#UI診断ディレクター プロジェクト現状#3. 確定した全方針（Q&A集約）#診断仕様":[54,63],"#UI診断ディレクター プロジェクト現状#3. 確定した全方針（Q&A集約）#診断仕様#{1}":[55,63],"#UI診断ディレクター プロジェクト現状#3. 確定した全方針（Q&A集約）#出力仕様":[64,73],"#UI診断ディレクター プロジェクト現状#3. 確定した全方針（Q&A集約）#出力仕様#{1}":[65,73],"#UI診断ディレクター プロジェクト現状#3. 確定した全方針（Q&A集約）#スライド構成":[74,83],"#UI診断ディレクター プロジェクト現状#3. 確定した全方針（Q&A集約）#スライド構成#{1}":[75,83],"#UI診断ディレクター プロジェクト現状#4. ファイル構成":[84,118],"#UI診断ディレクター プロジェクト現状#4. ファイル構成#gpts-package（GPTsアップロード用）":[86,98],"#UI診断ディレクター プロジェクト現状#4. ファイル構成#gpts-package（GPTsアップロード用）#{1}":[87,98],"#UI診断ディレクター プロジェクト現状#4. ファイル構成#samples（動作確認用）":[99,105],"#UI診断ディレクター プロジェクト現状#4. ファイル構成#samples（動作確認用）#{1}":[100,100],"#UI診断ディレクター プロジェクト現状#4. ファイル構成#samples（動作確認用）#{2}":[101,101],"#UI診断ディレクター プロジェクト現状#4. ファイル構成#samples（動作確認用）#{3}":[102,102],"#UI診断ディレクター プロジェクト現状#4. ファイル構成#samples（動作確認用）#{4}":[103,103],"#UI診断ディレクター プロジェクト現状#4. ファイル構成#samples（動作確認用）#{5}":[104,105],"#UI診断ディレクター プロジェクト現状#4. ファイル構成#03_pptx_builder.py の主要関数":[106,118],"#UI診断ディレクター プロジェクト現状#4. ファイル構成#03_pptx_builder.py の主要関数#{1}":[107,118],"#UI診断ディレクター プロジェクト現状#5. フェーズロードマップ":[119,133],"#UI診断ディレクター プロジェクト現状#5. フェーズロードマップ#{1}":[121,133],"#UI診断ディレクター プロジェクト現状#6. フェーズ1.5完了内容（v4 → v5 → v6 → v7）":[134,157],"#UI診断ディレクター プロジェクト現状#6. フェーズ1.5完了内容（v4 → v5 → v6 → v7）#{1}":[136,137],"#UI診断ディレクター プロジェクト現状#6. フェーズ1.5完了内容（v4 → v5 → v6 → v7）#v7（2026-07-02） *帯リサイズ・120字対応・色ルール明確化*":[138,143],"#UI診断ディレクター プロジェクト現状#6. フェーズ1.5完了内容（v4 → v5 → v6 → v7）#v7（2026-07-02） *帯リサイズ・120字対応・色ルール明確化*#{1}":[139,139],"#UI診断ディレクター プロジェクト現状#6. フェーズ1.5完了内容（v4 → v5 → v6 → v7）#v7（2026-07-02） *帯リサイズ・120字対応・色ルール明確化*#{2}":[140,140],"#UI診断ディレクター プロジェクト現状#6. フェーズ1.5完了内容（v4 → v5 → v6 → v7）#v7（2026-07-02） *帯リサイズ・120字対応・色ルール明確化*#{3}":[141,141],"#UI診断ディレクター プロジェクト現状#6. フェーズ1.5完了内容（v4 → v5 → v6 → v7）#v7（2026-07-02） *帯リサイズ・120字対応・色ルール明確化*#{4}":[142,143],"#UI診断ディレクター プロジェクト現状#6. フェーズ1.5完了内容（v4 → v5 → v6 → v7）#v4〜v6（2026-06-29 〜 07-01） *ビジュアル強化5項目実装*":[144,150],"#UI診断ディレクター プロジェクト現状#6. フェーズ1.5完了内容（v4 → v5 → v6 → v7）#v4〜v6（2026-06-29 〜 07-01） *ビジュアル強化5項目実装*#{1}":[145,145],"#UI診断ディレクター プロジェクト現状#6. フェーズ1.5完了内容（v4 → v5 → v6 → v7）#v4〜v6（2026-06-29 〜 07-01） *ビジュアル強化5項目実装*#{2}":[146,146],"#UI診断ディレクター プロジェクト現状#6. フェーズ1.5完了内容（v4 → v5 → v6 → v7）#v4〜v6（2026-06-29 〜 07-01） *ビジュアル強化5項目実装*#{3}":[147,147],"#UI診断ディレクター プロジェクト現状#6. フェーズ1.5完了内容（v4 → v5 → v6 → v7）#v4〜v6（2026-06-29 〜 07-01） *ビジュアル強化5項目実装*#{4}":[148,148],"#UI診断ディレクター プロジェクト現状#6. フェーズ1.5完了内容（v4 → v5 → v6 → v7）#v4〜v6（2026-06-29 〜 07-01） *ビジュアル強化5項目実装*#{5}":[149,150],"#UI診断ディレクター プロジェクト現状#6. フェーズ1.5完了内容（v4 → v5 → v6 → v7）#次に取り組む候補（フェーズ2）":[151,157],"#UI診断ディレクター プロジェクト現状#6. フェーズ1.5完了内容（v4 → v5 → v6 → v7）#次に取り組む候補（フェーズ2）#{1}":[152,152],"#UI診断ディレクター プロジェクト現状#6. フェーズ1.5完了内容（v4 → v5 → v6 → v7）#次に取り組む候補（フェーズ2）#{2}":[153,153],"#UI診断ディレクター プロジェクト現状#6. フェーズ1.5完了内容（v4 → v5 → v6 → v7）#次に取り組む候補（フェーズ2）#{3}":[154,155],"#UI診断ディレクター プロジェクト現状#6. フェーズ1.5完了内容（v4 → v5 → v6 → v7）#次に取り組む候補（フェーズ2）#{4}":[156,157],"#UI診断ディレクター プロジェクト現状#7. 絶対遵守の運用ルール":[158,176],"#UI診断ディレクター プロジェクト現状#7. 絶対遵守の運用ルール#Instructions J-0「絶対実装ルール」（GPTs側）":[160,167],"#UI診断ディレクター プロジェクト現状#7. 絶対遵守の運用ルール#Instructions J-0「絶対実装ルール」（GPTs側）#{1}":[161,161],"#UI診断ディレクター プロジェクト現状#7. 絶対遵守の運用ルール#Instructions J-0「絶対実装ルール」（GPTs側）#{2}":[162,162],"#UI診断ディレクター プロジェクト現状#7. 絶対遵守の運用ルール#Instructions J-0「絶対実装ルール」（GPTs側）#{3}":[163,163],"#UI診断ディレクター プロジェクト現状#7. 絶対遵守の運用ルール#Instructions J-0「絶対実装ルール」（GPTs側）#{4}":[164,164],"#UI診断ディレクター プロジェクト現状#7. 絶対遵守の運用ルール#Instructions J-0「絶対実装ルール」（GPTs側）#{5}":[165,165],"#UI診断ディレクター プロジェクト現状#7. 絶対遵守の運用ルール#Instructions J-0「絶対実装ルール」（GPTs側）#{6}":[166,167],"#UI診断ディレクター プロジェクト現状#7. 絶対遵守の運用ルール#開発フロー":[168,176],"#UI診断ディレクター プロジェクト現状#7. 絶対遵守の運用ルール#開発フロー#{1}":[169,169],"#UI診断ディレクター プロジェクト現状#7. 絶対遵守の運用ルール#開発フロー#{2}":[170,170],"#UI診断ディレクター プロジェクト現状#7. 絶対遵守の運用ルール#開発フロー#{3}":[171,171],"#UI診断ディレクター プロジェクト現状#7. 絶対遵守の運用ルール#開発フロー#{4}":[172,172],"#UI診断ディレクター プロジェクト現状#7. 絶対遵守の運用ルール#開発フロー#{5}":[173,174],"#UI診断ディレクター プロジェクト現状#7. 絶対遵守の運用ルール#開発フロー#{6}":[175,176],"#UI診断ディレクター プロジェクト現状#8. 関連ドキュメント":[177,185],"#UI診断ディレクター プロジェクト現状#8. 関連ドキュメント#{1}":[179,179],"#UI診断ディレクター プロジェクト現状#8. 関連ドキュメント#{2}":[180,180],"#UI診断ディレクター プロジェクト現状#8. 関連ドキュメント#{3}":[181,181],"#UI診断ディレクター プロジェクト現状#8. 関連ドキュメント#{4}":[182,183],"#UI診断ディレクター プロジェクト現状#8. 関連ドキュメント#{5}":[184,185],"#UI診断ディレクター プロジェクト現状#9. 次回セッション再開時の指示テンプレート":[186,206],"#UI診断ディレクター プロジェクト現状#9. 次回セッション再開時の指示テンプレート#{1}":[188,206]},"outlinks":[],"metadata":{"tags":["#1C366C","#D0021B","#F97316"]},"task_lines":[],"tasks":{},"codeblock_ranges":[[190,198],[201,205]],"key":"PROJECT_STATE.md"},
"smart_blocks:PROJECT_STATE.md#UI診断ディレクター プロジェクト現状": {"path":null,"last_embed":{"hash":"1yzbj86","at":1782975303520},"embeddings":{"TaylorAI/bge-micro-v2":{"vec":[-0.05695735,-0.04114162,0.06809852,-0.05275282,0.00477648,0.01191159,-0.03764646,0.01928601,0.01815073,-0.00635113,-0.0373261,-0.0654186,0.06150826,0.06496625,-0.00091748,-0.04689581,0.01809116,0.0049762,-0.03383721,0.01004033,0.14040461,-0.02300105,0.01048399,-0.02913993,0.01373664,0.068378,0.00717756,-0.03135713,0.00827918,-0.16857378,-0.06775807,0.03072389,0.01098355,-0.00633017,0.01472054,-0.00288148,-0.02251369,0.06576549,-0.03792983,0.02209873,0.00547033,0.05253464,0.0335024,-0.07432065,0.055755,-0.02917706,-0.05818873,0.0030547,-0.00005631,-0.00136116,-0.01198401,0.00168234,-0.0031895,0.04770147,0.0284635,0.03823939,0.02371273,0.04237946,0.02470024,-0.00560014,0.02503974,0.04579063,-0.21734893,0.03263794,0.03091485,0.0397079,0.00158167,0.00034657,0.06217555,0.00658692,-0.05176176,0.02286517,0.00628606,0.04900514,-0.02395926,-0.01106745,-0.01156563,-0.03284748,-0.02268064,-0.04120539,0.01090848,0.03541772,0.01298332,0.01269677,0.01545873,0.01062845,-0.00033161,-0.00314593,0.01496341,0.08226674,-0.05757865,-0.08061322,0.06090079,0.04923103,-0.04843485,0.0489087,0.0330456,0.06511562,-0.0902782,0.11018711,-0.10697804,-0.00807624,0.04821625,-0.03504765,0.03202026,0.00064374,-0.00407984,-0.04292679,-0.03871554,-0.01323223,-0.0244495,0.00862188,0.00809215,-0.04769731,-0.01164602,0.00956295,0.01988325,0.00773147,-0.02214736,-0.02649098,0.04946824,0.02795747,-0.04951502,-0.03464862,-0.03862923,0.00550133,0.03792441,-0.00626318,-0.00699755,0.04421994,0.00888387,0.01147622,-0.0984164,-0.00547762,-0.01964303,0.02066972,-0.02642108,-0.0085508,-0.02754707,-0.00297354,0.01057426,-0.08185682,0.00362939,-0.10613404,-0.04744208,0.10257033,-0.06801796,0.01812178,0.0095804,-0.03756297,0.02410526,0.06298573,-0.0194259,-0.0344482,0.00021645,-0.01635342,0.01708575,0.09187643,-0.00065416,0.02905906,-0.01293039,-0.04678555,-0.05921276,0.08285407,0.07660583,-0.09213577,-0.05558623,0.03081046,0.00475032,-0.02015154,-0.03276939,0.05817819,0.01379429,-0.02783623,0.08198669,-0.00648103,0.06715258,-0.00401747,-0.06851822,0.02929248,0.00192427,-0.06235209,-0.06309226,0.01879168,-0.02369382,-0.08271215,0.01577207,-0.03809058,-0.01958363,-0.01814393,-0.09181917,0.03030449,-0.02239922,0.01446173,-0.00403203,-0.0103668,-0.00776083,-0.06043682,0.08056115,-0.02036597,0.13943771,0.0873354,-0.04734671,-0.01120462,0.00713163,0.02141915,0.01483451,-0.03040968,-0.05035958,0.05297043,-0.04368614,0.01991286,0.06800524,0.04046423,-0.00027823,-0.02292911,0.0102075,0.03319357,0.00696596,0.06192279,0.03193829,0.03079824,-0.0512646,-0.23051584,0.01509235,0.01692531,-0.07310511,-0.05143135,-0.07039528,0.00116285,-0.08967277,0.09393834,0.05221085,0.1297738,0.03877871,-0.03617705,0.01920254,-0.00382114,-0.02875507,0.0626802,0.0107554,-0.0133815,-0.02387295,0.00884848,0.02470125,0.02779744,-0.02806628,0.07415882,-0.06928408,0.11306441,-0.00423648,-0.01168976,0.01508199,0.06533097,0.05926104,-0.03492832,-0.15416069,0.05736612,0.05496452,-0.02475321,0.02927561,-0.01584397,-0.05291604,0.03784813,0.05402227,0.00923297,-0.10377055,-0.00611462,-0.04637183,0.02623492,-0.07741586,-0.06741128,0.04533652,-0.00629801,-0.01493597,0.00987333,0.05169829,-0.00206748,-0.02427148,-0.05865922,0.01056247,0.0182659,0.010478,0.00237864,0.01156045,-0.01808647,-0.01507844,0.02689282,0.01869602,0.00575557,0.0025269,0.00276206,0.01253612,0.02093266,0.09688566,-0.00591905,0.00160605,0.04372095,0.00553315,-0.0398508,-0.02266594,-0.00608054,0.00259755,-0.00311852,0.01310237,0.0230046,0.06149018,0.0169305,0.00162741,0.03900067,-0.01209707,0.02731267,0.00590546,-0.00191867,-0.00552328,-0.02855138,-0.00219591,0.0810542,0.00627255,-0.34769449,0.05549375,0.0282128,0.01255014,-0.00105681,0.01278077,0.00231238,0.01263986,-0.07810017,0.01101943,-0.03956959,0.06785991,0.0637468,-0.01115129,0.01733709,-0.02053012,0.05881285,0.01422301,0.04558566,-0.05091359,-0.02075343,0.06638228,0.18781385,-0.01046302,0.04185353,-0.04522929,0.00037856,0.03948356,0.04696063,0.0343842,-0.047238,-0.0097101,0.10865271,0.03585416,0.01017005,0.03595435,-0.01132432,0.00594413,-0.02266316,-0.00406428,-0.07114495,0.00804143,-0.03466669,-0.00002831,0.09121379,0.00733744,-0.04835354,-0.06479126,0.00732143,0.02317941,-0.00879642,-0.05542392,-0.04003025,-0.01697443,0.05389748,0.03409993,0.01669727,-0.00376187,-0.03393061,0.00991274,-0.00603598,0.00644082,0.04746183,0.01413424,0.01484106],"last_embed":{"tokens":448,"hash":"1yzbj86"}}},"text":null,"length":0,"last_read":{"hash":"1yzbj86","at":1782975303520},"key":"PROJECT_STATE.md#UI診断ディレクター プロジェクト現状","lines":[1,206],"size":5610,"outlinks":[],"class_name":"SmartBlock"},
"smart_blocks:PROJECT_STATE.md#UI診断ディレクター プロジェクト現状#{1}": {"path":null,"last_embed":{"hash":null},"embeddings":{},"text":null,"length":0,"last_read":{"hash":"1wqav97","at":1782975294683},"key":"PROJECT_STATE.md#UI診断ディレクター プロジェクト現状#{1}","lines":[3,9],"size":124,"outlinks":[],"class_name":"SmartBlock"},
"smart_blocks:PROJECT_STATE.md#UI診断ディレクター プロジェクト現状#1. プロダクト概要": {"path":null,"last_embed":{"hash":"1w5tldk","at":1782975303613},"embeddings":{"TaylorAI/bge-micro-v2":{"vec":[-0.0433154,-0.02566205,0.04107476,-0.05051069,-0.00705325,0.04674139,-0.02414397,0.02607255,0.0091795,0.01468179,-0.02665597,-0.07690739,0.05882822,0.09784772,-0.00080637,-0.03426528,0.00721441,0.03090653,-0.01259532,0.00239327,0.16025639,-0.03997019,0.03015024,-0.02680108,0.00004764,0.06976239,-0.0034309,-0.03372955,0.00670151,-0.16194436,-0.07272848,0.01246604,0.06007353,-0.01331166,0.01297505,-0.00702594,-0.02689819,0.07784247,-0.04150757,0.01705473,0.02625014,0.00657775,0.02383862,-0.07585067,0.04789503,-0.04206235,-0.06505334,0.0168573,0.001748,-0.00996528,-0.01891605,-0.01138773,0.01043345,0.02983272,0.01041297,0.03118801,0.0395221,0.05084622,0.00518838,-0.01388591,0.01705016,0.03291285,-0.20988168,0.04282599,0.04586982,0.0546957,0.00510127,-0.00124541,0.05054798,-0.01680037,-0.05502252,0.0555374,0.02404974,0.02717406,-0.02122072,0.00957925,0.00064959,-0.00763695,0.00245356,-0.04220017,0.00616041,0.04588064,-0.02684292,0.00380047,0.03672154,0.01626883,-0.00816369,0.02180161,0.03779114,0.0611086,-0.05532295,-0.09611639,0.05167453,0.05579385,-0.04389147,0.04236875,0.02011659,0.05284435,-0.06744064,0.1433389,-0.08796187,-0.02430338,0.05389081,-0.02667821,0.02581021,0.00031565,0.01951836,-0.02981774,-0.02712226,0.03662389,-0.03390763,0.01137094,-0.00600956,-0.03800223,0.0106745,-0.00075698,0.02626844,-0.00335788,-0.01772465,-0.03109765,0.03209803,0.0324614,-0.06341872,-0.02403995,-0.03925075,-0.02310618,0.0332595,-0.0128848,0.01390566,0.05318277,0.00320461,0.03230508,-0.10354698,-0.01303241,-0.01242339,0.02922849,-0.00574405,0.00813786,-0.05077702,0.0360274,0.0190756,-0.08006939,0.01411392,-0.08215979,-0.03881921,0.09974016,-0.05255894,0.02554145,-0.01672701,-0.03118885,0.01586859,0.05125916,-0.01905136,-0.00158305,0.00759546,-0.03199395,0.00069777,0.10288157,-0.00767468,0.01509243,-0.03304787,-0.01482826,-0.04689294,0.11180051,0.10102455,-0.08183213,-0.06734529,0.02227733,0.00288359,-0.02526147,-0.02397849,0.06059674,0.00895804,-0.02658677,0.08014459,-0.0043836,0.03623689,-0.01086574,-0.06278487,0.03542028,0.02899336,-0.06087725,-0.06553838,-0.00348397,-0.0273689,-0.08836198,0.00443305,-0.02982723,-0.02398954,-0.00878946,-0.10014673,0.03143528,-0.04234312,0.01343389,-0.00381389,-0.03487696,-0.01158364,-0.07567005,0.05881566,-0.01270887,0.14015825,0.05574214,-0.03159609,0.00862907,-0.01118396,0.0132243,0.01415543,-0.03362884,-0.02729522,0.02828951,-0.05998407,-0.00786308,0.04733459,0.04399197,-0.02417301,-0.0385801,-0.00700817,0.0448853,0.01710384,0.07307604,0.0015845,0.0483133,-0.05162224,-0.2311521,0.0065831,0.01914943,-0.07387208,-0.05551218,-0.06289178,0.01788883,-0.0866995,0.06534435,0.0550577,0.1309388,0.03790713,-0.02105425,0.01930639,0.00256767,-0.02921584,0.03947337,0.01108894,-0.0066365,-0.01823045,0.0221814,0.01885419,0.03070984,-0.02685914,0.09649756,-0.02987439,0.12386585,0.02021341,0.01146156,0.00346382,0.07127799,0.05626334,-0.04318424,-0.16333389,0.06070402,0.05336923,0.00278883,0.03823532,-0.00289994,-0.04041309,0.02099162,0.03043017,0.01339588,-0.09496454,0.01608966,-0.03426829,0.03776186,-0.05758425,-0.05142769,0.03913464,-0.03274053,-0.01974003,0.03659153,0.05442886,-0.0147319,-0.029052,-0.0615154,-0.00347405,0.01646235,0.00662395,-0.01146671,0.02510761,-0.0207472,-0.03999994,0.02568677,0.0102709,-0.01129465,0.00202598,0.01718942,0.01041085,0.00895192,0.07910956,-0.02003239,0.00425599,0.04727249,-0.0182076,-0.01988784,-0.0364104,-0.02579581,0.02082617,-0.02275027,-0.00263485,0.00607304,0.02865062,0.00619022,0.03435874,0.04357906,-0.05123487,0.03535686,-0.00657525,0.03244134,-0.01828272,-0.023118,-0.00743352,0.07943156,0.00517904,-0.32739571,0.05503395,0.0267457,0.01325937,0.00140217,0.00988401,-0.00564278,-0.04796858,-0.05106898,0.02699136,-0.01487567,0.05466526,0.04845356,-0.04401163,0.00439807,-0.00778705,0.07684182,-0.02017438,0.07887536,-0.02518194,-0.00598947,0.07276914,0.19381154,-0.01287201,0.0287207,-0.05018761,-0.01971905,0.01917439,0.04500371,0.02941183,-0.04324292,-0.01349263,0.08644629,0.040074,0.03832628,0.05347201,-0.00416159,0.01195496,-0.03080652,0.01691587,-0.08778544,0.00623645,-0.08661795,0.02649369,0.05359907,-0.00345496,-0.06007189,-0.07640362,-0.01917437,0.00046109,0.00687908,-0.05546109,-0.04631546,-0.00976669,0.01985274,0.04102051,-0.00709324,0.01769637,-0.05255365,-0.01554237,-0.00089639,0.01800122,0.0802031,0.02783068,-0.0021615],"last_embed":{"tokens":216,"hash":"1w5tldk"}}},"text":null,"length":0,"last_read":{"hash":"1w5tldk","at":1782975303613},"key":"PROJECT_STATE.md#UI診断ディレクター プロジェクト現状#1. プロダクト概要","lines":[10,21],"size":243,"outlinks":[],"class_name":"SmartBlock"},
"smart_blocks:PROJECT_STATE.md#UI診断ディレクター プロジェクト現状#1. プロダクト概要#{1}": {"path":null,"last_embed":{"hash":"agwdil","at":1782975303658},"embeddings":{"TaylorAI/bge-micro-v2":{"vec":[-0.0398341,-0.0260086,0.036775,-0.05074114,-0.00683647,0.0476302,-0.02252425,0.02779647,0.00751709,0.0122412,-0.0229766,-0.07430331,0.05657805,0.10034896,-0.00310587,-0.03283503,0.00641031,0.0306987,-0.01201487,0.00293429,0.16175102,-0.04298554,0.0310944,-0.02791304,0.00019807,0.0674125,-0.00472269,-0.03804266,0.00630896,-0.16307214,-0.06892675,0.01360923,0.0598171,-0.01413443,0.01273216,-0.00805809,-0.02548506,0.07829105,-0.04250386,0.01572257,0.02750864,0.00525694,0.02458016,-0.07004311,0.04736446,-0.03948282,-0.06325928,0.01701996,0.0033095,-0.01273975,-0.01866961,-0.01042162,0.01063297,0.03002317,0.00874792,0.02763795,0.03645338,0.05385985,0.00516132,-0.01279628,0.01800091,0.03264621,-0.21028128,0.04510846,0.04398378,0.05224594,0.00751256,-0.00033678,0.04950145,-0.01812079,-0.05494696,0.0538465,0.0234722,0.02344871,-0.0235648,0.0114509,0.00238466,-0.00736657,0.00386663,-0.03831169,0.00883219,0.04523546,-0.02530555,0.00233157,0.03595081,0.01626773,-0.00810262,0.02162389,0.03488895,0.05767484,-0.05385938,-0.09755091,0.05427115,0.05411435,-0.04248588,0.03988587,0.0210838,0.05480814,-0.07067104,0.14294694,-0.08905467,-0.02340163,0.05180032,-0.02344779,0.02475409,0.00019385,0.01915363,-0.03094602,-0.02550998,0.03797391,-0.0336205,0.01326368,-0.00356774,-0.03544534,0.01247309,-0.00018356,0.02685297,-0.0016782,-0.01387058,-0.03094671,0.02848596,0.03119867,-0.06584667,-0.02503166,-0.04230634,-0.02602551,0.03821218,-0.01154445,0.01492488,0.05482903,0.00293977,0.03037145,-0.10496036,-0.01614672,-0.00899369,0.03084618,-0.00559755,0.01332618,-0.0505484,0.03496056,0.01460251,-0.07958874,0.0153317,-0.08314601,-0.03766667,0.09986593,-0.05102706,0.0206999,-0.01540819,-0.03615842,0.01422578,0.05230216,-0.01879605,-0.00049941,0.00464988,-0.03192575,0.0029577,0.10069853,-0.00874828,0.01158075,-0.03304861,-0.01466066,-0.04707391,0.11378203,0.10612467,-0.08315693,-0.06885105,0.02159255,0.00228162,-0.02563228,-0.01952597,0.05676892,0.00919886,-0.02563108,0.0795862,-0.0070334,0.03390074,-0.00743677,-0.05954913,0.03628515,0.02980999,-0.06127589,-0.06107963,-0.00482679,-0.0292965,-0.08776835,0.00732057,-0.03173092,-0.02034633,-0.01256722,-0.10168698,0.03065834,-0.04463019,0.01501094,-0.00410675,-0.03201746,-0.01373149,-0.07307583,0.05736356,-0.01380317,0.13687095,0.05165269,-0.03038613,0.00615591,-0.01214812,0.00967086,0.01247137,-0.03647596,-0.02745969,0.02809227,-0.05565203,-0.00600769,0.04498287,0.04314218,-0.02817562,-0.03639302,-0.00962749,0.04704092,0.01747325,0.07389186,0.0027104,0.05035923,-0.05143082,-0.23143385,0.00105943,0.02092696,-0.07420235,-0.0548966,-0.06660956,0.01594572,-0.08551548,0.06941058,0.06070599,0.13343516,0.04233789,-0.02200879,0.01893155,0.0064094,-0.02679597,0.03630862,0.01776798,-0.00307581,-0.0166577,0.02484997,0.02072914,0.02960529,-0.02647738,0.09790248,-0.02935898,0.12567425,0.01649255,0.01501276,0.00339737,0.06990646,0.05820158,-0.04488845,-0.16207224,0.05811555,0.05803442,0.0091523,0.0404838,-0.0016804,-0.04251752,0.02406502,0.03332949,0.01400318,-0.09543815,0.01753514,-0.03587948,0.04037226,-0.05671327,-0.05480112,0.03867386,-0.03224201,-0.02013458,0.03769577,0.05479999,-0.01538451,-0.03317621,-0.06340659,-0.00318032,0.01463718,0.00409919,-0.01343019,0.02334468,-0.02108643,-0.0436442,0.02582907,0.00939907,-0.00945055,0.00240775,0.0172413,0.00965905,0.00998727,0.07847835,-0.01805493,0.00972491,0.04334201,-0.02307892,-0.02057721,-0.03693999,-0.02779188,0.02252856,-0.02394688,0.00014702,0.00360655,0.02712655,0.00588455,0.03548632,0.04581046,-0.05146895,0.03701687,-0.0021926,0.0343048,-0.01454482,-0.02310095,-0.00674104,0.08268841,0.00645987,-0.32716519,0.05596261,0.018875,0.01243719,0.00302887,0.00986612,-0.00741353,-0.04527113,-0.05322229,0.02932945,-0.01679418,0.05374559,0.04909806,-0.04404752,0.00300009,-0.00595259,0.0765354,-0.02133725,0.07390075,-0.02391187,-0.00333773,0.07526284,0.19139107,-0.01017861,0.03099777,-0.05178763,-0.02101818,0.01512906,0.04265348,0.02411248,-0.03790637,-0.01577368,0.08580513,0.03845773,0.04457872,0.05800511,-0.00598547,0.01270522,-0.03229968,0.01481284,-0.087625,0.00571672,-0.08547828,0.02754522,0.0512009,-0.00349302,-0.06518308,-0.07563495,-0.0218763,-0.00030194,0.01065345,-0.05434699,-0.04618068,-0.01107916,0.01786712,0.04059587,-0.00690949,0.01754197,-0.05430409,-0.0154663,-0.00063014,0.0155363,0.07540028,0.0277497,-0.00443217],"last_embed":{"tokens":215,"hash":"agwdil"}}},"text":null,"length":0,"last_read":{"hash":"agwdil","at":1782975303658},"key":"PROJECT_STATE.md#UI診断ディレクター プロジェクト現状#1. プロダクト概要#{1}","lines":[12,21],"size":228,"outlinks":[],"class_name":"SmartBlock"},
"smart_blocks:PROJECT_STATE.md#UI診断ディレクター プロジェクト現状#2. 設計思想（必読・全判断の基準）": {"path":null,"last_embed":{"hash":"haelg2","at":1782975303712},"embeddings":{"TaylorAI/bge-micro-v2":{"vec":[-0.08604651,-0.00062542,0.05502722,-0.029673,-0.00835872,0.02874971,-0.01917916,0.02190841,0.01308918,0.0219803,-0.02818123,-0.06721313,0.05523004,0.07165438,0.02954135,-0.02391845,0.00826164,0.00044509,-0.01424302,0.03059305,0.16597155,-0.0095645,0.02156289,-0.01519077,0.00762988,0.07668626,-0.01043332,-0.02043121,0.00675645,-0.16304143,-0.06266479,-0.03760963,0.03850231,-0.0034393,0.05137114,-0.03416619,-0.04134035,0.05587658,-0.02586901,0.0131384,-0.00286666,0.04648092,0.0406399,-0.07792713,0.03039346,-0.03959191,-0.06814612,-0.01750294,-0.00909076,0.00308979,-0.01195358,-0.01630523,0.01629329,0.03865248,0.00485224,0.02832786,0.05674901,0.06687592,0.0055701,0.01417245,0.0214289,0.0256083,-0.20707303,0.03545912,0.06796082,0.05733272,-0.02530935,-0.02273392,0.05508029,0.01204069,-0.0707323,0.0352386,0.01717867,0.05393282,-0.01110642,-0.0372539,0.02349705,-0.02847875,0.00056833,-0.07045348,-0.00291472,0.06067117,-0.01732984,0.02712503,0.02881043,0.0193055,0.0086417,0.02174392,0.05169911,0.0810895,-0.02844805,-0.0549867,0.03390905,0.06330441,-0.01877457,0.03984529,0.0070351,0.05931075,-0.03837107,0.1217078,-0.08039738,-0.0254961,0.04532751,-0.03046535,-0.00108461,-0.00653087,0.01661255,-0.02174479,-0.0139168,0.02073731,-0.03443533,0.01614454,-0.01276269,-0.04580406,0.00990085,-0.01529601,0.00635754,-0.01407445,-0.02430753,-0.03047438,0.06972921,0.04260182,-0.0554008,-0.03644542,-0.01645942,-0.02400909,0.05449146,-0.01216365,0.00043903,0.05723431,-0.00519084,0.01006716,-0.08523752,0.01006669,-0.02279488,-0.00222656,-0.03126955,-0.00936922,-0.0222154,0.01438413,0.03496103,-0.07883736,0.00696181,-0.10531011,-0.03707901,0.10807468,-0.04996848,0.03450802,-0.02140393,0.00100671,0.00602943,0.06571186,-0.0577887,-0.03334102,-0.00326554,-0.01013492,-0.00394446,0.08492956,-0.03334796,0.01345638,-0.01657346,-0.01886895,-0.02484311,0.09857187,0.06378457,-0.07296342,-0.02891611,0.04107491,0.00117114,-0.02662291,-0.05309859,0.0583195,-0.00785188,-0.03949349,0.0777216,0.0090645,0.02420387,-0.01378143,-0.07089499,0.04832007,0.02992007,-0.04513656,-0.06196424,-0.00332543,-0.03509976,-0.0706004,0.01454863,-0.01139516,-0.04219101,0.00185065,-0.08697675,0.04764732,-0.02192654,0.00587712,-0.02158875,-0.02485563,0.03826731,-0.06259327,0.03666351,0.01068773,0.15603007,0.05191401,-0.03170527,0.00766744,0.00734525,0.02860768,0.00583888,-0.01809672,-0.00704497,0.02591252,-0.07876436,0.00942694,0.06352819,0.0241904,-0.00681911,-0.01617848,-0.00580125,0.03105097,0.03200943,0.09782842,-0.00497663,0.01730499,-0.0696663,-0.23859978,0.02907157,-0.00519357,-0.07085454,-0.06461447,-0.0311787,-0.01228733,-0.07350533,0.0510234,0.02953005,0.1245134,0.03293464,-0.04860066,-0.00135173,-0.00643036,-0.06181251,0.04431671,-0.02448264,-0.04034007,-0.01022069,-0.00607175,-0.01437227,0.05086815,-0.02397225,0.06395907,-0.03839175,0.10339058,0.0042886,0.00252651,0.01701572,0.08554095,0.05713647,-0.02842291,-0.15112236,0.05419413,0.03886285,-0.04810455,0.00179658,-0.02548904,-0.06886484,0.02246981,0.02742168,0.00882783,-0.08323094,-0.00140688,-0.04006877,0.03109022,-0.07084433,-0.03252984,0.03311873,0.00374921,-0.01281868,0.03122604,0.05916771,-0.00903325,0.0164549,-0.03569772,0.01826975,0.00538847,0.00345768,0.01037836,0.03747392,-0.02476528,-0.01270394,0.00348722,0.02817428,-0.01559887,0.0010294,0.02300631,0.03070958,-0.01421829,0.12189025,-0.01686887,-0.03765691,0.05066393,0.01446676,-0.04176011,-0.0349542,-0.00414002,0.00804474,0.04321885,0.02036063,0.02245052,0.04185494,0.01820911,0.01638666,0.05501119,-0.05179956,0.01125569,-0.0020371,-0.00091525,-0.03377924,-0.03719036,-0.00114107,0.04118895,-0.02442404,-0.33371115,0.00417035,0.03769459,0.02236974,0.00511963,-0.0374957,0.01682851,-0.05037681,-0.06136662,0.0046197,0.0003905,0.06270444,0.06094777,-0.06286443,0.04642138,0.01149715,0.0511342,0.00349815,0.07748158,-0.01407593,-0.00842415,0.04031696,0.19578734,-0.0178622,0.05310946,-0.02908527,-0.01952326,0.05889085,0.06561708,0.06574273,-0.05516446,-0.02826642,0.10891216,0.05406865,-0.00880897,0.0032966,0.00600997,-0.00178977,-0.00808808,0.01153797,-0.08756386,-0.00400243,-0.07067686,0.01289018,0.09242669,0.00472067,-0.03671113,-0.07549046,-0.04172883,-0.00342753,-0.03405875,-0.05004617,-0.02725098,-0.00280852,0.04844843,0.06964045,-0.01917716,-0.00820028,-0.03640602,-0.01608643,-0.00591052,0.02886221,0.05075717,0.02966051,0.03162365],"last_embed":{"tokens":292,"hash":"haelg2"}}},"text":null,"length":0,"last_read":{"hash":"haelg2","at":1782975303712},"key":"PROJECT_STATE.md#UI診断ディレクター プロジェクト現状#2. 設計思想（必読・全判断の基準）","lines":[22,39],"size":337,"outlinks":[],"class_name":"SmartBlock"},
"smart_blocks:PROJECT_STATE.md#UI診断ディレクター プロジェクト現状#2. 設計思想（必読・全判断の基準）#コア価値": {"path":null,"last_embed":{"hash":null},"embeddings":{},"text":null,"length":0,"last_read":{"hash":"1kvad5u","at":1782975294683},"key":"PROJECT_STATE.md#UI診断ディレクター プロジェクト現状#2. 設計思想（必読・全判断の基準）#コア価値","lines":[24,26],"size":38,"outlinks":[],"class_name":"SmartBlock"},
"smart_blocks:PROJECT_STATE.md#UI診断ディレクター プロジェクト現状#2. 設計思想（必読・全判断の基準）#コア価値#{1}": {"path":null,"last_embed":{"hash":null},"embeddings":{},"text":null,"length":0,"last_read":{"hash":"17hlkxp","at":1782975294683},"key":"PROJECT_STATE.md#UI診断ディレクター プロジェクト現状#2. 設計思想（必読・全判断の基準）#コア価値#{1}","lines":[25,26],"size":29,"outlinks":[],"class_name":"SmartBlock"},
"smart_blocks:PROJECT_STATE.md#UI診断ディレクター プロジェクト現状#2. 設計思想（必読・全判断の基準）#ターゲットユーザー": {"path":null,"last_embed":{"hash":null},"embeddings":{},"text":null,"length":0,"last_read":{"hash":"1h7vqmr","at":1782975294683},"key":"PROJECT_STATE.md#UI診断ディレクター プロジェクト現状#2. 設計思想（必読・全判断の基準）#ターゲットユーザー","lines":[27,33],"size":168,"outlinks":[],"class_name":"SmartBlock"},
"smart_blocks:PROJECT_STATE.md#UI診断ディレクター プロジェクト現状#2. 設計思想（必読・全判断の基準）#ターゲットユーザー#{1}": {"path":null,"last_embed":{"hash":null},"embeddings":{},"text":null,"length":0,"last_read":{"hash":"qmszk8","at":1782975294683},"key":"PROJECT_STATE.md#UI診断ディレクター プロジェクト現状#2. 設計思想（必読・全判断の基準）#ターゲットユーザー#{1}","lines":[28,28],"size":23,"outlinks":[],"class_name":"SmartBlock"},
"smart_blocks:PROJECT_STATE.md#UI診断ディレクター プロジェクト現状#2. 設計思想（必読・全判断の基準）#ターゲットユーザー#{2}": {"path":null,"last_embed":{"hash":null},"embeddings":{},"text":null,"length":0,"last_read":{"hash":"11uovh7","at":1782975294683},"key":"PROJECT_STATE.md#UI診断ディレクター プロジェクト現状#2. 設計思想（必読・全判断の基準）#ターゲットユーザー#{2}","lines":[29,29],"size":30,"outlinks":[],"class_name":"SmartBlock"},
"smart_blocks:PROJECT_STATE.md#UI診断ディレクター プロジェクト現状#2. 設計思想（必読・全判断の基準）#ターゲットユーザー#{3}": {"path":null,"last_embed":{"hash":null},"embeddings":{},"text":null,"length":0,"last_read":{"hash":"l59hs4","at":1782975294683},"key":"PROJECT_STATE.md#UI診断ディレクター プロジェクト現状#2. 設計思想（必読・全判断の基準）#ターゲットユーザー#{3}","lines":[30,30],"size":30,"outlinks":[],"class_name":"SmartBlock"},
"smart_blocks:PROJECT_STATE.md#UI診断ディレクター プロジェクト現状#2. 設計思想（必読・全判断の基準）#ターゲットユーザー#{4}": {"path":null,"last_embed":{"hash":null},"embeddings":{},"text":null,"length":0,"last_read":{"hash":"6410o9","at":1782975294683},"key":"PROJECT_STATE.md#UI診断ディレクター プロジェクト現状#2. 設計思想（必読・全判断の基準）#ターゲットユーザー#{4}","lines":[31,31],"size":33,"outlinks":[],"class_name":"SmartBlock"},
"smart_blocks:PROJECT_STATE.md#UI診断ディレクター プロジェクト現状#2. 設計思想（必読・全判断の基準）#ターゲットユーザー#{5}": {"path":null,"last_embed":{"hash":null},"embeddings":{},"text":null,"length":0,"last_read":{"hash":"16tsdil","at":1782975294683},"key":"PROJECT_STATE.md#UI診断ディレクター プロジェクト現状#2. 設計思想（必読・全判断の基準）#ターゲットユーザー#{5}","lines":[32,33],"size":34,"outlinks":[],"class_name":"SmartBlock"},
"smart_blocks:PROJECT_STATE.md#UI診断ディレクター プロジェクト現状#2. 設計思想（必読・全判断の基準）#想定利用シーン": {"path":null,"last_embed":{"hash":null},"embeddings":{},"text":null,"length":0,"last_read":{"hash":"x5eg36","at":1782975294683},"key":"PROJECT_STATE.md#UI診断ディレクター プロジェクト現状#2. 設計思想（必読・全判断の基準）#想定利用シーン","lines":[34,39],"size":106,"outlinks":[],"class_name":"SmartBlock"},
"smart_blocks:PROJECT_STATE.md#UI診断ディレクター プロジェクト現状#2. 設計思想（必読・全判断の基準）#想定利用シーン#{1}": {"path":null,"last_embed":{"hash":null},"embeddings":{},"text":null,"length":0,"last_read":{"hash":"wrh98w","at":1782975294683},"key":"PROJECT_STATE.md#UI診断ディレクター プロジェクト現状#2. 設計思想（必読・全判断の基準）#想定利用シーン#{1}","lines":[35,39],"size":94,"outlinks":[],"class_name":"SmartBlock"},
"smart_blocks:PROJECT_STATE.md#UI診断ディレクター プロジェクト現状#3. 確定した全方針（Q&A集約）": {"path":null,"last_embed":{"hash":"1cpiat9","at":1782975303769},"embeddings":{"TaylorAI/bge-micro-v2":{"vec":[-0.0737393,-0.01291676,0.04484854,-0.05592737,-0.00446494,0.03386395,-0.02665481,0.02037098,0.0402623,0.0289496,-0.02073769,-0.10323253,0.03384271,0.07266027,0.013321,-0.02789009,0.00684562,0.03709242,-0.04530234,0.02226067,0.1533314,-0.02614489,-0.00405594,-0.057043,0.0297826,0.06766069,-0.00368653,-0.02944115,0.00781487,-0.18500057,-0.07611351,0.00787311,0.05359497,-0.00782229,0.01603774,-0.01286197,-0.03786132,0.0689273,-0.02227881,0.01137943,0.01350953,0.04964768,0.04367666,-0.07866727,0.00475384,-0.04874616,-0.08712405,0.01461397,-0.01027661,-0.00373915,0.00372711,0.0033508,0.01975033,0.04070808,0.00395181,0.05279548,0.07556039,0.05721355,0.00162967,-0.01343494,-0.00015813,0.04734297,-0.22761865,0.02238596,0.06720246,0.05248846,0.01315283,-0.0079357,0.04407009,-0.00223282,-0.07661518,0.03652076,0.02883543,0.07698464,-0.02584628,-0.02772404,0.03628529,-0.03822511,0.00016856,-0.05631902,-0.01992959,0.05053155,-0.05658441,0.01709376,0.05851342,0.00708933,0.01024919,0.03221003,0.01778574,0.06472271,-0.03629495,-0.08928886,0.04082936,0.05600797,-0.01011305,0.02640573,0.01503531,0.04682885,-0.05867587,0.11379562,-0.03009598,-0.00218935,0.05574758,-0.03155217,0.02787107,-0.00100354,0.00950402,-0.04921612,-0.07568166,0.0004467,-0.04324032,0.03148181,0.02299164,-0.02918653,-0.02129489,0.00507201,0.00610471,-0.01266995,-0.00238283,-0.03466769,0.03284115,0.0270372,-0.04538293,-0.03328077,-0.03651754,-0.00988809,0.01734485,-0.02323289,-0.03177559,0.08150876,-0.00486614,0.01621167,-0.08843888,-0.01854355,-0.05183315,0.01212283,-0.02665489,-0.00309314,-0.0423503,-0.00562801,-0.00570403,-0.07264567,0.01467035,-0.08379581,-0.03596595,0.08637082,-0.08577789,0.00901554,0.01558933,-0.02541234,0.01153532,0.05027762,-0.02737991,-0.02125226,-0.02057385,-0.01854603,0.0173096,0.09371226,-0.01496727,0.01598664,-0.01329137,-0.04475991,-0.05107328,0.11569201,0.05666798,-0.05064834,-0.02957461,0.04800359,0.01778526,-0.0179239,-0.03946849,0.07942361,0.00921952,-0.02999219,0.10138903,0.00391623,0.04826605,0.01547665,-0.01844248,0.02203044,0.04383215,-0.07774398,-0.05885955,0.01211926,-0.01961396,-0.08310027,0.02372291,-0.0027933,-0.02839599,-0.01872422,-0.05693467,0.05532084,-0.03712831,0.02146688,-0.02790423,-0.05230151,0.00124857,-0.06002035,0.03870383,-0.01564607,0.17109907,0.04394552,-0.0211556,0.01099103,0.00459204,0.04186438,0.01347853,-0.02480841,-0.01570276,0.03694353,-0.05430166,0.01782099,0.07150912,0.02606061,0.01817732,-0.03176926,-0.00826106,0.04576032,-0.00070565,0.04707841,0.00338288,0.0193489,-0.06459641,-0.22704642,-0.00563906,0.02697004,-0.06862649,-0.05407566,-0.03057812,0.00831059,-0.04971857,0.05955469,0.03879566,0.11510038,0.04265101,-0.04973202,0.0228405,-0.01079508,-0.04645195,0.05243108,-0.00342169,-0.01750899,-0.01896756,0.00213802,0.00798618,0.00773399,-0.01653263,0.07549028,-0.05403245,0.11742467,-0.00234785,-0.00575858,0.02198947,0.07483602,0.03854975,-0.02326965,-0.10396594,0.05047917,0.06971802,-0.03271187,0.02629724,-0.02591914,-0.05013873,0.02805096,0.05023218,0.0251265,-0.07016338,0.03844085,-0.04675259,0.06501816,-0.0613142,-0.04659466,0.04797658,-0.0277119,0.00927262,0.02330793,0.05432197,-0.00733601,-0.02300395,-0.06562015,-0.01333338,0.00959062,0.02612622,-0.01912389,0.00983326,-0.0095971,-0.02550943,-0.00376539,0.03143589,-0.010605,-0.00320544,0.02784022,0.01515007,0.01715882,0.09816597,0.00041167,-0.02518582,0.03975488,-0.00231593,-0.02471642,0.01354317,-0.01066412,-0.01398238,0.00697433,0.03788112,-0.00279206,0.0097384,0.03149473,-0.00077213,0.08116151,-0.02033865,0.05233056,-0.0050978,-0.00408434,-0.02272245,-0.00313477,0.0047322,0.08562391,-0.00894158,-0.35034797,0.00770358,0.01294516,0.02056972,-0.0054799,-0.02231751,0.01075978,-0.05447035,-0.07350225,0.02512885,-0.02877651,0.04117678,0.0554116,-0.07982778,0.01404045,-0.02320902,0.06108465,-0.0123394,0.0660675,0.01097864,-0.0147586,0.04473089,0.18225148,-0.00740277,0.02737633,-0.02269118,-0.02097598,0.03132703,0.04185896,0.06404487,-0.04530782,-0.00104448,0.1106854,0.0187451,0.00902931,0.05065823,0.02050518,0.01366206,-0.03726057,-0.00688697,-0.07753651,-0.00050642,-0.06704078,0.02371394,0.07350924,0.00178929,-0.0218486,-0.06188575,-0.01018845,-0.00636317,-0.04781718,-0.01991186,-0.03435783,-0.04047111,0.05537661,0.03485503,-0.03105082,-0.00676505,-0.00700024,-0.01834722,-0.00106966,-0.00345022,0.05230097,0.03261167,0.02147582],"last_embed":{"tokens":439,"hash":"1cpiat9"}}},"text":null,"length":0,"last_read":{"hash":"1cpiat9","at":1782975303769},"key":"PROJECT_STATE.md#UI診断ディレクター プロジェクト現状#3. 確定した全方針（Q&A集約）","lines":[40,83],"size":1325,"outlinks":[],"class_name":"SmartBlock"},
"smart_blocks:PROJECT_STATE.md#UI診断ディレクター プロジェクト現状#3. 確定した全方針（Q&A集約）#基本仕様": {"path":null,"last_embed":{"hash":null},"embeddings":{},"text":null,"length":0,"last_read":{"hash":"pjshtm","at":1782975294683},"key":"PROJECT_STATE.md#UI診断ディレクター プロジェクト現状#3. 確定した全方針（Q&A集約）#基本仕様","lines":[42,53],"size":378,"outlinks":[],"class_name":"SmartBlock"},
"smart_blocks:PROJECT_STATE.md#UI診断ディレクター プロジェクト現状#3. 確定した全方針（Q&A集約）#基本仕様#{1}": {"path":null,"last_embed":{"hash":"xywew8","at":1782975303880},"embeddings":{"TaylorAI/bge-micro-v2":{"vec":[-0.06913327,-0.00454865,0.03502551,-0.05535664,0.0025528,0.03043407,-0.02359962,0.02240369,0.02297971,0.03214992,-0.01276898,-0.09551985,0.0316432,0.05720165,0.01313228,-0.02478742,0.00912694,0.02869349,-0.03570871,0.03171123,0.1486502,-0.0200159,-0.014402,-0.05095759,0.0393373,0.06372803,-0.01039882,-0.03833951,0.01033449,-0.1824103,-0.08044637,0.01141629,0.0434894,-0.01878219,0.02112369,-0.01329396,-0.0441182,0.06398059,-0.02583417,-0.00082226,0.01642942,0.04527263,0.05501795,-0.06684271,0.00803283,-0.04913679,-0.08253034,0.01187958,0.00112946,-0.02117388,0.0060921,0.01648825,0.01577048,0.02567143,0.02324413,0.05918116,0.06748742,0.05009707,-0.01470093,-0.00928046,0.00319229,0.04686503,-0.22213572,0.03020686,0.05854018,0.04687511,0.01858809,-0.00902682,0.0413031,0.00053293,-0.07692213,0.03391758,0.01888154,0.08140884,-0.02701132,-0.01430068,0.03550812,-0.05281604,0.00340103,-0.06338834,-0.02225415,0.04718439,-0.06291295,0.01438893,0.05121028,0.00579428,0.00887975,0.02950116,0.01361872,0.07042494,-0.04336771,-0.10376033,0.04397895,0.04328722,-0.01718884,0.0267151,0.00956941,0.04792767,-0.07014595,0.11048512,-0.02945452,-0.01106969,0.05177639,-0.03214096,0.04325914,-0.00209455,0.0233436,-0.04241943,-0.08004018,0.01115165,-0.03668748,0.03042259,0.01632225,-0.02469427,-0.02483421,0.0174094,0.00272009,-0.01311219,-0.00668863,-0.03935253,0.03228755,0.02601041,-0.04763735,-0.02787925,-0.03190819,-0.02081333,0.02264945,-0.01923563,-0.03102828,0.08627817,-0.00456077,0.01564174,-0.08609874,-0.01598753,-0.04037863,0.0094869,-0.02135568,0.00621693,-0.03108338,-0.00900324,-0.010295,-0.06628508,0.01195761,-0.08454731,-0.03505731,0.06901077,-0.0873942,0.00855118,0.00196638,-0.02213499,0.01098854,0.05636005,-0.0276504,-0.01693532,-0.01893981,-0.02049305,0.0162414,0.10004054,-0.00761154,0.01745011,-0.01136716,-0.03793339,-0.047474,0.10586593,0.05852904,-0.06503099,-0.02274426,0.04619329,0.03174198,-0.01397973,-0.03910658,0.07785501,0.0245576,-0.03687577,0.08939834,0.00019999,0.04751927,0.02544308,-0.00958038,0.02284996,0.03337323,-0.08482245,-0.05594023,0.00719084,-0.01565068,-0.08687536,0.03286721,0.00374456,-0.01343411,-0.02244559,-0.05218577,0.05793432,-0.03876778,0.02842924,-0.02875118,-0.052281,-0.00573893,-0.06449559,0.04160546,-0.01635802,0.16783415,0.03823057,-0.01891206,0.01426229,0.0066478,0.03774981,0.00941016,-0.02189724,-0.01351301,0.043026,-0.06187486,0.03311206,0.07418985,0.02917028,0.0097086,-0.02587756,0.00008097,0.04704431,-0.00300798,0.04827543,0.00315158,0.02643149,-0.07019596,-0.23339704,-0.00130885,0.01702505,-0.06703144,-0.04817405,-0.02460171,0.01566694,-0.05349899,0.0767758,0.02821188,0.11922621,0.04006945,-0.04575526,0.02515437,-0.00739763,-0.0314926,0.04787432,-0.00826621,-0.01637811,-0.01859103,-0.0185062,0.00845947,0.00070637,-0.00508327,0.07788414,-0.06016745,0.12465167,0.00455825,0.00209417,0.01517699,0.08112292,0.04222545,-0.0177686,-0.11513634,0.05449409,0.07923888,-0.02328973,0.03570149,-0.02367008,-0.04489361,0.04445739,0.03865748,0.01662149,-0.06659962,0.03529303,-0.05006304,0.07358712,-0.0657383,-0.05232722,0.04446301,-0.02169702,0.01879664,0.01021113,0.05695798,-0.01522516,-0.01672506,-0.07711096,-0.01346375,0.00477807,0.03792732,-0.01049443,0.00936013,-0.0212792,-0.02779405,0.00339956,0.0346003,-0.02016317,-0.01354236,0.03677194,0.01401445,0.00852235,0.09429237,0.00071745,-0.03343635,0.03882176,-0.0076698,-0.03288256,0.00241482,-0.00144138,-0.01348965,0.00943677,0.04076463,0.0076579,-0.00206243,0.04018938,-0.00136918,0.06441558,-0.02024115,0.07335672,0.00402024,-0.0091585,-0.01225569,-0.00947157,-0.00618722,0.09127993,-0.01783773,-0.34459734,-0.0008238,0.01739685,0.02286407,-0.01634275,-0.0216304,0.00802383,-0.06725243,-0.08480702,0.03776616,-0.02426513,0.04610623,0.05601618,-0.07971015,0.01967837,-0.0189319,0.07194,-0.01126705,0.06408184,0.0036594,-0.02876665,0.03724067,0.17656876,-0.0039682,0.03462745,-0.02171256,-0.02296412,0.03264038,0.02938582,0.07371427,-0.03900459,0.00153393,0.11413901,0.0131112,0.00153581,0.04591521,0.02782075,0.00586878,-0.02827741,-0.01507101,-0.07584049,0.00268595,-0.06267442,0.00639433,0.0682606,0.01536238,-0.02601003,-0.05380201,-0.01648147,-0.01455683,-0.05779157,-0.01952302,-0.0390293,-0.03957431,0.04732741,0.03577578,-0.03276134,-0.00264733,-0.00063425,-0.0155336,0.00566023,-0.00425549,0.0487095,0.02644739,0.02701929],"last_embed":{"tokens":287,"hash":"xywew8"}}},"text":null,"length":0,"last_read":{"hash":"xywew8","at":1782975303880},"key":"PROJECT_STATE.md#UI診断ディレクター プロジェクト現状#3. 確定した全方針（Q&A集約）#基本仕様#{1}","lines":[43,53],"size":369,"outlinks":[],"class_name":"SmartBlock"},
"smart_blocks:PROJECT_STATE.md#UI診断ディレクター プロジェクト現状#3. 確定した全方針（Q&A集約）#診断仕様": {"path":null,"last_embed":{"hash":null},"embeddings":{},"text":null,"length":0,"last_read":{"hash":"1ga6hv5","at":1782975294683},"key":"PROJECT_STATE.md#UI診断ディレクター プロジェクト現状#3. 確定した全方針（Q&A集約）#診断仕様","lines":[54,63],"size":309,"outlinks":[],"class_name":"SmartBlock"},
"smart_blocks:PROJECT_STATE.md#UI診断ディレクター プロジェクト現状#3. 確定した全方針（Q&A集約）#診断仕様#{1}": {"path":null,"last_embed":{"hash":"13ijd4p","at":1782975303946},"embeddings":{"TaylorAI/bge-micro-v2":{"vec":[-0.08693109,-0.01060982,0.05059207,-0.01764648,-0.03139134,0.03020717,-0.00674173,0.002467,0.01956586,0.03621358,-0.02309147,-0.08131093,0.0519124,0.05160539,0.02405444,-0.01968254,0.02374914,0.00596732,-0.01738826,0.00784307,0.16445714,-0.00235554,-0.00068853,-0.02665683,0.01826456,0.06710473,0.00875798,-0.02853728,-0.00449588,-0.16610055,-0.07222677,-0.00015194,0.04592423,-0.02537803,0.00706123,-0.01663744,-0.04961958,0.0596958,-0.02241237,0.02541107,-0.0057889,0.06015444,0.05750634,-0.11072356,-0.00369748,-0.04110852,-0.07873369,0.00940795,0.01680765,0.00420999,-0.01567808,-0.00540353,0.00971069,0.05052952,-0.00428681,0.03889899,0.0595913,0.08892477,-0.00387802,-0.00044195,0.01974209,0.03309111,-0.20813142,0.02337279,0.04986015,0.03922836,-0.00323439,-0.03033767,0.04455727,0.03859217,-0.07606667,0.04779619,0.013072,0.06000785,0.00151445,-0.04303587,0.01011903,-0.01809258,0.00296502,-0.06431314,-0.01875616,0.04247965,-0.06028583,0.05057618,0.02350564,0.03781951,0.01606534,0.03521383,0.02172475,0.06717052,-0.05191535,-0.07633532,0.0218778,0.06531627,-0.03931373,0.0386669,0.02327286,0.06325726,-0.03659379,0.12331375,-0.04486408,-0.006511,0.01874891,-0.04895785,0.01202514,-0.00892788,0.01535837,-0.03614634,-0.02342408,0.0138771,-0.03103475,0.0234058,0.00307516,-0.07140886,-0.02559901,-0.00835125,0.02644815,0.00599573,-0.02470922,-0.0441255,0.0557602,0.04147986,-0.01202362,-0.03271078,0.00026746,-0.0126702,0.04108947,-0.0040448,0.00542336,0.05900365,0.01692822,0.00148268,-0.1139021,0.00829769,-0.07019296,-0.00119551,-0.03176016,-0.04668475,-0.03999483,-0.0057608,0.02055209,-0.07362992,0.00592435,-0.08329741,-0.07164645,0.1174901,-0.0851346,0.03249495,-0.00691808,-0.02327593,0.01136837,0.07050634,-0.03514056,-0.02374598,0.00660675,-0.02668415,-0.00168605,0.0846299,-0.04052318,0.02034116,-0.02360637,-0.02131287,-0.05073551,0.09349326,0.03120808,-0.02536622,-0.02741763,0.04640047,0.00809553,0.00263536,-0.03269867,0.05289217,-0.02339985,-0.02479069,0.09234031,0.03254811,0.03904828,0.01040171,-0.05883909,0.03746356,0.01082464,-0.05461374,-0.05905245,-0.01876115,-0.02305668,-0.068779,0.02842047,0.01632873,-0.04656576,-0.01679073,-0.0820052,0.05814115,-0.00929015,0.00582512,-0.05649789,-0.04756963,0.03682999,-0.0523109,0.0486372,-0.0068415,0.1595796,0.06407757,-0.04457465,0.03556553,0.0035689,0.00505024,-0.00440915,-0.03857835,0.00312451,0.03761315,-0.0465321,0.00505846,0.06235866,-0.01427657,0.0014873,-0.02048279,0.01683142,0.01617202,-0.00172249,0.07745654,0.01641896,0.01177049,-0.06296787,-0.23500758,0.01878889,0.00282579,-0.06288056,-0.05158957,-0.01654483,-0.0146388,-0.04779436,0.03627028,0.03026496,0.09261178,0.02001146,-0.07403147,0.01884613,0.01242861,-0.04880925,0.06065473,-0.01082247,-0.03311543,-0.01968835,-0.00450721,-0.00928063,0.01725451,-0.04554466,0.09271476,-0.06451653,0.10253713,-0.01972739,0.00635119,0.01973595,0.0783012,0.04658863,-0.04044046,-0.10432987,0.06508641,0.05528655,-0.04882687,0.01935038,-0.02969944,-0.05938321,0.00322462,0.03430055,-0.00750053,-0.08263189,0.0317356,-0.06036495,0.03262212,-0.03332536,-0.01455499,0.02207072,-0.00489382,-0.00691634,-0.00422212,0.04912967,-0.01021108,0.00587116,-0.05694593,0.00869129,0.03003917,0.0253961,-0.02456703,0.03803926,0.00285663,-0.03985875,-0.00779945,0.01939954,-0.00393355,0.01402628,0.02503775,0.04912236,-0.01816343,0.09739982,-0.01152792,-0.021784,0.0481951,0.00755452,-0.03365704,-0.00878189,0.02397069,0.01255288,0.04229065,0.00255921,-0.00282503,0.01285714,0.02482824,0.01636739,0.06489357,-0.01260246,0.05222744,-0.00596124,0.0129641,-0.05527972,-0.01990665,-0.00564775,0.07292736,-0.01967733,-0.34219685,0.0287555,0.04145374,0.00440312,0.01860612,0.00322856,0.02090937,-0.05487713,-0.05970889,0.00161047,-0.01876273,0.061083,0.04964233,-0.07020624,0.04097653,-0.01401667,0.05021689,-0.00938575,0.09000935,-0.01683386,-0.01871723,0.04413604,0.19630989,-0.01928242,0.03921576,-0.02885446,-0.04683264,0.04393693,0.05788267,0.0211854,-0.03883409,-0.02790926,0.12301707,0.04587008,0.01464682,0.0237022,0.01142695,0.01156571,-0.02209448,0.03890975,-0.05127842,0.01481844,-0.0822119,0.0290038,0.09376805,0.00441882,-0.03342017,-0.07030529,-0.01585501,0.02016997,-0.02063019,-0.00769772,-0.03030424,-0.00113656,0.05879489,0.0510459,-0.02975809,-0.00930106,-0.04985899,-0.02730163,-0.01523168,0.01966911,0.04314453,0.04667285,0.0423495],"last_embed":{"tokens":279,"hash":"13ijd4p"}}},"text":null,"length":0,"last_read":{"hash":"13ijd4p","at":1782975303946},"key":"PROJECT_STATE.md#UI診断ディレクター プロジェクト現状#3. 確定した全方針（Q&A集約）#診断仕様#{1}","lines":[55,63],"size":300,"outlinks":[],"class_name":"SmartBlock"},
"smart_blocks:PROJECT_STATE.md#UI診断ディレクター プロジェクト現状#3. 確定した全方針（Q&A集約）#出力仕様": {"path":null,"last_embed":{"hash":null},"embeddings":{},"text":null,"length":0,"last_read":{"hash":"bvqsgk","at":1782975294683},"key":"PROJECT_STATE.md#UI診断ディレクター プロジェクト現状#3. 確定した全方針（Q&A集約）#出力仕様","lines":[64,73],"size":364,"outlinks":[],"class_name":"SmartBlock"},
"smart_blocks:PROJECT_STATE.md#UI診断ディレクター プロジェクト現状#3. 確定した全方針（Q&A集約）#出力仕様#{1}": {"path":null,"last_embed":{"hash":"7ub7c","at":1782975304013},"embeddings":{"TaylorAI/bge-micro-v2":{"vec":[-0.07881963,0.0278595,0.03730582,-0.03725708,-0.00942875,0.02936955,-0.04571134,0.00058763,0.01964334,0.00629498,0.00592857,-0.0796814,0.06219633,0.02120649,0.03097341,-0.0091841,0.00554084,0.00420359,0.01031414,0.01730978,0.14353226,-0.0241116,-0.01142527,-0.03151171,0.00965271,0.06222575,-0.0045608,-0.02110885,0.00775642,-0.19068246,-0.08078969,-0.00774969,0.009428,-0.01982255,-0.00312545,-0.01621551,-0.04418023,0.07091982,-0.0379305,0.0296555,0.01411947,0.0631007,0.04560532,-0.06767216,0.02978567,-0.05029372,-0.06604256,-0.00049754,0.0187501,-0.01348483,-0.03454541,0.01899612,0.01323137,0.03602093,-0.01643323,0.035754,0.05963993,0.06304283,-0.01536728,0.01538049,0.0160486,0.04422219,-0.21634439,0.03407776,0.06390445,0.04323778,-0.01919235,-0.0212951,0.04463113,0.02406299,-0.09529162,0.06445207,0.01970566,0.06027801,-0.02321583,-0.02499956,0.00221103,-0.03749269,-0.0081926,-0.02980251,-0.02578838,0.02710588,-0.05789868,0.02610699,0.02283978,0.00559209,0.04225811,0.03316969,0.01925949,0.0764455,-0.03683022,-0.08011033,0.01290018,0.0500244,-0.03047246,0.06042993,0.04006174,0.06568886,-0.03284683,0.13013104,-0.09045175,-0.01964149,0.01489027,-0.00708914,0.02726179,-0.00887042,0.03620627,-0.01121926,-0.04181743,0.00143172,-0.00893693,0.01929944,0.00548668,-0.06436408,-0.02590213,-0.01048498,0.01226156,-0.04146297,-0.03127197,-0.03025205,0.06078453,0.02971635,-0.01710268,-0.01340127,-0.00945572,-0.02303762,0.04256479,-0.02047029,-0.00622009,0.07008442,0.01849533,0.04572984,-0.11056104,-0.00341485,-0.00942309,-0.00873044,-0.0330461,-0.0024165,-0.02682512,-0.01718805,-0.0040993,-0.07025842,-0.00217809,-0.08178381,-0.04684536,0.10406312,-0.05916132,0.04354099,-0.00519032,-0.00311103,0.00711268,0.06954236,-0.04403791,-0.00031198,0.00210407,-0.04592008,0.02411732,0.06586268,-0.0057458,0.04348711,-0.01511591,-0.02432521,-0.03548401,0.09525457,0.06168994,-0.05565024,-0.02386769,0.03718824,0.03469056,-0.0193569,-0.04736864,0.04488649,0.00999933,-0.05850362,0.045793,0.02640665,0.01814897,0.00239361,-0.00952675,0.03716964,0.03091799,-0.04389343,-0.05770052,-0.01056169,-0.04351933,-0.09339387,0.02767782,0.00604546,-0.03444772,-0.00594698,-0.0812753,0.07489452,-0.02896429,0.02035787,-0.0308712,-0.04794907,0.0017833,-0.03996043,0.05732284,-0.01966145,0.16424428,0.05448112,-0.03019148,0.01322135,-0.02523374,0.00330222,-0.00429671,-0.02902236,0.00288226,0.02248229,-0.05159926,0.00602704,0.06972829,0.04456982,-0.0358781,-0.00224412,-0.015186,0.0229551,0.00763251,0.09523875,-0.01534554,0.03938219,-0.06867158,-0.23375928,0.0407317,-0.0035968,-0.07555895,-0.03406861,-0.03165838,-0.01408181,-0.05715284,0.02147238,0.02495255,0.09978002,0.01780759,-0.05360328,0.02290633,0.01533971,-0.06117295,0.02793354,-0.02158054,-0.01447559,-0.03850492,-0.00144871,-0.02090646,-0.01329558,-0.0204878,0.08728401,-0.05857507,0.10954532,-0.02240314,0.00913074,0.0213277,0.07329358,0.03875078,-0.03972134,-0.15487649,0.05552834,0.07951451,-0.0480161,0.03439545,-0.02694151,-0.03218986,0.05708205,0.02782719,0.00214582,-0.08535337,0.02212251,-0.06236831,0.05838815,-0.03246488,-0.02598907,0.03714666,0.00148289,0.00996863,0.01405388,0.02479434,-0.0168246,-0.04890904,-0.02660149,0.02763985,0.00912902,0.01556594,0.00542843,0.01424046,-0.0023205,-0.00119727,-0.01218847,0.02766777,-0.01967568,-0.00588892,0.05591183,0.04501343,0.00761578,0.12045701,-0.02006041,-0.03403119,0.03186071,0.00819585,-0.00557053,-0.02133459,-0.00393302,-0.01024987,0.00805245,0.02609255,0.01641456,0.00574438,0.01857174,0.00093753,0.04245395,-0.01269619,0.05037653,-0.01421829,0.00222676,-0.01414163,-0.01040364,-0.03233328,0.08183867,0.0069529,-0.33061537,-0.00295145,0.02849894,-0.00643326,-0.00039476,0.00758529,0.01878351,-0.0656134,-0.07038164,0.00951029,0.00076034,0.07952167,0.05894472,-0.07496182,0.02600077,-0.00644792,0.08078726,-0.00979448,0.08056845,-0.01671107,-0.02050625,0.01857333,0.19855401,0.02039144,0.03602808,-0.03697543,-0.02435749,0.04670877,0.04545332,0.05859914,-0.05244774,-0.00043747,0.11474581,0.01229037,0.01688931,0.02696742,0.02155661,0.02564482,-0.03763169,0.03018572,-0.06495529,0.00446631,-0.07530605,0.01109083,0.07435347,0.00509999,-0.06049455,-0.06662461,-0.04507503,-0.00199958,-0.04890652,-0.01520831,-0.01287321,-0.02252721,0.05422109,0.05346639,-0.00378145,-0.00066181,-0.02591529,-0.01167833,0.03509992,0.00223463,0.07472438,0.04309667,0.04498614],"last_embed":{"tokens":332,"hash":"7ub7c"}}},"text":null,"length":0,"last_read":{"hash":"7ub7c","at":1782975304013},"key":"PROJECT_STATE.md#UI診断ディレクター プロジェクト現状#3. 確定した全方針（Q&A集約）#出力仕様#{1}","lines":[65,73],"size":355,"outlinks":[],"class_name":"SmartBlock"},
"smart_blocks:PROJECT_STATE.md#UI診断ディレクター プロジェクト現状#3. 確定した全方針（Q&A集約）#スライド構成": {"path":null,"last_embed":{"hash":null},"embeddings":{},"text":null,"length":0,"last_read":{"hash":"es7dpk","at":1782975294683},"key":"PROJECT_STATE.md#UI診断ディレクター プロジェクト現状#3. 確定した全方針（Q&A集約）#スライド構成","lines":[74,83],"size":249,"outlinks":[],"class_name":"SmartBlock"},
"smart_blocks:PROJECT_STATE.md#UI診断ディレクター プロジェクト現状#3. 確定した全方針（Q&A集約）#スライド構成#{1}": {"path":null,"last_embed":{"hash":"1srefdr","at":1782975304080},"embeddings":{"TaylorAI/bge-micro-v2":{"vec":[-0.10027958,-0.00803143,0.03599589,-0.03145006,-0.00491727,0.01489092,-0.02102458,-0.01014703,0.00360986,0.04452842,-0.02828841,-0.06650478,0.06381043,0.03207673,0.03505154,0.00051162,0.0076784,0.00744112,-0.02527539,0.02390944,0.1437342,-0.00960307,-0.00354315,-0.01428139,0.0356163,0.04744506,0.00255859,-0.03517342,-0.00051475,-0.17269199,-0.06913628,-0.01092127,0.03250748,-0.01497782,0.00600372,-0.02689213,-0.06452717,0.07141799,-0.01276469,0.01788383,-0.00200068,0.06368043,0.03292383,-0.09741805,-0.00210472,-0.04245899,-0.05379792,-0.00405662,0.02794993,-0.01581636,-0.03391641,-0.00118394,-0.00282981,0.02969058,0.00176835,0.03570259,0.06442104,0.07170434,-0.00469797,0.015865,0.01461399,0.04812394,-0.19596811,0.02060839,0.04946667,0.02547656,-0.01027817,-0.04726937,0.02704348,0.07635116,-0.07707991,0.04991697,0.02518209,0.07189349,0.00887573,-0.04325925,0.00839999,-0.02157173,-0.00252363,-0.06591801,-0.03278664,0.04541155,-0.07639759,0.03068018,0.01879619,0.02748844,0.02281431,0.02499202,0.01782639,0.08169165,-0.04348807,-0.07096606,0.01138737,0.06303202,-0.03507052,0.03679255,0.02830965,0.06703582,-0.03506454,0.13183747,-0.06000368,-0.02297768,0.02620063,-0.0352809,0.01984738,-0.01138575,0.0297316,-0.02881888,-0.02110939,0.01454053,-0.01965059,0.00598934,-0.00236931,-0.05916281,-0.03026095,-0.01693332,0.04338712,-0.01255302,-0.01826903,-0.06403464,0.07101808,0.05654206,-0.00701966,-0.04280718,-0.00919955,-0.02948199,0.04748148,-0.00894278,0.02474592,0.06520897,0.00459875,0.01610914,-0.12163702,0.00486977,-0.06784032,-0.00624894,-0.04091667,-0.01396023,-0.04259928,-0.03713977,0.0228334,-0.07793417,0.00857496,-0.09579414,-0.03521923,0.09873177,-0.06102597,0.04202066,-0.01352687,-0.02075525,0.0141583,0.07293201,-0.04530974,-0.01091206,0.01583636,-0.0152244,0.00353107,0.06759093,-0.02325143,0.01612168,-0.03039187,-0.02377802,-0.05307155,0.08341043,0.04333437,-0.0406484,-0.02288051,0.03395814,0.01805001,-0.00384387,-0.03446362,0.06096948,-0.00901517,-0.03386674,0.07962574,0.04419767,0.0301382,-0.02515618,-0.05539818,0.04215631,0.02723166,-0.04108362,-0.06002581,-0.02791743,-0.02645995,-0.07292029,0.03001038,0.01865401,-0.04100968,0.00089416,-0.08315177,0.07700749,-0.03411571,0.00009536,-0.07071194,-0.03047565,0.03008805,-0.06003587,0.07294188,-0.00448729,0.13731524,0.06356447,-0.02631583,0.03239067,-0.01079263,0.00956873,-0.01840094,-0.03493189,-0.00694946,0.03300344,-0.06098121,-0.01004234,0.06315812,0.0011442,0.00289919,-0.014629,-0.00133784,0.01878944,0.00642154,0.08975965,0.00078119,0.00841732,-0.06250096,-0.22679722,0.03031601,-0.0004542,-0.08493461,-0.03833381,-0.02152567,0.00958035,-0.06439917,0.03381391,0.01925076,0.11848349,0.00180883,-0.0690513,0.02104005,0.0098158,-0.04545183,0.05484767,-0.03534361,-0.0212889,-0.02427649,-0.00062727,-0.01203165,0.00357882,-0.03818362,0.0980999,-0.05926394,0.10322005,-0.01107304,-0.00214717,0.00729617,0.06242716,0.04045725,-0.02788267,-0.12382495,0.07585082,0.03066999,-0.04253601,0.01424753,-0.03712593,-0.04655683,0.03532403,0.02834355,0.00039495,-0.08564735,0.02031838,-0.0474279,0.03336295,-0.03648628,-0.00460202,0.00961344,0.00391035,0.00198677,-0.01627394,0.05275897,-0.00288188,-0.00137468,-0.04598515,0.02070778,0.00869013,0.02436877,0.00429537,0.028803,-0.01510938,-0.01604942,0.00294099,0.03585748,-0.02146313,0.00096778,0.03482735,0.04808771,-0.01285232,0.09027439,-0.02570906,-0.02210742,0.05581167,0.01329764,-0.01681958,-0.02900614,0.01556221,0.00454156,0.02798023,-0.01712485,0.02331238,0.01583818,0.02594393,-0.00047894,0.0531922,-0.00639597,0.05656598,0.0072069,0.01831513,-0.04102746,-0.01787308,-0.03116007,0.08670577,-0.02780449,-0.334032,0.02146108,0.04020328,0.02172366,0.00684976,-0.00985336,0.0079636,-0.0705092,-0.06099289,0.03151624,-0.02470196,0.06941582,0.0689946,-0.05228357,0.02267009,-0.00736368,0.06671676,-0.0031702,0.09740958,-0.02630763,-0.01145838,0.02102672,0.21693529,-0.00363772,0.04038982,-0.02376432,-0.02743199,0.05208497,0.03605984,0.05983103,-0.03664994,-0.02152194,0.11186253,0.04138725,0.00415245,0.02447536,0.01826772,0.01220718,-0.01207918,0.04307799,-0.06363191,0.02737648,-0.08500582,0.00369671,0.09758769,-0.00402274,-0.04100005,-0.04896137,-0.0100816,-0.00948046,-0.04218892,-0.02307099,-0.02764664,-0.00434572,0.03342656,0.06405372,-0.00643561,-0.00260805,-0.05312236,-0.00537799,0.00733152,0.02143242,0.07488977,0.05335655,0.05590931],"last_embed":{"tokens":221,"hash":"1srefdr"}}},"text":null,"length":0,"last_read":{"hash":"1srefdr","at":1782975304080},"key":"PROJECT_STATE.md#UI診断ディレクター プロジェクト現状#3. 確定した全方針（Q&A集約）#スライド構成#{1}","lines":[75,83],"size":238,"outlinks":[],"class_name":"SmartBlock"},
"smart_blocks:PROJECT_STATE.md#UI診断ディレクター プロジェクト現状#4. ファイル構成": {"path":null,"last_embed":{"hash":"7xeppy","at":1782975304130},"embeddings":{"TaylorAI/bge-micro-v2":{"vec":[-0.02544341,0.0203633,0.04847322,-0.04389358,0.00777579,0.07359764,-0.05506905,0.03208492,0.00935432,-0.01368019,-0.01292002,-0.07003804,0.02067871,0.05973111,-0.00939789,-0.00741531,-0.00128326,0.00270741,0.01888172,-0.01204816,0.15182546,-0.03453963,-0.02304563,-0.05018757,0.00088929,0.0773804,0.01469268,-0.03441292,0.00002246,-0.18539204,-0.05483199,-0.00033097,0.02233268,-0.03596079,0.02415968,-0.03915534,-0.04695451,0.057338,-0.05382069,-0.00037957,0.00459123,0.03322468,-0.00060171,-0.05903086,0.04578789,-0.06069069,-0.0725093,-0.00083303,0.00786212,-0.02191035,-0.03256037,-0.00130014,0.02879284,0.0144033,-0.02737662,-0.00866221,0.07587991,0.0564654,0.00735339,0.0154151,0.02704738,0.05217717,-0.23149453,0.05618917,0.05022655,0.05096375,-0.03276204,-0.04220774,0.06966743,0.00650683,-0.07193833,0.04504184,0.00790293,0.06416285,-0.04244294,-0.0153582,0.02075849,-0.02216211,0.00114298,-0.02470694,-0.01127534,0.05551529,-0.01106486,0.01363294,0.03049163,-0.00424252,-0.00495422,0.0477709,0.02335646,0.07181886,-0.01976063,-0.09489979,0.00129448,0.04593367,-0.04760233,0.03926039,0.01193921,0.03972363,-0.03069262,0.1171802,-0.09237556,-0.03961698,0.00312382,0.03308192,0.01518626,-0.00395761,0.00669797,-0.02199128,-0.03432578,0.00416785,-0.01546024,-0.00217449,0.0037917,-0.04022453,-0.01109648,0.00750427,0.00502138,-0.02148858,-0.00070273,-0.01777919,0.04287685,-0.02205395,0.01193282,-0.02094555,-0.0054246,-0.01153105,0.04063575,-0.01030057,0.01912685,0.07961465,0.02539266,0.0574174,-0.0829076,0.01108682,0.00006741,0.0394848,-0.01200999,-0.00784932,-0.02928747,0.01303254,-0.02602623,-0.04548451,0.00327783,-0.0598284,-0.04053758,0.10065079,-0.07681947,0.05944011,-0.02764802,-0.03435015,0.02103667,0.05296453,-0.02023523,-0.02547966,-0.01844175,-0.01484892,0.02727097,0.05475977,-0.02944951,-0.00043731,-0.03534324,-0.00174741,-0.03587082,0.13714813,0.09485777,-0.04915239,-0.04604585,-0.01281341,0.01665576,-0.04261045,-0.01307244,0.0754549,0.00062776,-0.02305393,0.0340279,0.00163101,0.02836808,0.01286562,-0.05221288,0.0481306,0.06646492,-0.03508715,-0.08928175,-0.00213057,-0.02986942,-0.05549144,0.02078296,-0.02755094,-0.01414521,-0.00805335,-0.09460073,0.04822607,-0.00106258,-0.00763737,-0.02273591,-0.01982447,-0.03824515,-0.07881428,0.03986884,-0.02994534,0.16720991,0.04199778,-0.00518231,0.00002191,-0.00874291,0.02526667,-0.00257985,-0.03510211,-0.00241337,0.02222015,-0.04410575,0.02180091,0.084713,0.03049394,-0.02826728,-0.00840054,-0.006779,0.04609478,0.00047679,0.07556854,0.00857429,0.03079438,-0.06084761,-0.24825542,-0.0062471,0.02990139,-0.04297024,-0.06126906,-0.00530151,-0.01566778,-0.03042881,0.05715968,0.07119649,0.13203764,0.04106258,-0.0541271,-0.00274792,-0.00908479,-0.01957072,0.0474679,-0.00549157,-0.02416147,-0.04502402,0.00926167,-0.03383316,0.00683979,-0.03027907,0.05436885,-0.04724463,0.12585524,-0.01109227,0.00244794,0.00801441,0.07522298,0.05158686,-0.04320615,-0.15080264,0.08710146,0.066114,-0.05205476,0.04362251,-0.00861488,-0.06752172,-0.00203284,0.03209486,-0.01597105,-0.10222428,-0.01642564,-0.06419079,0.05311954,-0.00050214,-0.04415043,0.0622071,0.01048558,-0.00216028,0.0432414,0.027016,0.0008053,-0.03930761,-0.0486446,-0.02084161,-0.01290501,-0.00145545,-0.01843913,0.02136672,0.00864771,-0.02773762,-0.01028446,0.00076493,-0.0175741,-0.00619724,0.07330904,0.02281657,-0.00152518,0.09621454,-0.02624881,-0.02432417,0.01762363,0.01111114,-0.01298625,-0.06942479,-0.03421464,-0.02402562,-0.03286672,0.06492295,0.02820274,0.01057354,0.03797009,0.02576469,0.04740287,-0.01771005,0.04840942,0.01206546,0.01275042,0.01712883,-0.00012336,-0.0145154,0.09345946,0.01609045,-0.32202819,0.00775442,0.01801809,0.0184283,-0.00431419,-0.03236716,0.02480973,-0.0409953,-0.03857389,-0.01037363,-0.0318304,0.05249934,0.03988364,-0.07100376,0.02342887,-0.00033971,0.07302513,-0.02897079,0.08275627,-0.01478082,-0.02106685,0.03708636,0.20172173,0.00779016,0.02064384,-0.00457936,0.0247846,0.0262171,0.06851491,0.05109004,-0.03006654,0.0162323,0.07990123,0.01898698,0.03941324,0.08062849,0.0053792,0.01045839,-0.0287149,0.0449626,-0.02796863,-0.00762544,-0.05447815,0.01393234,0.07694878,-0.0000051,-0.06280606,-0.06092156,-0.03037189,-0.01534974,-0.03321355,-0.03212569,0.00239557,-0.01800732,0.00824233,0.04126888,-0.00449029,-0.00314074,-0.01839242,-0.01459998,0.01995382,-0.04078637,0.07418802,0.0511344,0.01750607],"last_embed":{"tokens":429,"hash":"7xeppy"}}},"text":null,"length":0,"last_read":{"hash":"7xeppy","at":1782975304130},"key":"PROJECT_STATE.md#UI診断ディレクター プロジェクト現状#4. ファイル構成","lines":[84,118],"size":1252,"outlinks":[],"class_name":"SmartBlock"},
"smart_blocks:PROJECT_STATE.md#UI診断ディレクター プロジェクト現状#4. ファイル構成#gpts-package（GPTsアップロード用）": {"path":null,"last_embed":{"hash":null},"embeddings":{},"text":null,"length":0,"last_read":{"hash":"g4liz0","at":1782975294683},"key":"PROJECT_STATE.md#UI診断ディレクター プロジェクト現状#4. ファイル構成#gpts-package（GPTsアップロード用）","lines":[86,98],"size":608,"outlinks":[],"class_name":"SmartBlock"},
"smart_blocks:PROJECT_STATE.md#UI診断ディレクター プロジェクト現状#4. ファイル構成#gpts-package（GPTsアップロード用）#{1}": {"path":null,"last_embed":{"hash":"d07tui","at":1782975304240},"embeddings":{"TaylorAI/bge-micro-v2":{"vec":[-0.01622684,0.02503604,0.05110879,-0.03842472,0.01509858,0.07788787,-0.05623703,0.03345224,0.00953012,-0.01975217,-0.00332273,-0.0679127,0.01696939,0.05000668,-0.00568369,-0.00978413,-0.00355136,0.00286691,0.02258586,-0.00413323,0.14893489,-0.03430942,-0.02725792,-0.05734666,0.00697181,0.08023827,0.00861976,-0.03817144,-0.01106266,-0.18424317,-0.05707217,-0.00771122,0.00834144,-0.02942976,0.01410296,-0.03475367,-0.04334882,0.06672128,-0.053326,-0.00521989,0.00226959,0.03719696,-0.0023144,-0.05867177,0.03573542,-0.07120509,-0.07680482,-0.00141464,0.00958191,-0.02966284,-0.02958567,0.01501078,0.0371387,0.01124529,-0.03648971,-0.00998833,0.06704731,0.06005401,0.00097538,0.00660921,0.0305954,0.05803861,-0.23059712,0.05935222,0.05497702,0.04551615,-0.03180575,-0.03319753,0.07650509,0.00495612,-0.07859053,0.04252203,0.00218831,0.0578515,-0.04939361,-0.01513969,0.01901825,-0.02698779,-0.00144328,-0.0154608,-0.01090162,0.05544874,-0.01902863,0.00943397,0.03020109,-0.00880091,-0.00634929,0.04810197,0.01820868,0.06132537,-0.02092512,-0.09725183,0.00749064,0.03586476,-0.05062668,0.04597964,0.01206682,0.040339,-0.03630279,0.11797166,-0.08974141,-0.0424302,-0.00194583,0.04967183,0.01986188,0.00647469,0.00922541,-0.01921969,-0.03925458,0.00477883,-0.0166321,-0.003881,0.01519743,-0.02874851,-0.00900362,0.01576782,-0.0033678,-0.01913746,-0.00150463,-0.00713117,0.03774315,-0.02086277,0.01292708,-0.01563303,-0.00845002,-0.01739021,0.0407078,-0.01527155,0.02054125,0.08167493,0.01921877,0.06512995,-0.07724717,0.00619976,0.00819278,0.04545519,-0.01148979,0.00068037,-0.03399312,0.00941009,-0.02908989,-0.04102048,0.00391601,-0.05337435,-0.03018213,0.09080761,-0.08031815,0.04991532,-0.02117489,-0.03375717,0.02335605,0.04862777,-0.02462154,-0.02476407,-0.0300622,-0.0193386,0.02694278,0.04768349,-0.03372766,-0.00299666,-0.03630896,-0.00245516,-0.04117527,0.13796729,0.09954556,-0.04969263,-0.04403746,-0.01695202,0.02447288,-0.05510768,-0.01125672,0.07133547,0.01115952,-0.02231091,0.03400367,-0.00003087,0.02388062,0.0168938,-0.05145114,0.0491452,0.07554395,-0.03651523,-0.07947933,-0.00710276,-0.0332976,-0.04763829,0.01714011,-0.03075704,-0.01071918,-0.01646325,-0.0933442,0.05598548,-0.01493432,-0.01956892,-0.01266227,-0.01700512,-0.04422285,-0.07044277,0.03828411,-0.0251856,0.16158377,0.03423054,-0.00438787,0.00528414,-0.01540273,0.0218097,-0.00033499,-0.03727395,-0.00114363,0.01171651,-0.03899117,0.0213409,0.09439364,0.02198672,-0.03328362,-0.00105513,-0.00965285,0.04770208,-0.00833298,0.07236754,0.01240669,0.03988552,-0.0615613,-0.24809884,-0.01110437,0.02653912,-0.05371847,-0.05378886,-0.00365801,-0.00869623,-0.02816376,0.05506166,0.07412383,0.13487729,0.03348598,-0.05570013,-0.00814758,-0.00381962,-0.0137773,0.04215594,-0.00077713,-0.03145441,-0.04688178,0.00777065,-0.03104104,-0.01346041,-0.03389285,0.05404824,-0.0401656,0.13254602,-0.00749345,0.00386885,0.00170535,0.08242697,0.05801287,-0.0521188,-0.1522502,0.08709685,0.07029795,-0.03883172,0.05122536,0.00197359,-0.05669099,-0.00645788,0.03360641,-0.02133785,-0.09345546,-0.00849409,-0.06994785,0.0631486,0.01091745,-0.0397242,0.05597584,0.00812682,-0.00925888,0.04161729,0.02171199,0.00160252,-0.04985888,-0.04248844,-0.01564836,-0.01105132,-0.00493542,-0.01240191,0.01924367,0.00861457,-0.0232178,-0.01393679,-0.00357117,-0.01980267,-0.00867312,0.07117129,0.02296525,0.01028061,0.08462378,-0.02922724,-0.02244615,0.01637613,0.01712176,-0.00869253,-0.0617667,-0.04011597,-0.0274937,-0.03102985,0.07489771,0.03716373,0.00635819,0.03548377,0.01272761,0.04061856,-0.01291466,0.05028621,0.0172746,0.01409646,0.02648234,0.00108046,-0.00888808,0.10298831,0.01125638,-0.32041103,0.01222875,0.0184387,0.00754138,-0.00741418,-0.03343806,0.02102175,-0.03501696,-0.03684543,-0.01390669,-0.03644605,0.04824274,0.03027436,-0.07632148,0.01369693,-0.00449149,0.0705682,-0.02534133,0.0797824,-0.00951594,-0.01397011,0.03759817,0.20393993,0.01388837,0.02591852,0.00677401,0.02136641,0.02837505,0.06687858,0.05304629,-0.02132438,0.02127944,0.07605499,0.01236727,0.05686773,0.0786823,0.01117926,0.01490435,-0.02373764,0.05122706,-0.02047611,-0.01176246,-0.05287766,0.00624029,0.07072118,-0.00460009,-0.06462576,-0.05454035,-0.03005044,-0.02014113,-0.03314388,-0.0252439,0.00259379,-0.0221705,0.00183769,0.03371369,-0.00584269,-0.00918986,-0.01685499,-0.01840544,0.02046363,-0.05032026,0.07802925,0.05694559,0.01696292],"last_embed":{"tokens":371,"hash":"d07tui"}}},"text":null,"length":0,"last_read":{"hash":"d07tui","at":1782975304240},"key":"PROJECT_STATE.md#UI診断ディレクター プロジェクト現状#4. ファイル構成#gpts-package（GPTsアップロード用）#{1}","lines":[87,98],"size":578,"outlinks":[],"class_name":"SmartBlock"},
"smart_blocks:PROJECT_STATE.md#UI診断ディレクター プロジェクト現状#4. ファイル構成#samples（動作確認用）": {"path":null,"last_embed":{"hash":null},"embeddings":{},"text":null,"length":0,"last_read":{"hash":"98trni","at":1782975294683},"key":"PROJECT_STATE.md#UI診断ディレクター プロジェクト現状#4. ファイル構成#samples（動作確認用）","lines":[99,105],"size":172,"outlinks":[],"class_name":"SmartBlock"},
"smart_blocks:PROJECT_STATE.md#UI診断ディレクター プロジェクト現状#4. ファイル構成#samples（動作確認用）#{1}": {"path":null,"last_embed":{"hash":null},"embeddings":{},"text":null,"length":0,"last_read":{"hash":"6iglxm","at":1782975294683},"key":"PROJECT_STATE.md#UI診断ディレクター プロジェクト現状#4. ファイル構成#samples（動作確認用）#{1}","lines":[100,100],"size":26,"outlinks":[],"class_name":"SmartBlock"},
"smart_blocks:PROJECT_STATE.md#UI診断ディレクター プロジェクト現状#4. ファイル構成#samples（動作確認用）#{2}": {"path":null,"last_embed":{"hash":null},"embeddings":{},"text":null,"length":0,"last_read":{"hash":"8349ix","at":1782975294683},"key":"PROJECT_STATE.md#UI診断ディレクター プロジェクト現状#4. ファイル構成#samples（動作確認用）#{2}","lines":[101,101],"size":31,"outlinks":[],"class_name":"SmartBlock"},
"smart_blocks:PROJECT_STATE.md#UI診断ディレクター プロジェクト現状#4. ファイル構成#samples（動作確認用）#{3}": {"path":null,"last_embed":{"hash":null},"embeddings":{},"text":null,"length":0,"last_read":{"hash":"14jpo0r","at":1782975294683},"key":"PROJECT_STATE.md#UI診断ディレクター プロジェクト現状#4. ファイル構成#samples（動作確認用）#{3}","lines":[102,102],"size":32,"outlinks":[],"class_name":"SmartBlock"},
"smart_blocks:PROJECT_STATE.md#UI診断ディレクター プロジェクト現状#4. ファイル構成#samples（動作確認用）#{4}": {"path":null,"last_embed":{"hash":null},"embeddings":{},"text":null,"length":0,"last_read":{"hash":"165otqq","at":1782975294683},"key":"PROJECT_STATE.md#UI診断ディレクター プロジェクト現状#4. ファイル構成#samples（動作確認用）#{4}","lines":[103,103],"size":35,"outlinks":[],"class_name":"SmartBlock"},
"smart_blocks:PROJECT_STATE.md#UI診断ディレクター プロジェクト現状#4. ファイル構成#samples（動作確認用）#{5}": {"path":null,"last_embed":{"hash":null},"embeddings":{},"text":null,"length":0,"last_read":{"hash":"ool7oj","at":1782975294683},"key":"PROJECT_STATE.md#UI診断ディレクター プロジェクト現状#4. ファイル構成#samples（動作確認用）#{5}","lines":[104,105],"size":25,"outlinks":[],"class_name":"SmartBlock"},
"smart_blocks:PROJECT_STATE.md#UI診断ディレクター プロジェクト現状#4. ファイル構成#03_pptx_builder.py の主要関数": {"path":null,"last_embed":{"hash":null},"embeddings":{},"text":null,"length":0,"last_read":{"hash":"1jde27a","at":1782975294683},"key":"PROJECT_STATE.md#UI診断ディレクター プロジェクト現状#4. ファイル構成#03_pptx_builder.py の主要関数","lines":[106,118],"size":456,"outlinks":[],"class_name":"SmartBlock"},
"smart_blocks:PROJECT_STATE.md#UI診断ディレクター プロジェクト現状#4. ファイル構成#03_pptx_builder.py の主要関数#{1}": {"path":null,"last_embed":{"hash":"1r79w5c","at":1782975304335},"embeddings":{"TaylorAI/bge-micro-v2":{"vec":[-0.07233758,0.02855999,0.03494835,-0.05194307,-0.04743236,0.03174553,-0.07922891,0.02908184,0.01730972,0.0119352,-0.01544933,-0.07714513,0.04751697,0.04183446,0.02848571,-0.03800698,0.00320219,0.01543176,0.01520461,0.04823586,0.12945203,-0.01527365,-0.00063129,-0.04693077,0.00608502,0.05794187,-0.01029114,-0.0857754,0.00133579,-0.17831941,-0.07469714,-0.01724916,0.04750524,-0.01264496,0.0052107,-0.02643261,-0.04348149,0.0568793,-0.02534953,0.02033917,-0.04443752,0.06368164,0.05355694,-0.05385435,0.02548387,-0.04951783,-0.0569829,-0.01254139,0.03899288,-0.02052422,-0.04368533,-0.00275002,0.02952945,0.01444583,-0.00085996,0.02349769,0.06143097,0.04161369,0.01104691,0.01934669,0.05407979,0.02465718,-0.22747952,0.03165579,0.0383803,0.04934992,-0.06633721,2e-7,0.02968198,0.00656743,-0.07293423,0.03240163,0.04069551,0.07587216,-0.00598595,-0.01159352,0.01872087,-0.00635591,-0.00047712,-0.01094235,-0.04007212,-0.0157974,-0.07119123,-0.00934105,-0.00905289,0.0066049,0.04217557,0.03997245,0.0324011,0.03834472,-0.01636283,-0.07809487,0.00817819,0.0467875,-0.03967717,-0.01398681,0.02725146,0.0341422,-0.04997303,0.08373693,-0.08936177,-0.0253928,-0.00267982,0.0033999,0.03866667,0.01160357,0.03002688,-0.01456254,-0.03101944,-0.00088722,-0.02675618,-0.00433243,-0.02855924,-0.04712892,-0.00658231,0.02773168,0.00596823,-0.04794978,-0.02604135,-0.02435401,0.04286411,0.02091079,-0.00845348,-0.01207182,-0.02293414,-0.00698166,0.04861645,-0.00085454,0.0144603,0.06517714,0.0157411,0.03832833,-0.11450539,0.03182137,-0.01168112,0.01326247,-0.01077231,0.02403053,0.01565586,-0.02011816,-0.00412557,-0.0441953,-0.01511014,-0.09815814,-0.05541406,0.12458507,-0.05111657,0.04718586,0.00020768,-0.02861731,-0.00166693,0.02869201,-0.04009798,-0.0397333,0.03334695,-0.03331981,0.06174644,0.03281761,-0.02151369,0.0169217,0.00091296,-0.00302973,-0.03077614,0.10800301,0.04009844,-0.05931981,-0.01903894,0.07312168,0.0254865,-0.06029113,-0.06035056,0.02808938,0.01743199,0.00920903,0.06084163,0.01801463,0.01412023,0.01796378,-0.02649561,0.0450814,0.02719726,-0.03212526,-0.07051399,0.00671488,-0.0164803,-0.05794256,-0.01724028,-0.05695461,0.0133306,0.02250434,-0.10030195,0.05213178,-0.03080141,0.00133357,-0.06206883,-0.06398872,-0.01403801,-0.02231031,0.02237795,-0.01996463,0.14204933,0.04632679,-0.03562774,0.01242647,-0.01753918,0.00752078,-0.00078484,-0.02782461,-0.00056508,0.02168232,-0.07209146,0.00340205,0.0956984,0.05785574,0.0004006,0.00377987,-0.00996355,0.03108518,0.0117079,0.07066727,-0.00562861,0.04385871,-0.04822232,-0.23919249,0.03745642,-0.01328706,-0.08205666,-0.03804243,-0.00692653,-0.0142761,-0.04705331,-0.01230977,0.02831927,0.09468197,0.03126399,-0.04708733,0.01594309,-0.01539683,-0.06886014,0.01201325,-0.02323979,-0.01379717,-0.02138802,-0.02511399,0.00171953,-0.00181871,-0.00788845,0.05216578,-0.03496507,0.12859638,-0.03534577,0.01526417,0.02941431,0.08978457,0.055736,-0.07042866,-0.14439872,0.07304239,0.08817251,-0.06915999,0.01254312,-0.00814792,-0.02379118,0.02859898,0.03031438,-0.00715278,-0.07538822,-0.02398335,-0.0705904,0.03414369,0.00519336,0.01119865,0.08569555,-0.01992879,-0.03382967,0.03395036,0.03473217,0.02464279,-0.07304562,-0.05048361,0.04661727,0.01586046,0.01132294,0.00383968,-0.01672623,0.01781211,-0.00219043,-0.00483513,0.08686771,-0.0353648,-0.00184373,0.06277192,0.02049943,0.00500442,0.08505309,-0.00856334,-0.04899559,0.06407338,0.02720448,-0.00585275,-0.0530476,0.01734759,-0.01285424,-0.00401717,0.02567676,0.01558085,0.03388924,0.01566324,0.0028418,0.01177996,0.01277063,0.05104247,-0.04147046,0.00961578,-0.00733025,-0.03209095,0.02868454,0.05568402,-0.03174676,-0.33647686,-0.03232995,-0.00418821,-0.01153835,-0.02152907,0.00992533,0.00937079,-0.04014303,-0.06176684,-0.02601077,-0.04718344,0.06401356,0.03584897,-0.04020839,0.02111981,-0.0062396,0.05688787,-0.00617447,0.13258791,-0.04492065,-0.03414654,0.00843875,0.19760306,0.01499022,0.01470097,-0.01443207,0.01121278,0.02943174,0.07478054,0.04374044,-0.04030428,0.01870359,0.12731934,0.01286181,0.02438812,0.07410899,0.00239406,0.02923565,-0.01182276,0.03765674,-0.0280357,-0.01493071,-0.04237242,0.00364421,0.08227817,0.01394028,-0.03164752,-0.02333585,-0.00572304,-0.00908088,-0.0470616,0.00693268,0.0015,0.00102938,0.03726963,0.05669618,0.04201436,-0.00475095,-0.01917305,-0.01685057,0.01560162,-0.00111143,0.0777618,0.06196306,0.06679573],"last_embed":{"tokens":322,"hash":"1r79w5c"}}},"text":null,"length":0,"last_read":{"hash":"1r79w5c","at":1782975304335},"key":"PROJECT_STATE.md#UI診断ディレクター プロジェクト現状#4. ファイル構成#03_pptx_builder.py の主要関数#{1}","lines":[107,118],"size":427,"outlinks":[],"class_name":"SmartBlock"},
"smart_blocks:PROJECT_STATE.md#UI診断ディレクター プロジェクト現状#5. フェーズロードマップ": {"path":null,"last_embed":{"hash":"h4o1n6","at":1782975304413},"embeddings":{"TaylorAI/bge-micro-v2":{"vec":[-0.10295755,-0.00317208,0.03280636,-0.06549992,-0.0537986,0.03659952,-0.04986031,0.02439279,0.00685368,0.02413075,-0.0005035,-0.06857757,0.04968551,0.03298304,0.01035923,-0.04689466,0.02667699,0.02035655,-0.01243011,0.02011126,0.14578265,-0.03073603,0.00526136,-0.01846045,-0.01167014,0.07377793,-0.00593743,-0.06994515,-0.00151437,-0.19892865,-0.0679075,-0.01553181,0.04135574,-0.01574712,0.00563892,-0.06174944,-0.05035496,0.09038158,-0.0078852,0.01856766,0.00730243,0.04941462,0.03337266,-0.06295287,0.01424294,-0.07211547,-0.07868002,-0.01058553,0.01755414,0.00598881,-0.01604473,-0.0172116,0.02446623,0.0617713,0.00002119,0.07191066,0.0668643,0.06251103,0.01583037,0.00401181,0.03612192,0.0381857,-0.21385865,0.03504089,0.04268283,0.06708745,-0.02944493,-0.04440252,0.03767941,0.01042538,-0.03915389,0.039003,0.02499074,0.04788081,-0.01018306,-0.01444242,0.02518069,-0.04664969,0.00250822,-0.01810935,-0.01098102,0.04563153,-0.03920281,0.00787813,0.02717599,0.03398723,0.01926204,0.03214181,0.03397026,0.07144932,-0.04724451,-0.07083339,0.00128639,0.05850638,-0.01018867,0.00397231,0.02073894,0.02258554,-0.05514147,0.11131524,-0.08375886,-0.01470614,0.01437044,-0.04139052,0.04438309,0.00206919,-0.00105901,-0.02630909,-0.02507581,-0.00048202,-0.02829829,0.00891554,-0.00447142,-0.04086268,-0.02199528,-0.00396577,0.00750899,-0.01349443,-0.05283868,-0.05023399,0.04371106,0.04981817,-0.01578112,-0.018702,-0.02121542,-0.0103461,0.03974332,0.00147169,0.00491949,0.07571567,0.01678741,0.05496584,-0.08476184,-0.00569049,-0.03041075,0.03268067,-0.0398657,-0.01978173,-0.00465393,0.00258708,0.0048679,-0.05007329,0.01512034,-0.08898488,-0.05353535,0.09679109,-0.06400778,0.04644517,-0.01529856,0.00199902,0.01967247,0.04447053,-0.05739837,0.00016775,0.03035689,-0.01332604,0.00057263,0.05799139,-0.03531624,0.01490428,-0.02892365,-0.01501461,-0.03715252,0.09722664,0.04226221,-0.0748689,-0.00228955,0.04066905,0.01086961,-0.02438106,-0.05450392,0.05293791,-0.00707866,-0.0092165,0.07330772,0.00836626,0.018393,-0.0127399,-0.04503112,0.03034583,0.00357171,-0.02393675,-0.07459167,0.01225958,-0.01165162,-0.05838621,0.0104056,-0.02194599,-0.04305515,-0.00328535,-0.08568954,0.06102814,-0.02011438,0.00871368,-0.02925208,-0.05154002,0.00599832,-0.03898371,0.08120945,-0.00617852,0.15885858,0.06658077,-0.01422949,-0.01821133,0.00350313,0.0185444,-0.02027671,-0.0263678,-0.02503537,0.02992161,-0.06241743,-0.00320177,0.07372415,0.01618644,-0.01103294,-0.0152893,0.00982795,0.02447049,0.00622288,0.07539818,-0.00896742,0.03107101,-0.04603597,-0.23058636,0.03017007,-0.00099165,-0.08393934,-0.07485225,-0.02141723,0.00251,-0.07707434,0.02024708,0.02403919,0.12860154,0.03532026,-0.04341859,0.03029789,-0.00166349,-0.03784725,0.06530387,-0.02801487,-0.02685673,0.00105167,0.0130108,0.03554936,0.04131836,-0.02076203,0.071994,-0.04114914,0.1265661,-0.04416995,-0.0027586,0.06397087,0.0683653,0.0693874,-0.02373874,-0.14325459,0.07222258,0.04600686,-0.0545617,0.02091418,-0.02286815,-0.04640387,0.01452407,0.03114129,0.0026961,-0.12708935,0.01482831,-0.05689198,0.03002881,-0.06093061,-0.03356225,0.04614368,-0.01273239,-0.0077488,0.00616404,0.0280816,0.03632615,-0.01818542,-0.06138939,0.00677623,0.02045281,0.03366525,-0.0241362,-0.01869304,-0.00667054,-0.00537337,0.00422904,0.01674575,-0.0168852,-0.00586812,0.04203936,0.00595136,-0.01455083,0.10231089,-0.03118674,-0.03512806,0.07676025,0.00828355,-0.00338057,-0.01339224,0.01405152,0.0197864,-0.00898601,0.0099929,0.01214186,0.04416208,0.03559332,-0.00313437,0.03204489,0.00571192,0.03610636,-0.04994183,0.01812237,-0.04064221,-0.0044985,-0.00601206,0.07528744,-0.00320879,-0.33344457,0.01525254,0.04827952,0.0274241,-0.00296521,-0.02220286,0.02314819,-0.06009641,-0.04877233,0.00240409,-0.02421334,0.08193677,0.05132257,-0.03148436,0.01986807,0.01476076,0.04082961,-0.03553658,0.0884121,-0.02405139,-0.01714537,0.04358106,0.18881905,-0.02564676,-0.00176649,-0.03267779,-0.01857021,0.05410941,0.01856264,0.06690133,-0.06852781,0.00001707,0.11856628,0.03302782,-0.00429237,0.05694136,0.0155688,-0.00602034,-0.0017796,0.03422605,-0.0493793,0.02079429,-0.07229806,0.02387128,0.08676896,0.01392235,-0.0457486,-0.03602654,0.00389602,-0.00056843,-0.03060294,-0.01155111,-0.03242918,-0.01024656,0.03074005,0.0520633,0.00644939,0.00982444,-0.0090392,-0.02966374,0.01388711,0.00971994,0.07642286,0.04699205,0.01843929],"last_embed":{"tokens":439,"hash":"h4o1n6"}}},"text":null,"length":0,"last_read":{"hash":"h4o1n6","at":1782975304413},"key":"PROJECT_STATE.md#UI診断ディレクター プロジェクト現状#5. フェーズロードマップ","lines":[119,133],"size":551,"outlinks":[],"class_name":"SmartBlock"},
"smart_blocks:PROJECT_STATE.md#UI診断ディレクター プロジェクト現状#5. フェーズロードマップ#{1}": {"path":null,"last_embed":{"hash":"13ngb5z","at":1782975304527},"embeddings":{"TaylorAI/bge-micro-v2":{"vec":[-0.101424,-0.00468217,0.03362838,-0.06452657,-0.05719707,0.03784528,-0.05095901,0.02411479,0.00446526,0.01838601,0.00165345,-0.06718256,0.04848975,0.03322457,0.00658562,-0.05036904,0.03089957,0.0198984,-0.00997754,0.02054443,0.14321536,-0.03286559,0.00608818,-0.02281734,-0.01302663,0.07470205,-0.00191913,-0.07064585,-0.00336299,-0.20116587,-0.06840923,-0.00991167,0.0397052,-0.01447839,0.0044665,-0.06303895,-0.05070133,0.09082524,-0.01106504,0.02316031,0.00994539,0.04892579,0.03572807,-0.0663384,0.01259659,-0.07216196,-0.07836354,-0.01307069,0.0173408,0.00539592,-0.01530227,-0.0172519,0.02231239,0.06131248,-0.00542286,0.07217867,0.0705323,0.0660008,0.01780841,0.00925946,0.03826531,0.03708584,-0.21548466,0.03581722,0.03881577,0.06585492,-0.02474168,-0.04639326,0.03465525,0.01260708,-0.0368817,0.0368278,0.0221976,0.04957025,-0.01078332,-0.01043237,0.02577322,-0.04767929,0.00172381,-0.01273042,-0.00886652,0.04585572,-0.04598441,0.01035764,0.01950906,0.03426407,0.01742922,0.03169733,0.03176127,0.07432755,-0.04503124,-0.07850728,-0.00316387,0.06187072,-0.00993421,-0.00010379,0.02749836,0.01933623,-0.05651366,0.11101406,-0.08245654,-0.0146332,0.01420206,-0.03836458,0.04679417,0.00557796,-0.00321948,-0.02335991,-0.01991241,-0.00041023,-0.02941502,0.00939774,-0.00084948,-0.04057451,-0.02836987,-0.00356439,0.00816913,-0.01494629,-0.055477,-0.04859756,0.04009553,0.04714648,-0.0129108,-0.01756225,-0.01757831,-0.01240559,0.0347822,0.00045526,0.00585011,0.0773047,0.01508957,0.05226519,-0.0823015,-0.01005988,-0.02384066,0.027226,-0.0363484,-0.01748417,-0.00177505,-0.00237526,0.00300754,-0.05118548,0.01778895,-0.08824757,-0.05778111,0.09782183,-0.06340985,0.04509072,-0.01070647,-0.00058739,0.01811193,0.04810719,-0.05419147,0.00649075,0.02962918,-0.01314149,0.00100622,0.05178091,-0.03691895,0.01450511,-0.02958901,-0.01268403,-0.03562597,0.09524367,0.03857092,-0.07592721,-0.00366808,0.03987596,0.01252095,-0.03020351,-0.05030455,0.05622829,-0.0073264,-0.00630719,0.07046651,0.00532935,0.01770593,-0.01072222,-0.04491904,0.03106959,0.00393323,-0.02324667,-0.07276129,0.01272158,-0.01381595,-0.05627184,0.00756579,-0.02286753,-0.03923635,-0.00583206,-0.08512795,0.05904659,-0.01381479,0.0099735,-0.02992816,-0.05189938,-0.00088985,-0.03724014,0.08032095,-0.01072746,0.15905605,0.06334572,-0.01004638,-0.01916178,0.0089088,0.01838359,-0.02176783,-0.02712217,-0.02435479,0.03216623,-0.06281468,-0.00225691,0.06950115,0.01450986,-0.00409701,-0.01220158,0.0104918,0.02435795,0.00714958,0.07396328,-0.00761792,0.02962935,-0.04502772,-0.23022164,0.0289591,-0.00664665,-0.08245895,-0.07088169,-0.02118479,0.0012026,-0.07287022,0.01660994,0.0239148,0.12929872,0.03301751,-0.0454816,0.03060026,-0.00372074,-0.03735115,0.06661452,-0.02618192,-0.02580098,0.00057167,0.01124258,0.03960316,0.03783826,-0.02089161,0.07690588,-0.04163899,0.13195302,-0.05138765,-0.00294005,0.06747267,0.0682906,0.07234123,-0.02303112,-0.14216177,0.07395326,0.0471297,-0.05748679,0.01994166,-0.02397312,-0.0452839,0.01565093,0.0306357,-0.00004022,-0.1266709,0.01390892,-0.05964445,0.03135384,-0.06131399,-0.03234785,0.04364211,-0.01138136,-0.00325067,0.00791212,0.02284196,0.03737391,-0.02093256,-0.0605999,0.00946013,0.01696593,0.03350237,-0.02316752,-0.02049147,-0.00856975,-0.00858135,0.00183254,0.01381184,-0.01740645,-0.00431794,0.04965295,0.0082093,-0.01015735,0.10139266,-0.03362209,-0.03443935,0.0811379,0.00828426,-0.00620769,-0.01608497,0.01699409,0.02225433,-0.00977754,0.01066803,0.01210174,0.04841708,0.03647424,-0.00359575,0.03286225,0.01091256,0.04058558,-0.04943304,0.02431512,-0.04603469,-0.0055957,-0.00754706,0.07665183,-0.00591732,-0.33184969,0.01302423,0.04341428,0.02908272,-0.0020896,-0.02195261,0.02102311,-0.06014585,-0.04690649,0.00122959,-0.02566771,0.08135824,0.05291098,-0.03412744,0.02081569,0.01995622,0.03645637,-0.04339225,0.08777151,-0.02121409,-0.02094807,0.04203438,0.18751012,-0.02782075,-0.00419122,-0.02949786,-0.01739992,0.04812495,0.0162891,0.06663042,-0.0611238,-0.00048834,0.12385444,0.03206408,-0.00543984,0.05541179,0.01246592,-0.00581688,-0.00025598,0.03821466,-0.04621617,0.02076474,-0.06917009,0.02153018,0.08586147,0.01538586,-0.04718274,-0.03474067,0.00218091,0.00316,-0.0271427,-0.01073161,-0.02956086,-0.01136429,0.03354716,0.05616661,0.00750698,0.01341985,-0.01261585,-0.0335351,0.01317773,0.00669498,0.07407774,0.04413299,0.01936071],"last_embed":{"tokens":438,"hash":"13ngb5z"}}},"text":null,"length":0,"last_read":{"hash":"13ngb5z","at":1782975304527},"key":"PROJECT_STATE.md#UI診断ディレクター プロジェクト現状#5. フェーズロードマップ#{1}","lines":[121,133],"size":533,"outlinks":[],"class_name":"SmartBlock"},
"smart_blocks:PROJECT_STATE.md#UI診断ディレクター プロジェクト現状#6. フェーズ1.5完了内容（v4 → v5 → v6 → v7）": {"path":null,"last_embed":{"hash":"t358jn","at":1782975304643},"embeddings":{"TaylorAI/bge-micro-v2":{"vec":[-0.08180196,-0.00231888,0.0362924,-0.04754062,-0.01434685,0.03875419,-0.04899143,0.04749624,0.02949313,0.03724565,-0.02344397,-0.07101668,0.02439198,0.06469794,-0.02388725,-0.01682734,0.02580405,-0.01261155,-0.03127364,0.0120443,0.1391032,-0.02314646,0.03871654,-0.04152889,0.00421477,0.07472866,-0.02737474,-0.0311272,0.00054789,-0.20336199,-0.08746673,0.04066232,0.05334319,-0.0064076,0.02120053,-0.00992667,-0.06159514,0.07581685,-0.02125483,-0.00209679,0.00756436,0.03050994,0.02281004,-0.0669814,-0.01073606,-0.04678877,-0.03488757,-0.00335778,0.00931574,-0.01727518,0.01628493,-0.03852901,0.00642417,0.02807927,0.03545113,0.03398548,0.04317035,0.02374159,0.01686284,0.01358236,0.0356823,0.02215151,-0.2345836,0.0235578,0.03150483,0.00669791,-0.01527636,-0.02801508,0.0552492,0.03549438,-0.05761154,0.02260876,-0.00526018,0.04800405,-0.01618089,-0.05124204,0.04142063,-0.04231825,-0.01202694,-0.07506195,-0.01235092,0.04172451,-0.03648789,0.00354428,0.02198269,0.03325235,0.01925215,0.01273083,0.06223748,0.07562475,-0.05419958,-0.07388625,0.03827131,0.05681244,-0.00383574,-0.00480841,0.00746344,-0.00409669,-0.05262548,0.08902594,-0.06436144,-0.03057826,0.06276432,-0.03901774,0.034505,-0.01687077,0.00517987,-0.05050317,-0.04380154,0.01689176,-0.04807724,0.01994785,0.01747975,-0.07063145,-0.00814317,0.0109181,0.00727244,-0.01308997,-0.07468898,-0.02629259,0.02097209,0.04998389,-0.03958758,-0.02674271,-0.01233181,-0.00235833,0.01374877,0.00980208,0.00062487,0.03297705,0.02639889,0.01772743,-0.06006774,-0.01706425,-0.01198631,0.04273218,-0.03910219,-0.00976516,-0.00828766,-0.00206691,-0.01853202,-0.07208888,0.01451444,-0.11154085,-0.05696582,0.12999284,-0.07259205,0.03934022,-0.01254215,0.0150566,-0.00395986,0.03584899,-0.05120622,-0.01665903,-0.00858123,-0.01319925,-0.00487705,0.12757353,-0.05453359,0.02814711,0.00923018,-0.04215552,-0.03882073,0.07959197,0.04348194,-0.07074946,-0.02413019,0.05602279,0.02531302,-0.02107469,-0.06701367,0.08643906,0.01837851,-0.02202157,0.11317007,0.00993969,0.07476383,0.01717205,-0.03215767,0.01782466,-0.00405236,-0.05219938,-0.03302338,0.00906851,0.01506052,-0.05414639,-0.01026355,-0.00270213,-0.02661464,-0.00166844,-0.09130219,0.01933276,-0.00019992,0.04659957,-0.0256673,-0.06888766,0.00540992,-0.05147499,0.04984138,-0.03575559,0.16401391,0.02581199,-0.0218749,-0.01011437,0.00844283,0.02799236,0.01017394,-0.05053535,-0.02519568,0.02156272,-0.09866137,0.00818849,0.06671604,0.03798065,-0.00544723,-0.05170234,-0.00534883,0.03731545,0.00759245,0.03711686,0.01952445,0.03082497,-0.05198904,-0.23841842,0.00710132,0.0242149,-0.08436112,-0.05079039,-0.01404143,-0.00559685,-0.05379664,0.06460294,0.02069609,0.12035078,0.00912794,-0.02049403,-0.01822739,0.01273266,-0.03702436,0.06577828,-0.01827016,-0.01798324,0.0033962,0.00531518,0.00980948,0.00127453,-0.01246314,0.03673486,-0.04749595,0.1127703,-0.02677014,0.00140339,0.01580082,0.0700236,0.0279054,0.00873098,-0.12032612,0.07794651,0.04772504,-0.07869532,0.01507841,-0.0196272,-0.03050686,0.02485026,0.03871075,0.00829952,-0.07519607,0.01486677,-0.08018757,0.03917252,-0.0803267,-0.06323937,0.03185864,0.02414817,-0.0088959,0.03225787,0.07698655,0.02671299,-0.00663334,-0.04783388,-0.02545766,0.00258454,0.0156,-0.02747408,0.02023371,-0.00754184,-0.02921493,0.01621903,0.04478672,-0.00888004,0.01104321,0.03531322,0.03639328,-0.03835475,0.12503487,0.00300748,0.0071829,0.08454344,0.01570062,-0.0117335,0.01519994,0.02339775,0.00775446,0.04063907,-0.01657029,0.03079884,0.04440542,0.03274246,0.03010776,0.06399423,-0.04898215,0.05648689,-0.00040818,-0.01226236,-0.01666884,0.00759601,0.00497353,0.0189379,-0.00335997,-0.328482,-0.0166116,0.04307252,0.03462856,-0.02363086,0.02294056,0.04639721,-0.05266892,-0.04628513,0.0275296,-0.0626905,0.06450051,0.02240846,-0.05033444,0.05659305,-0.00900158,0.04443018,-0.02131652,0.04996984,-0.01405182,-0.02682032,0.0263729,0.18307543,-0.03696684,0.00356151,-0.03160828,0.00093917,0.06148308,0.04014813,0.05650875,-0.0520785,0.01910569,0.1102674,0.03173308,-0.0221151,0.02799412,0.01118599,-0.00859512,0.01273675,-0.0194651,-0.04219641,0.00694492,-0.04861542,0.00943772,0.06825785,0.01830244,-0.00811821,-0.04343646,0.01293365,-0.03451893,-0.02710498,-0.0307598,0.01054204,0.03832315,0.05906636,0.06664711,-0.00657165,0.00575186,0.00897899,-0.02920063,0.01741752,-0.02003405,0.04777564,0.0264579,0.05280388],"last_embed":{"tokens":439,"hash":"t358jn"}}},"text":null,"length":0,"last_read":{"hash":"t358jn","at":1782975304643},"key":"PROJECT_STATE.md#UI診断ディレクター プロジェクト現状#6. フェーズ1.5完了内容（v4 → v5 → v6 → v7）","lines":[134,157],"size":728,"outlinks":[],"class_name":"SmartBlock"},
"smart_blocks:PROJECT_STATE.md#UI診断ディレクター プロジェクト現状#6. フェーズ1.5完了内容（v4 → v5 → v6 → v7）#{1}": {"path":null,"last_embed":{"hash":null},"embeddings":{},"text":null,"length":0,"last_read":{"hash":"1vbx0gp","at":1782975294683},"key":"PROJECT_STATE.md#UI診断ディレクター プロジェクト現状#6. フェーズ1.5完了内容（v4 → v5 → v6 → v7）#{1}","lines":[136,137],"size":40,"outlinks":[],"class_name":"SmartBlock"},
"smart_blocks:PROJECT_STATE.md#UI診断ディレクター プロジェクト現状#6. フェーズ1.5完了内容（v4 → v5 → v6 → v7）#v7（2026-07-02） *帯リサイズ・120字対応・色ルール明確化*": {"path":null,"last_embed":{"hash":"1o1wuxj","at":1782975304760},"embeddings":{"TaylorAI/bge-micro-v2":{"vec":[-0.08186894,0.00220438,0.02711643,-0.0553605,-0.02440487,0.04417111,-0.02831581,0.03853472,0.0349183,0.0404303,-0.02617017,-0.0718359,0.01396386,0.06790417,-0.01309155,-0.01090812,0.03263134,0.00014776,-0.03098932,0.00489066,0.1523083,-0.03150937,0.01738182,-0.02788877,-0.00572067,0.05747572,-0.04511585,-0.03451992,-0.00205956,-0.20891325,-0.09077097,0.01854994,0.03776728,-0.00888518,0.0215519,-0.02467159,-0.06148945,0.06930551,-0.02519481,-0.00137202,0.01446894,0.01902288,0.01858031,-0.05546999,0.00529039,-0.04728106,-0.02969834,0.00921969,0.0184823,-0.00875696,0.02380353,-0.03001381,0.00596926,0.02612925,0.04907336,0.03126733,0.04202442,0.03250649,0.0211134,0.02040317,0.03334489,0.0419501,-0.22806773,0.02859341,0.02544396,0.01058157,-0.0089659,-0.03511498,0.05585531,0.04764321,-0.04505343,0.02010629,-0.00181946,0.05863158,-0.03215502,-0.0555514,0.03921703,-0.04540684,-0.01132976,-0.07945042,-0.00839669,0.03653991,-0.0425151,-0.00493531,0.01989912,0.02500092,0.02241243,0.02630019,0.055848,0.05686175,-0.04864496,-0.08626114,0.02954619,0.03954651,-0.000013,0.00489776,0.0106497,-0.00794393,-0.04146811,0.09990339,-0.05901796,-0.03477436,0.0694267,-0.03192726,0.04586498,-0.02348529,0.00859191,-0.05291148,-0.03621443,0.02147188,-0.02393252,0.0315363,0.0212629,-0.06579705,-0.00876541,0.00029753,0.00743217,-0.00862963,-0.08427049,-0.03033027,0.0144781,0.05348558,-0.02142425,-0.02047211,-0.01522098,-0.00220403,0.0225237,0.01053873,0.00502692,0.03055772,0.02759183,0.00907556,-0.05768512,-0.0178461,0.00408789,0.04248913,-0.02542837,-0.00784746,-0.01066856,-0.01272112,-0.02857931,-0.06658732,0.0135029,-0.10742796,-0.04175981,0.13129367,-0.06736837,0.04316454,-0.01510657,0.00836608,-0.00473226,0.02598476,-0.04676512,-0.00586056,-0.01392392,-0.00988826,0.01093638,0.13954149,-0.06003182,0.03034698,0.01204932,-0.03718408,-0.0212583,0.07343411,0.03731184,-0.07859045,-0.01239082,0.05290353,0.02359509,-0.01219673,-0.06918674,0.09375409,0.01794909,-0.02048579,0.11573254,0.02149017,0.06083073,0.01003324,-0.02998957,0.02126872,-0.00876536,-0.06058087,-0.03218291,-0.00574607,-0.00310689,-0.07045981,-0.00397543,-0.00399318,-0.03156114,0.01359395,-0.10805172,0.00747965,0.00852481,0.05432313,-0.02142449,-0.0627703,0.00568721,-0.06271394,0.03601215,-0.03260308,0.1648996,0.01499628,-0.02164532,-0.00043136,0.01518725,0.01718966,0.01696748,-0.05842044,-0.02421564,0.01498252,-0.09001408,0.01531108,0.06805442,0.02676341,-0.00071304,-0.03787053,-0.0012237,0.03823224,0.00104571,0.03715805,0.01320465,0.04949865,-0.06904919,-0.24076848,0.00382449,0.01569302,-0.08304182,-0.03687585,-0.00856341,-0.00872308,-0.04778495,0.06635558,0.0157838,0.14822921,0.00248724,-0.01657979,-0.01568102,0.00958215,-0.03492135,0.05271488,-0.01311767,-0.00838104,0.01862605,0.00599337,0.00066917,-0.00019597,-0.0205505,0.04792421,-0.05234894,0.11940134,-0.01613074,0.03974383,-0.00404853,0.05860513,0.02676638,0.01406201,-0.11316755,0.0634902,0.05490614,-0.07718144,-0.00085571,-0.01917187,-0.03929392,0.02706089,0.03262678,0.00559712,-0.09508365,0.02649836,-0.08120816,0.04931401,-0.06474791,-0.05481595,0.02940045,0.02167595,-0.02781925,0.02200876,0.08701307,0.01867579,-0.00461721,-0.05216316,-0.02135554,-0.01204385,0.00962576,-0.04178976,0.0163586,-0.00246398,-0.03423051,0.02149006,0.02804315,-0.02453292,0.00418748,0.04632238,0.03286149,-0.04412781,0.11803298,-0.00416351,0.00084853,0.06739732,0.00971372,-0.00547514,0.00484257,0.03677725,0.00832527,0.03917535,-0.00722346,0.0306792,0.04594963,0.03213957,0.02522277,0.0515989,-0.06406659,0.06387004,-0.01439093,-0.00567186,-0.01692426,0.00302808,-0.00708464,0.01646895,0.00297657,-0.31958559,-0.00612433,0.04403013,0.03452704,-0.02963929,0.01211695,0.06952582,-0.04829589,-0.03737092,0.02256722,-0.06033777,0.05964241,0.02083019,-0.05386089,0.06087755,-0.01602259,0.04554816,-0.03183901,0.05410756,-0.00001451,-0.02210266,0.02941057,0.18481369,-0.02699568,0.0137443,-0.03060882,0.00813616,0.0402876,0.02610715,0.06590217,-0.0471787,0.01822559,0.09165024,0.0334668,-0.02406492,0.04261759,0.00976563,0.00065208,0.01127086,-0.01288126,-0.04861944,0.01604145,-0.06447928,0.00474104,0.06851447,0.01154505,-0.00105411,-0.04338522,0.00205832,-0.03399621,-0.02678571,-0.02484691,0.03205147,0.03118682,0.04097652,0.06800872,-0.01534196,0.00509008,0.00145023,-0.0293131,0.03698042,-0.0388703,0.05115051,0.00676105,0.06668691],"last_embed":{"tokens":222,"hash":"1o1wuxj"}}},"text":null,"length":0,"last_read":{"hash":"1o1wuxj","at":1782975304760},"key":"PROJECT_STATE.md#UI診断ディレクター プロジェクト現状#6. フェーズ1.5完了内容（v4 → v5 → v6 → v7）#v7（2026-07-02） *帯リサイズ・120字対応・色ルール明確化*","lines":[138,143],"size":249,"outlinks":[],"class_name":"SmartBlock"},
"smart_blocks:PROJECT_STATE.md#UI診断ディレクター プロジェクト現状#6. フェーズ1.5完了内容（v4 → v5 → v6 → v7）#v7（2026-07-02） *帯リサイズ・120字対応・色ルール明確化*#{1}": {"path":null,"last_embed":{"hash":null},"embeddings":{},"text":null,"length":0,"last_read":{"hash":"1rkhw2w","at":1782975294683},"key":"PROJECT_STATE.md#UI診断ディレクター プロジェクト現状#6. フェーズ1.5完了内容（v4 → v5 → v6 → v7）#v7（2026-07-02） *帯リサイズ・120字対応・色ルール明確化*#{1}","lines":[139,139],"size":49,"outlinks":[],"class_name":"SmartBlock"},
"smart_blocks:PROJECT_STATE.md#UI診断ディレクター プロジェクト現状#6. フェーズ1.5完了内容（v4 → v5 → v6 → v7）#v7（2026-07-02） *帯リサイズ・120字対応・色ルール明確化*#{2}": {"path":null,"last_embed":{"hash":null},"embeddings":{},"text":null,"length":0,"last_read":{"hash":"b025mq","at":1782975294683},"key":"PROJECT_STATE.md#UI診断ディレクター プロジェクト現状#6. フェーズ1.5完了内容（v4 → v5 → v6 → v7）#v7（2026-07-02） *帯リサイズ・120字対応・色ルール明確化*#{2}","lines":[140,140],"size":45,"outlinks":[],"class_name":"SmartBlock"},
"smart_blocks:PROJECT_STATE.md#UI診断ディレクター プロジェクト現状#6. フェーズ1.5完了内容（v4 → v5 → v6 → v7）#v7（2026-07-02） *帯リサイズ・120字対応・色ルール明確化*#{3}": {"path":null,"last_embed":{"hash":null},"embeddings":{},"text":null,"length":0,"last_read":{"hash":"1h4bk2h","at":1782975294683},"key":"PROJECT_STATE.md#UI診断ディレクター プロジェクト現状#6. フェーズ1.5完了内容（v4 → v5 → v6 → v7）#v7（2026-07-02） *帯リサイズ・120字対応・色ルール明確化*#{3}","lines":[141,141],"size":43,"outlinks":[],"class_name":"SmartBlock"},
"smart_blocks:PROJECT_STATE.md#UI診断ディレクター プロジェクト現状#6. フェーズ1.5完了内容（v4 → v5 → v6 → v7）#v7（2026-07-02） *帯リサイズ・120字対応・色ルール明確化*#{4}": {"path":null,"last_embed":{"hash":null},"embeddings":{},"text":null,"length":0,"last_read":{"hash":"1pawlen","at":1782975294683},"key":"PROJECT_STATE.md#UI診断ディレクター プロジェクト現状#6. フェーズ1.5完了内容（v4 → v5 → v6 → v7）#v7（2026-07-02） *帯リサイズ・120字対応・色ルール明確化*#{4}","lines":[142,143],"size":67,"outlinks":[],"class_name":"SmartBlock"},
"smart_blocks:PROJECT_STATE.md#UI診断ディレクター プロジェクト現状#6. フェーズ1.5完了内容（v4 → v5 → v6 → v7）#v4〜v6（2026-06-29 〜 07-01） *ビジュアル強化5項目実装*": {"path":null,"last_embed":{"hash":"wv98y3","at":1782975304810},"embeddings":{"TaylorAI/bge-micro-v2":{"vec":[-0.08011066,-0.00077532,0.03314859,-0.0312965,-0.0377414,0.02262761,-0.05967588,0.03405442,0.02308143,0.00844542,-0.028604,-0.06385565,0.05202881,0.04632066,-0.02956533,-0.03688671,0.02635291,-0.01915009,-0.0177375,0.03030965,0.16375695,-0.01879727,0.02936069,-0.05235771,0.02072977,0.10647693,0.0040724,-0.0258694,0.02349181,-0.18835157,-0.06936902,0.00931112,0.07678868,0.00336359,0.04401054,0.01468567,-0.06517627,0.07914361,-0.02924975,0.00777814,0.0029957,0.05272787,0.03653856,-0.06121587,0.00903493,-0.06414832,-0.06599493,-0.02473154,0.01635697,-0.01050902,-0.02209526,-0.00751769,0.0173905,0.04511245,-0.00778183,0.02904071,0.04974439,0.02929343,-0.00531636,0.01236921,0.03029268,0.00181477,-0.23626815,0.04320596,0.0333084,0.02526576,-0.03434413,-0.02288043,0.04618925,0.0700764,-0.06553797,0.01949528,-0.03565758,0.05399047,0.01619656,-0.03141934,-0.0025823,-0.02247665,0.00372901,-0.04615153,-0.030522,0.04093171,-0.04037384,0.02612292,0.00272648,0.04239483,0.02086608,0.01771939,0.05778526,0.08854706,-0.03752782,-0.05889224,0.03650666,0.07079719,-0.04378353,-0.00391895,0.01692756,0.03638749,-0.05279591,0.1074827,-0.07496356,-0.02703247,0.01542573,-0.03542072,0.01058664,0.00719436,0.02770756,-0.02523951,-0.04310218,0.01679446,-0.04779857,0.01605317,-0.00857783,-0.07005729,-0.00615329,-0.00018343,0.01553428,-0.01248468,-0.02951246,-0.01088071,0.0401792,0.05802847,-0.06336252,-0.03425302,0.00496617,-0.03142006,0.01568078,0.02265721,0.01754737,0.05675834,0.01070064,0.03188301,-0.06264877,-0.01679988,-0.02744872,0.04104384,-0.04420924,-0.00383393,-0.02517887,-0.01237288,0.01349392,-0.0829277,0.01611801,-0.05961501,-0.04578437,0.13237539,-0.08843546,0.03903692,-0.02455951,0.01186693,-0.01192511,0.04473108,-0.05394952,-0.03662786,0.02108937,-0.02189585,-0.01397306,0.09772699,-0.05377856,0.00404495,0.00055654,-0.04840352,-0.05170659,0.0836947,0.07669324,-0.06180172,-0.03275913,0.06191497,0.02034273,-0.04752774,-0.04745492,0.03178488,-0.01846391,-0.01369213,0.09172612,0.00176049,0.05902308,0.02661869,-0.0518311,0.02979141,0.00483676,-0.02240087,-0.04515901,0.02977708,0.00571882,-0.06214369,-0.00223897,0.01506416,-0.00457983,-0.02402115,-0.06627436,0.02040043,-0.02360803,0.01815669,-0.05636589,-0.04328373,0.02135538,-0.0372102,0.06065157,-0.01689728,0.16889712,0.05834599,-0.0305549,-0.01525291,0.01019726,0.03301686,0.02531357,-0.02924871,-0.01218279,0.01597323,-0.08285249,0.00395971,0.06632499,0.02107676,-0.00349219,-0.03961003,0.00551257,0.01527826,0.02585052,0.08132987,0.00827332,0.01127946,-0.04538991,-0.24453954,0.03026073,0.01890344,-0.07149845,-0.04612368,-0.03333165,0.01561313,-0.04003377,0.06523613,0.01883875,0.08854111,0.0001764,-0.02857765,0.02303983,0.00534344,-0.03294101,0.05047003,-0.02184401,-0.01873296,-0.02118307,-0.00393017,0.00970497,0.00083781,0.00363949,0.07027378,-0.02665081,0.10231308,-0.01432266,-0.01896759,0.01119231,0.09010034,0.04513463,-0.0061362,-0.13047397,0.07239293,0.02773855,-0.07545048,0.0289875,-0.02670175,-0.0466687,-0.00450376,0.03151209,0.00102908,-0.08102717,0.014292,-0.074674,0.01167344,-0.08758521,-0.04650982,0.04465294,0.01670271,0.0164331,0.06230113,0.05985903,0.03084771,-0.00882134,-0.06712402,-0.01853322,0.01021715,0.01427629,-0.02170847,-0.00552198,-0.00962292,-0.00690408,-0.0125005,0.0605248,0.00991266,-0.00406273,0.02746029,0.04658515,-0.00902246,0.11608383,-0.01542753,-0.01886574,0.06507275,0.01913499,-0.01454058,0.01901929,-0.01221864,-0.00164068,0.03019773,0.00084111,0.04584321,0.02677792,0.04642165,0.00966887,0.06772583,-0.02567671,0.03283081,0.0193873,0.01830218,-0.00859765,0.00304409,0.0063166,0.0347987,-0.03873511,-0.32913744,-0.00673105,0.03333364,0.03847241,-0.0034009,0.01589422,0.01930752,-0.07315321,-0.05455326,0.02460341,-0.04863255,0.0724842,0.03104162,-0.04465981,0.04065289,0.02896788,0.04518335,-0.03208271,0.05011441,-0.04522708,-0.00732557,0.00567644,0.18622538,-0.02833554,-0.00748693,-0.02822383,-0.01787977,0.07518768,0.06893825,0.02496809,-0.05148614,-0.01654666,0.10447305,0.03052263,-0.03243309,0.03178238,-0.00183678,0.00732698,-0.00289131,0.01221247,-0.04661911,0.00084469,-0.05246015,0.02436741,0.06132654,0.03593708,-0.03593538,-0.03070892,0.02306557,-0.02179556,-0.04236425,-0.01737326,-0.04384356,0.01248195,0.05536718,0.07682335,-0.00468112,-0.01746696,-0.0153058,-0.02396679,-0.01049039,-0.02674523,0.05346621,0.03677316,0.02249085],"last_embed":{"tokens":253,"hash":"wv98y3"}}},"text":null,"length":0,"last_read":{"hash":"wv98y3","at":1782975304810},"key":"PROJECT_STATE.md#UI診断ディレクター プロジェクト現状#6. フェーズ1.5完了内容（v4 → v5 → v6 → v7）#v4〜v6（2026-06-29 〜 07-01） *ビジュアル強化5項目実装*","lines":[144,150],"size":261,"outlinks":[],"class_name":"SmartBlock"},
"smart_blocks:PROJECT_STATE.md#UI診断ディレクター プロジェクト現状#6. フェーズ1.5完了内容（v4 → v5 → v6 → v7）#v4〜v6（2026-06-29 〜 07-01） *ビジュアル強化5項目実装*#{1}": {"path":null,"last_embed":{"hash":null},"embeddings":{},"text":null,"length":0,"last_read":{"hash":"tu1rwo","at":1782975294683},"key":"PROJECT_STATE.md#UI診断ディレクター プロジェクト現状#6. フェーズ1.5完了内容（v4 → v5 → v6 → v7）#v4〜v6（2026-06-29 〜 07-01） *ビジュアル強化5項目実装*#{1}","lines":[145,145],"size":56,"outlinks":[],"class_name":"SmartBlock"},
"smart_blocks:PROJECT_STATE.md#UI診断ディレクター プロジェクト現状#6. フェーズ1.5完了内容（v4 → v5 → v6 → v7）#v4〜v6（2026-06-29 〜 07-01） *ビジュアル強化5項目実装*#{2}": {"path":null,"last_embed":{"hash":null},"embeddings":{},"text":null,"length":0,"last_read":{"hash":"1ixaltt","at":1782975294683},"key":"PROJECT_STATE.md#UI診断ディレクター プロジェクト現状#6. フェーズ1.5完了内容（v4 → v5 → v6 → v7）#v4〜v6（2026-06-29 〜 07-01） *ビジュアル強化5項目実装*#{2}","lines":[146,146],"size":34,"outlinks":[],"class_name":"SmartBlock"},
"smart_blocks:PROJECT_STATE.md#UI診断ディレクター プロジェクト現状#6. フェーズ1.5完了内容（v4 → v5 → v6 → v7）#v4〜v6（2026-06-29 〜 07-01） *ビジュアル強化5項目実装*#{3}": {"path":null,"last_embed":{"hash":null},"embeddings":{},"text":null,"length":0,"last_read":{"hash":"1vl7zqy","at":1782975294683},"key":"PROJECT_STATE.md#UI診断ディレクター プロジェクト現状#6. フェーズ1.5完了内容（v4 → v5 → v6 → v7）#v4〜v6（2026-06-29 〜 07-01） *ビジュアル強化5項目実装*#{3}","lines":[147,147],"size":48,"outlinks":[],"class_name":"SmartBlock"},
"smart_blocks:PROJECT_STATE.md#UI診断ディレクター プロジェクト現状#6. フェーズ1.5完了内容（v4 → v5 → v6 → v7）#v4〜v6（2026-06-29 〜 07-01） *ビジュアル強化5項目実装*#{4}": {"path":null,"last_embed":{"hash":null},"embeddings":{},"text":null,"length":0,"last_read":{"hash":"pk3jle","at":1782975294683},"key":"PROJECT_STATE.md#UI診断ディレクター プロジェクト現状#6. フェーズ1.5完了内容（v4 → v5 → v6 → v7）#v4〜v6（2026-06-29 〜 07-01） *ビジュアル強化5項目実装*#{4}","lines":[148,148],"size":30,"outlinks":[],"class_name":"SmartBlock"},
"smart_blocks:PROJECT_STATE.md#UI診断ディレクター プロジェクト現状#6. フェーズ1.5完了内容（v4 → v5 → v6 → v7）#v4〜v6（2026-06-29 〜 07-01） *ビジュアル強化5項目実装*#{5}": {"path":null,"last_embed":{"hash":null},"embeddings":{},"text":null,"length":0,"last_read":{"hash":"bdgk7c","at":1782975294683},"key":"PROJECT_STATE.md#UI診断ディレクター プロジェクト現状#6. フェーズ1.5完了内容（v4 → v5 → v6 → v7）#v4〜v6（2026-06-29 〜 07-01） *ビジュアル強化5項目実装*#{5}","lines":[149,150],"size":44,"outlinks":[],"class_name":"SmartBlock"},
"smart_blocks:PROJECT_STATE.md#UI診断ディレクター プロジェクト現状#6. フェーズ1.5完了内容（v4 → v5 → v6 → v7）#次に取り組む候補（フェーズ2）": {"path":null,"last_embed":{"hash":null},"embeddings":{},"text":null,"length":0,"last_read":{"hash":"1gg9ajq","at":1782975294683},"key":"PROJECT_STATE.md#UI診断ディレクター プロジェクト現状#6. フェーズ1.5完了内容（v4 → v5 → v6 → v7）#次に取り組む候補（フェーズ2）","lines":[151,157],"size":137,"outlinks":[],"class_name":"SmartBlock"},
"smart_blocks:PROJECT_STATE.md#UI診断ディレクター プロジェクト現状#6. フェーズ1.5完了内容（v4 → v5 → v6 → v7）#次に取り組む候補（フェーズ2）#{1}": {"path":null,"last_embed":{"hash":null},"embeddings":{},"text":null,"length":0,"last_read":{"hash":"66ug8u","at":1782975294683},"key":"PROJECT_STATE.md#UI診断ディレクター プロジェクト現状#6. フェーズ1.5完了内容（v4 → v5 → v6 → v7）#次に取り組む候補（フェーズ2）#{1}","lines":[152,152],"size":40,"outlinks":[],"class_name":"SmartBlock"},
"smart_blocks:PROJECT_STATE.md#UI診断ディレクター プロジェクト現状#6. フェーズ1.5完了内容（v4 → v5 → v6 → v7）#次に取り組む候補（フェーズ2）#{2}": {"path":null,"last_embed":{"hash":null},"embeddings":{},"text":null,"length":0,"last_read":{"hash":"fhox5g","at":1782975294683},"key":"PROJECT_STATE.md#UI診断ディレクター プロジェクト現状#6. フェーズ1.5完了内容（v4 → v5 → v6 → v7）#次に取り組む候補（フェーズ2）#{2}","lines":[153,153],"size":35,"outlinks":[],"class_name":"SmartBlock"},
"smart_blocks:PROJECT_STATE.md#UI診断ディレクター プロジェクト現状#6. フェーズ1.5完了内容（v4 → v5 → v6 → v7）#次に取り組む候補（フェーズ2）#{3}": {"path":null,"last_embed":{"hash":null},"embeddings":{},"text":null,"length":0,"last_read":{"hash":"1rn6s5f","at":1782975294683},"key":"PROJECT_STATE.md#UI診断ディレクター プロジェクト現状#6. フェーズ1.5完了内容（v4 → v5 → v6 → v7）#次に取り組む候補（フェーズ2）#{3}","lines":[154,155],"size":35,"outlinks":[],"class_name":"SmartBlock"},
"smart_blocks:PROJECT_STATE.md#UI診断ディレクター プロジェクト現状#6. フェーズ1.5完了内容（v4 → v5 → v6 → v7）#次に取り組む候補（フェーズ2）#{4}": {"path":null,"last_embed":{"hash":null},"embeddings":{},"text":null,"length":0,"last_read":{"hash":"1alhcef","at":1782975294683},"key":"PROJECT_STATE.md#UI診断ディレクター プロジェクト現状#6. フェーズ1.5完了内容（v4 → v5 → v6 → v7）#次に取り組む候補（フェーズ2）#{4}","lines":[156,157],"size":4,"outlinks":[],"class_name":"SmartBlock"},
"smart_blocks:PROJECT_STATE.md#UI診断ディレクター プロジェクト現状#7. 絶対遵守の運用ルール": {"path":null,"last_embed":{"hash":"1vk9waf","at":1782975304869},"embeddings":{"TaylorAI/bge-micro-v2":{"vec":[-0.08599098,0.0384845,0.03400189,-0.05094624,-0.00289647,0.02901378,-0.04848925,0.03427009,0.04613046,0.01841173,-0.00940334,-0.0644309,0.04322764,0.04717301,0.02330344,-0.01644992,0.01635206,0.01726015,-0.04090001,-0.01837705,0.15684664,-0.02174647,-0.00594793,-0.03428047,-0.00698472,0.04453887,-0.0224685,0.00257802,0.01170789,-0.17047767,-0.05652399,-0.00053415,0.05908665,-0.00507735,0.02297601,0.00301899,-0.04178353,0.0726717,-0.04510821,0.0303967,-0.01652435,0.05129323,0.00744754,-0.0605263,0.04460549,-0.05823981,-0.04316907,-0.02272641,0.00957556,-0.02411597,-0.01968523,0.00690094,0.00644457,0.00509388,-0.00365037,0.01783165,0.06824189,0.04434078,0.00609024,0.01473424,0.02491294,0.03820486,-0.24173819,0.06847288,0.06993902,0.03885931,-0.05033975,-0.00518272,0.03885082,-0.00389115,-0.06506958,0.05268161,0.01973131,0.0601711,-0.01257683,-0.02759702,0.01400085,-0.01518913,0.00241732,-0.0320042,-0.00704989,-0.00422479,-0.04294075,0.00199871,-0.00389216,-0.01730946,0.01778131,0.01720298,0.03121693,0.0643708,-0.04156197,-0.08471884,0.00828211,0.05981705,-0.01032147,0.05953873,0.01158612,0.02293084,-0.06441651,0.11660559,-0.0850713,-0.02282817,0.01427594,-0.00252873,0.02628702,-0.00925657,0.03953167,-0.02496825,-0.02468754,-0.00812631,-0.00079303,0.01889351,0.02411883,-0.04475632,-0.00793293,0.00825801,-0.02655977,-0.0281443,-0.01724764,-0.03269844,0.05210648,0.00907081,-0.0459937,-0.0244398,-0.03180966,-0.00350174,0.03917153,-0.01263154,0.00305662,0.08386353,0.03331827,0.04142928,-0.08354437,0.04618342,0.02061786,0.00927539,-0.00289167,-0.00583552,-0.00851478,0.02217877,0.01012017,-0.0601416,-0.01852612,-0.11156002,-0.0564515,0.09818045,-0.08252595,0.06115504,0.01903248,-0.01395887,-0.02123112,0.03327368,-0.01656935,-0.05589075,0.02620422,-0.05180864,0.0556066,0.08069324,-0.03261295,0.02962666,-0.01609215,-0.00402998,-0.05123778,0.08398978,0.08687373,-0.07809479,-0.0719732,0.03246403,0.03067699,-0.07582004,-0.05184149,0.07235125,0.00362682,-0.04203665,0.06344823,0.0071728,0.03731068,-0.01360196,-0.02945425,0.04070336,0.02962574,-0.08974641,-0.03475873,-0.01988274,-0.03921294,-0.09029513,0.01985345,-0.03881798,-0.01871978,-0.00553968,-0.09386444,0.03238299,-0.00296206,0.01348147,-0.01707049,-0.05729079,-0.00146898,-0.04893181,0.04009547,-0.02586217,0.12014075,0.0544713,-0.02469239,-0.00101964,-0.01950084,0.05121704,0.02600781,-0.02599133,0.02327735,0.02909169,-0.0665395,0.00377251,0.08424407,0.03751606,-0.00488573,-0.00327217,-0.02488208,0.03635266,0.01017293,0.07257626,-0.03258121,0.03178416,-0.03209059,-0.22891426,0.060026,0.03493961,-0.07748418,-0.06544409,-0.03018833,0.01402067,-0.05535017,0.04545619,0.04861116,0.12139695,-0.00333721,-0.00482129,0.02628811,0.00119218,-0.04328362,0.06259463,-0.01208274,-0.00682592,-0.02387669,-0.01549248,-0.02567888,0.01189171,-0.02316736,0.0761533,-0.02690274,0.11161244,0.00455491,0.03561533,-0.004577,0.0951695,0.08119941,-0.03511675,-0.17482063,0.07939203,0.06433028,-0.02249902,0.02316265,-0.00140801,-0.03754848,0.01132953,0.03305183,0.00263332,-0.09445827,-0.00406991,-0.08379343,0.02217002,-0.04364034,-0.04961039,0.05297032,-0.01390731,-0.013309,0.06107843,0.02550741,0.01015839,-0.05515217,-0.02627928,-0.00065389,-0.0023689,0.03742152,-0.01144235,0.01376328,-0.01553839,0.00155345,-0.0199338,0.01180571,0.00974629,-0.01701516,0.01639972,0.0432661,0.00666782,0.1060579,-0.00160801,-0.0105314,0.0080724,0.03818637,-0.0117354,-0.03843443,-0.00141482,-0.01868911,-0.00496759,0.0541831,0.02818524,0.02798599,0.04348356,0.01523933,0.0587067,-0.02740883,0.03192877,-0.01956205,-0.02047071,-0.01035555,-0.02401302,-0.02511845,0.06717658,-0.03536356,-0.32303795,0.02599756,0.01019173,-0.00815235,-0.02184192,0.01642664,0.0170191,-0.0576715,-0.01828298,0.02240618,-0.04009907,0.0948134,0.06151851,-0.03521086,0.04295389,-0.01221559,0.0667971,0.018818,0.0612263,-0.01790749,-0.01995156,0.02681075,0.17471901,0.02438672,0.03279483,-0.04039605,-0.00862737,0.04547185,0.03542976,0.05412642,-0.04379482,0.01152216,0.10818522,0.0245542,-0.00556965,0.00816756,0.02375785,0.02077163,-0.01670374,0.02593029,-0.08478443,0.0123241,-0.05596329,-0.00696352,0.05208222,0.00035891,-0.0404514,-0.06946791,-0.06621934,0.00509542,-0.03167742,-0.0219037,-0.00561209,-0.03021762,0.04519547,0.05172964,-0.01705192,0.00126781,-0.03407694,-0.00449116,0.03129987,-0.02055167,0.08693474,0.00615529,0.02836555],"last_embed":{"tokens":264,"hash":"1vk9waf"}}},"text":null,"length":0,"last_read":{"hash":"1vk9waf","at":1782975304869},"key":"PROJECT_STATE.md#UI診断ディレクター プロジェクト現状#7. 絶対遵守の運用ルール","lines":[158,176],"size":327,"outlinks":[],"class_name":"SmartBlock"},
"smart_blocks:PROJECT_STATE.md#UI診断ディレクター プロジェクト現状#7. 絶対遵守の運用ルール#Instructions J-0「絶対実装ルール」（GPTs側）": {"path":null,"last_embed":{"hash":"280vx3","at":1782975304924},"embeddings":{"TaylorAI/bge-micro-v2":{"vec":[-0.06672873,0.04017609,0.04325966,-0.04976998,-0.01423039,0.03836338,-0.04750716,0.04127911,0.0331117,0.0047518,-0.01992211,-0.07486296,0.03812604,0.04502496,0.01849512,-0.01180871,0.00006148,0.01984221,-0.02511011,-0.01585586,0.1655923,-0.00312599,-0.00927752,-0.02562786,0.00486359,0.05970552,-0.0212833,-0.00421766,0.024802,-0.15813048,-0.06309455,-0.01818483,0.04944653,-0.00908697,0.01854752,0.01266729,-0.04279305,0.08245879,-0.04095446,0.04245316,-0.01624609,0.03083848,0.02730636,-0.05686676,0.05521864,-0.05409523,-0.03051754,-0.00657897,0.00995548,-0.04188313,-0.01331859,-0.01905074,0.01050782,-0.00644292,-0.00503532,0.03412813,0.06761501,0.041881,-0.00203509,0.02834661,0.02147911,0.02132056,-0.2420093,0.06438808,0.07224676,0.04256051,-0.03998014,0.00220891,0.0288797,0.00041848,-0.0635284,0.04168208,0.02798705,0.0587296,-0.01029497,-0.03430272,0.00720259,-0.03778138,0.00109862,-0.03139209,0.00452689,0.0157857,-0.03452396,0.00138521,0.00120421,-0.00316188,0.02949644,0.01271905,0.02915896,0.06215625,-0.03300004,-0.07783939,0.01573795,0.06466018,-0.02344801,0.0356266,0.01740255,0.02663694,-0.04492085,0.11409948,-0.08265331,-0.03570101,0.02554432,0.00064878,0.03628264,-0.01992692,0.0323977,-0.03493934,-0.04018448,-0.00592718,-0.01757488,0.00534688,-0.01871519,-0.03198152,-0.00026147,0.0077865,-0.00678569,-0.03661329,-0.02205949,-0.03466868,0.06878931,0.00544682,-0.05153271,-0.01218369,-0.02868165,-0.01531219,0.0453444,-0.00510993,0.00164312,0.08492873,0.03924485,0.02408748,-0.09659883,0.04441284,0.03458307,0.01430969,-0.00556195,-0.00301602,-0.00315806,0.03452856,-0.00944318,-0.07428515,-0.02437924,-0.09480499,-0.03388002,0.09806383,-0.08457353,0.0525284,0.01332346,0.00801981,-0.01256821,0.04015911,-0.01443114,-0.0344279,0.0189306,-0.04005068,0.04218793,0.06511043,0.000183,0.02485856,-0.00993555,-0.01339215,-0.04561133,0.08384373,0.08073122,-0.09424447,-0.06866112,0.04612618,0.04076802,-0.08015893,-0.05432428,0.06766012,-0.00861577,-0.04370016,0.06887378,0.01288267,0.02428807,-0.00006573,-0.02729923,0.03448261,0.0408595,-0.07970949,-0.0342728,-0.00862515,-0.04629286,-0.07665145,0.01732739,-0.03626673,0.0011927,0.01184862,-0.0870192,0.03258332,-0.06434702,0.00591863,-0.00834881,-0.05891461,-0.0005083,-0.05836535,0.03955984,-0.00624041,0.10866512,0.04525497,-0.03237478,-0.00708358,-0.01445753,0.04093382,0.01092666,-0.01506928,0.02772173,0.0262303,-0.06388216,0.00699061,0.09611423,0.0601365,-0.02667613,0.0124853,-0.03618886,0.04339356,-0.0019429,0.06017632,-0.02303974,0.05303546,-0.03475823,-0.23998041,0.05984812,0.0402143,-0.07969739,-0.06120141,-0.03883856,0.00222241,-0.05188298,0.04837269,0.05398756,0.11000331,0.00608649,-0.02411393,-0.00619821,-0.03539199,-0.04643087,0.04898936,-0.01325034,-0.00804339,-0.01881542,0.00194464,-0.02820557,0.00891678,-0.0490048,0.04369308,-0.02378465,0.10914525,0.0094209,0.02502283,-0.00737123,0.08369368,0.06839596,-0.05748433,-0.16442087,0.06710155,0.06523783,-0.01569991,0.01798612,-0.01505549,-0.05494766,0.02948186,0.04952694,-0.01232678,-0.09773145,0.00985483,-0.07832347,0.0234186,-0.04976958,-0.03114039,0.06223348,-0.02432732,0.00984317,0.05020283,0.0443316,-0.02254357,-0.05674371,-0.02438491,0.01504034,-0.01853213,0.04187337,-0.00715988,0.03453221,-0.02662125,-0.01014479,-0.00916398,0.03053829,-0.01535372,-0.01486086,0.03898919,0.04590654,0.01729814,0.09034955,0.01647528,-0.02021002,0.01711062,0.03347389,-0.01099386,-0.05288394,-0.00601353,-0.0114963,-0.0131203,0.04137773,0.03626615,0.02885459,0.04709314,0.00959115,0.04446501,-0.03031852,0.03029917,-0.01876123,-0.01442705,-0.00118199,-0.01919217,0.0005488,0.06688194,-0.04760266,-0.32174388,0.02634413,0.00899274,-0.00915407,-0.04115093,0.02488277,0.00173887,-0.06267703,-0.03282179,0.02305921,-0.03070587,0.08152445,0.03971992,-0.0237684,0.03842961,-0.00250384,0.08957785,0.0178903,0.07464761,-0.0084293,-0.01472579,0.03246116,0.18103276,0.01895154,0.04246486,-0.04962026,-0.01579347,0.03646519,0.07182156,0.05209432,-0.04872745,0.01220114,0.09951463,0.03220044,0.01209778,-0.00290352,0.02794279,0.00408854,-0.01777223,0.01502954,-0.08798406,-0.00437643,-0.05752121,0.00289561,0.07315598,0.01158872,-0.04250035,-0.08556098,-0.06365458,-0.00347807,-0.03249628,-0.03958542,-0.005062,-0.02012956,0.03511482,0.04754768,0.00456764,0.00377749,-0.02071987,-0.01377166,0.02996892,-0.00582328,0.10304852,0.00594879,0.02361326],"last_embed":{"tokens":181,"hash":"280vx3"}}},"text":null,"length":0,"last_read":{"hash":"280vx3","at":1782975304924},"key":"PROJECT_STATE.md#UI診断ディレクター プロジェクト現状#7. 絶対遵守の運用ルール#Instructions J-0「絶対実装ルール」（GPTs側）","lines":[160,167],"size":202,"outlinks":[],"class_name":"SmartBlock"},
"smart_blocks:PROJECT_STATE.md#UI診断ディレクター プロジェクト現状#7. 絶対遵守の運用ルール#Instructions J-0「絶対実装ルール」（GPTs側）#{1}": {"path":null,"last_embed":{"hash":null},"embeddings":{},"text":null,"length":0,"last_read":{"hash":"1h820o0","at":1782975294683},"key":"PROJECT_STATE.md#UI診断ディレクター プロジェクト現状#7. 絶対遵守の運用ルール#Instructions J-0「絶対実装ルール」（GPTs側）#{1}","lines":[161,161],"size":35,"outlinks":[],"class_name":"SmartBlock"},
"smart_blocks:PROJECT_STATE.md#UI診断ディレクター プロジェクト現状#7. 絶対遵守の運用ルール#Instructions J-0「絶対実装ルール」（GPTs側）#{2}": {"path":null,"last_embed":{"hash":null},"embeddings":{},"text":null,"length":0,"last_read":{"hash":"12sxisk","at":1782975294683},"key":"PROJECT_STATE.md#UI診断ディレクター プロジェクト現状#7. 絶対遵守の運用ルール#Instructions J-0「絶対実装ルール」（GPTs側）#{2}","lines":[162,162],"size":18,"outlinks":[],"class_name":"SmartBlock"},
"smart_blocks:PROJECT_STATE.md#UI診断ディレクター プロジェクト現状#7. 絶対遵守の運用ルール#Instructions J-0「絶対実装ルール」（GPTs側）#{3}": {"path":null,"last_embed":{"hash":null},"embeddings":{},"text":null,"length":0,"last_read":{"hash":"1ct1ysl","at":1782975294683},"key":"PROJECT_STATE.md#UI診断ディレクター プロジェクト現状#7. 絶対遵守の運用ルール#Instructions J-0「絶対実装ルール」（GPTs側）#{3}","lines":[163,163],"size":23,"outlinks":[],"class_name":"SmartBlock"},
"smart_blocks:PROJECT_STATE.md#UI診断ディレクター プロジェクト現状#7. 絶対遵守の運用ルール#Instructions J-0「絶対実装ルール」（GPTs側）#{4}": {"path":null,"last_embed":{"hash":null},"embeddings":{},"text":null,"length":0,"last_read":{"hash":"ryzhcu","at":1782975294683},"key":"PROJECT_STATE.md#UI診断ディレクター プロジェクト現状#7. 絶対遵守の運用ルール#Instructions J-0「絶対実装ルール」（GPTs側）#{4}","lines":[164,164],"size":23,"outlinks":[],"class_name":"SmartBlock"},
"smart_blocks:PROJECT_STATE.md#UI診断ディレクター プロジェクト現状#7. 絶対遵守の運用ルール#Instructions J-0「絶対実装ルール」（GPTs側）#{5}": {"path":null,"last_embed":{"hash":null},"embeddings":{},"text":null,"length":0,"last_read":{"hash":"187f1do","at":1782975294683},"key":"PROJECT_STATE.md#UI診断ディレクター プロジェクト現状#7. 絶対遵守の運用ルール#Instructions J-0「絶対実装ルール」（GPTs側）#{5}","lines":[165,165],"size":24,"outlinks":[],"class_name":"SmartBlock"},
"smart_blocks:PROJECT_STATE.md#UI診断ディレクター プロジェクト現状#7. 絶対遵守の運用ルール#Instructions J-0「絶対実装ルール」（GPTs側）#{6}": {"path":null,"last_embed":{"hash":null},"embeddings":{},"text":null,"length":0,"last_read":{"hash":"1yics80","at":1782975294683},"key":"PROJECT_STATE.md#UI診断ディレクター プロジェクト現状#7. 絶対遵守の運用ルール#Instructions J-0「絶対実装ルール」（GPTs側）#{6}","lines":[166,167],"size":37,"outlinks":[],"class_name":"SmartBlock"},
"smart_blocks:PROJECT_STATE.md#UI診断ディレクター プロジェクト現状#7. 絶対遵守の運用ルール#開発フロー": {"path":null,"last_embed":{"hash":null},"embeddings":{},"text":null,"length":0,"last_read":{"hash":"cgsam5","at":1782975294683},"key":"PROJECT_STATE.md#UI診断ディレクター プロジェクト現状#7. 絶対遵守の運用ルール#開発フロー","lines":[168,176],"size":106,"outlinks":[],"class_name":"SmartBlock"},
"smart_blocks:PROJECT_STATE.md#UI診断ディレクター プロジェクト現状#7. 絶対遵守の運用ルール#開発フロー#{1}": {"path":null,"last_embed":{"hash":null},"embeddings":{},"text":null,"length":0,"last_read":{"hash":"rxbpf2","at":1782975294683},"key":"PROJECT_STATE.md#UI診断ディレクター プロジェクト現状#7. 絶対遵守の運用ルール#開発フロー#{1}","lines":[169,169],"size":34,"outlinks":[],"class_name":"SmartBlock"},
"smart_blocks:PROJECT_STATE.md#UI診断ディレクター プロジェクト現状#7. 絶対遵守の運用ルール#開発フロー#{2}": {"path":null,"last_embed":{"hash":null},"embeddings":{},"text":null,"length":0,"last_read":{"hash":"1qletd3","at":1782975294683},"key":"PROJECT_STATE.md#UI診断ディレクター プロジェクト現状#7. 絶対遵守の運用ルール#開発フロー#{2}","lines":[170,170],"size":9,"outlinks":[],"class_name":"SmartBlock"},
"smart_blocks:PROJECT_STATE.md#UI診断ディレクター プロジェクト現状#7. 絶対遵守の運用ルール#開発フロー#{3}": {"path":null,"last_embed":{"hash":null},"embeddings":{},"text":null,"length":0,"last_read":{"hash":"15wpucu","at":1782975294683},"key":"PROJECT_STATE.md#UI診断ディレクター プロジェクト現状#7. 絶対遵守の運用ルール#開発フロー#{3}","lines":[171,171],"size":12,"outlinks":[],"class_name":"SmartBlock"},
"smart_blocks:PROJECT_STATE.md#UI診断ディレクター プロジェクト現状#7. 絶対遵守の運用ルール#開発フロー#{4}": {"path":null,"last_embed":{"hash":null},"embeddings":{},"text":null,"length":0,"last_read":{"hash":"1q1inm2","at":1782975294683},"key":"PROJECT_STATE.md#UI診断ディレクター プロジェクト現状#7. 絶対遵守の運用ルール#開発フロー#{4}","lines":[172,172],"size":15,"outlinks":[],"class_name":"SmartBlock"},
"smart_blocks:PROJECT_STATE.md#UI診断ディレクター プロジェクト現状#7. 絶対遵守の運用ルール#開発フロー#{5}": {"path":null,"last_embed":{"hash":null},"embeddings":{},"text":null,"length":0,"last_read":{"hash":"efech6","at":1782975294683},"key":"PROJECT_STATE.md#UI診断ディレクター プロジェクト現状#7. 絶対遵守の運用ルール#開発フロー#{5}","lines":[173,174],"size":17,"outlinks":[],"class_name":"SmartBlock"},
"smart_blocks:PROJECT_STATE.md#UI診断ディレクター プロジェクト現状#7. 絶対遵守の運用ルール#開発フロー#{6}": {"path":null,"last_embed":{"hash":null},"embeddings":{},"text":null,"length":0,"last_read":{"hash":"1alhcef","at":1782975294683},"key":"PROJECT_STATE.md#UI診断ディレクター プロジェクト現状#7. 絶対遵守の運用ルール#開発フロー#{6}","lines":[175,176],"size":4,"outlinks":[],"class_name":"SmartBlock"},
"smart_blocks:PROJECT_STATE.md#UI診断ディレクター プロジェクト現状#8. 関連ドキュメント": {"path":null,"last_embed":{"hash":"1vc1t0f","at":1782975304966},"embeddings":{"TaylorAI/bge-micro-v2":{"vec":[-0.04039194,0.00763723,0.05418276,-0.04508376,0.01062244,0.04531481,-0.03481491,0.02755404,0.00818917,-0.01842652,-0.02622885,-0.05312989,0.04625555,0.02468899,-0.00850104,-0.03255755,-0.02416162,0.00976526,0.00869805,-0.01307519,0.1581015,-0.01947109,-0.0429695,-0.05239559,0.02168483,0.08869159,0.0171831,-0.02791964,0.01600082,-0.19547327,-0.07772169,0.03415526,-0.00916746,-0.03073457,0.02510948,-0.00435425,-0.03500707,0.04958184,-0.06881189,0.01524781,0.02164166,0.05153696,0.01252452,-0.05945396,0.05863472,-0.05755039,-0.07172071,-0.00457929,0.0207009,-0.02388059,-0.00763332,0.03244033,0.02517804,0.00995316,-0.01536122,0.01637301,0.07377929,0.0262768,0.02971986,0.00637885,0.04251219,0.07770051,-0.21961445,0.04634754,0.02478867,0.03952495,-0.01613176,-0.02649591,0.05836981,-0.00008542,-0.06030396,0.01168467,-0.01160084,0.06930362,-0.01992812,0.0066319,-0.00990546,-0.06279963,-0.00040575,-0.01294031,0.01388109,0.00740376,-0.00530009,0.02201884,0.02724066,-0.01705713,0.0056798,0.03868299,0.02448288,0.05849746,-0.0236568,-0.10189084,0.00147177,0.03735822,-0.05910792,0.04563295,0.04086301,0.02868012,-0.04815248,0.13058214,-0.10372137,-0.01202674,0.0100161,0.02789862,0.03054821,0.00796787,0.0279085,-0.0218347,-0.03707756,-0.02461389,-0.01642566,0.00664837,-0.00709239,-0.04749718,-0.00887397,-0.00174316,0.00325638,-0.01669866,-0.01294639,-0.00972292,0.04630858,-0.00450855,0.02595492,-0.01074867,-0.01010751,-0.01804276,0.04700836,-0.00646947,-0.01937482,0.06506339,0.04356315,0.01720651,-0.08606406,-0.02330643,0.0052323,0.01852136,0.00982449,-0.00102363,-0.01810333,0.00959016,-0.01911616,-0.04737503,-0.00817136,-0.05726078,-0.05458427,0.09562426,-0.06294675,0.04539125,0.00955722,-0.03446286,0.01926397,0.05690441,-0.00192708,-0.02293284,-0.02303922,-0.00789015,0.02681635,0.04997046,-0.00303736,0.0188729,0.00033093,-0.01675153,-0.04707409,0.12881206,0.06655996,-0.08635788,-0.03609086,-0.00009853,0.02873111,-0.03190158,-0.03764026,0.06463935,-0.00319958,-0.01578088,0.02625107,-0.00385142,0.02746319,-0.00752349,-0.03506688,0.03761099,0.05702403,-0.07118677,-0.07219671,0.01066895,-0.02864929,-0.07000437,0.01042757,-0.04303247,-0.00442203,-0.02696853,-0.07795003,0.04579397,-0.01768788,0.00433854,-0.01267082,-0.00086799,-0.04539689,-0.07479855,0.06373964,-0.03848888,0.14247611,0.05518779,-0.02207357,-0.0042075,-0.02166251,0.01792555,0.01848873,-0.03172471,-0.0233865,0.03266837,-0.04448973,0.02383343,0.10188842,0.04851949,-0.03528754,-0.00272779,0.00312793,0.02428875,-0.01258034,0.06795186,0.00790153,0.05053534,-0.06003875,-0.2348025,0.0242605,0.01989359,-0.0466592,-0.04167113,-0.02343982,-0.02167792,-0.04792764,0.07172868,0.07417259,0.11837099,0.02441909,-0.04347909,-0.00455999,-0.02329084,-0.01978423,0.03961477,-0.00838965,-0.01809441,-0.07199952,-0.02811513,-0.01470131,-0.01444951,-0.06303575,0.06876923,-0.05652206,0.13260843,-0.00767709,0.02396851,0.01347014,0.07666606,0.03888103,-0.04011763,-0.16359554,0.07422352,0.08393081,-0.02233965,0.04525991,0.00063695,-0.05332209,0.01748712,0.03293255,-0.0346052,-0.1186372,0.01020796,-0.09624457,0.05644502,-0.04219549,-0.02692554,0.08594704,0.02601,0.01552547,0.03344889,0.01925725,-0.01025452,-0.0460737,-0.03643289,0.02428551,-0.01051672,0.01410585,0.00985856,-0.00136618,-0.01614466,-0.02073134,-0.00845173,0.00547205,-0.01630667,-0.02737496,0.07467571,0.00512637,0.00989023,0.09783665,-0.00875436,-0.03246437,-0.01167733,0.04225519,-0.01906353,-0.03891004,-0.01912579,-0.02297771,-0.053191,0.0952165,0.04051998,0.02622542,0.03068898,-0.00983413,0.02979958,0.02023368,0.04839931,-0.00147656,-0.01442268,0.04107699,-0.0204227,-0.02255003,0.09991098,0.02127355,-0.31554857,0.02591442,0.01550796,-0.0061336,-0.00612851,0.01554064,0.04535884,-0.00125838,-0.05414604,-0.01638115,-0.01642873,0.05602825,0.04402564,-0.01266464,0.01625662,-0.01400883,0.08280589,-0.00129356,0.03929936,-0.03456049,-0.04208003,0.00624265,0.18965104,0.02012123,0.03328396,-0.02326619,0.0152786,0.02967136,0.06568459,0.05037748,-0.03535369,0.01677627,0.08911389,0.02302391,0.052825,0.08572043,0.00668901,-0.00990468,-0.03367744,0.02139725,-0.02899981,-0.02757416,-0.02414162,-0.00840647,0.08033805,0.00710091,-0.07243959,-0.04266606,-0.02026637,-0.0197356,-0.07102246,-0.059931,-0.02049969,-0.02810026,0.04529829,0.01772641,0.01891091,-0.01417879,-0.01991172,0.0075372,0.01346871,-0.0234526,0.0651845,0.02507996,0.03090547],"last_embed":{"tokens":154,"hash":"1vc1t0f"}}},"text":null,"length":0,"last_read":{"hash":"1vc1t0f","at":1782975304966},"key":"PROJECT_STATE.md#UI診断ディレクター プロジェクト現状#8. 関連ドキュメント","lines":[177,185],"size":242,"outlinks":[],"class_name":"SmartBlock"},
"smart_blocks:PROJECT_STATE.md#UI診断ディレクター プロジェクト現状#8. 関連ドキュメント#{1}": {"path":null,"last_embed":{"hash":null},"embeddings":{},"text":null,"length":0,"last_read":{"hash":"y7cy05","at":1782975294683},"key":"PROJECT_STATE.md#UI診断ディレクター プロジェクト現状#8. 関連ドキュメント#{1}","lines":[179,179],"size":48,"outlinks":[],"class_name":"SmartBlock"},
"smart_blocks:PROJECT_STATE.md#UI診断ディレクター プロジェクト現状#8. 関連ドキュメント#{2}": {"path":null,"last_embed":{"hash":null},"embeddings":{},"text":null,"length":0,"last_read":{"hash":"yh7ah0","at":1782975294683},"key":"PROJECT_STATE.md#UI診断ディレクター プロジェクト現状#8. 関連ドキュメント#{2}","lines":[180,180],"size":52,"outlinks":[],"class_name":"SmartBlock"},
"smart_blocks:PROJECT_STATE.md#UI診断ディレクター プロジェクト現状#8. 関連ドキュメント#{3}": {"path":null,"last_embed":{"hash":null},"embeddings":{},"text":null,"length":0,"last_read":{"hash":"zzfbq7","at":1782975294683},"key":"PROJECT_STATE.md#UI診断ディレクター プロジェクト現状#8. 関連ドキュメント#{3}","lines":[181,181],"size":71,"outlinks":[],"class_name":"SmartBlock"},
"smart_blocks:PROJECT_STATE.md#UI診断ディレクター プロジェクト現状#8. 関連ドキュメント#{4}": {"path":null,"last_embed":{"hash":null},"embeddings":{},"text":null,"length":0,"last_read":{"hash":"19yrhtl","at":1782975294683},"key":"PROJECT_STATE.md#UI診断ディレクター プロジェクト現状#8. 関連ドキュメント#{4}","lines":[182,183],"size":47,"outlinks":[],"class_name":"SmartBlock"},
"smart_blocks:PROJECT_STATE.md#UI診断ディレクター プロジェクト現状#8. 関連ドキュメント#{5}": {"path":null,"last_embed":{"hash":null},"embeddings":{},"text":null,"length":0,"last_read":{"hash":"1alhcef","at":1782975294683},"key":"PROJECT_STATE.md#UI診断ディレクター プロジェクト現状#8. 関連ドキュメント#{5}","lines":[184,185],"size":4,"outlinks":[],"class_name":"SmartBlock"},
"smart_blocks:PROJECT_STATE.md#UI診断ディレクター プロジェクト現状#9. 次回セッション再開時の指示テンプレート": {"path":null,"last_embed":{"hash":"tbq0b4","at":1782975305004},"embeddings":{"TaylorAI/bge-micro-v2":{"vec":[-0.10604598,-0.02416176,0.05570322,-0.04349627,-0.0273236,-0.01404404,-0.01758099,0.00176193,0.00286331,0.00944767,-0.0479073,-0.04071787,0.07728794,0.04774141,0.01497053,-0.06085173,0.01324025,-0.00157293,-0.04229546,0.01711201,0.14812636,0.00206968,0.02115946,-0.02045757,0.00539958,0.06360514,0.00550487,-0.03160385,0.01068206,-0.17108853,-0.04965683,0.00932468,0.01911851,0.01072778,0.04562687,-0.01047072,-0.0244459,0.05351917,-0.01715798,0.04604052,0.03299179,0.04582295,0.0443437,-0.07865473,0.04540306,-0.02827684,-0.05575376,-0.0109685,0.02684884,0.01381397,0.00655327,-0.00812867,0.00829691,0.05300323,0.03685973,0.04581627,0.0503117,0.06069553,0.01305326,-0.005029,0.03487729,0.05272244,-0.20803066,0.03913762,0.0645332,0.03793333,-0.01629611,-0.03079296,0.04588716,0.0058161,-0.04779905,0.02216334,0.00545903,0.05844695,-0.01037416,-0.04643797,0.00464094,-0.05367737,0.01084435,-0.0543189,-0.00493743,0.0543004,-0.00161422,0.03088438,0.03781482,0.02351432,0.00472272,0.00534939,0.04422667,0.06536072,-0.02513271,-0.09162264,0.03773428,0.06788152,-0.03336563,0.02916498,0.01629852,0.05720356,-0.06277323,0.13555965,-0.07715333,-0.01311507,0.05316241,-0.03775837,0.02203376,0.00225028,0.01488164,-0.02490644,-0.03596729,0.00343496,-0.04275071,0.02157763,-0.02753943,-0.05340618,0.0053626,-0.01881686,0.0210657,0.005998,-0.04488906,-0.02886946,0.06320423,0.03935213,-0.02903903,-0.05259946,-0.03112179,-0.00094263,0.02785291,-0.0147006,-0.00348938,0.04910269,0.01124474,0.00145091,-0.10568429,-0.00179887,-0.04658211,0.01576901,-0.02723493,-0.00931728,-0.02712058,-0.00313347,0.03281049,-0.09009144,-0.00265887,-0.08653779,-0.06675042,0.10492188,-0.06158588,0.03443477,-0.00560113,-0.01380291,0.02261619,0.04422548,-0.06914498,-0.03732057,0.00559348,-0.00431308,-0.00221585,0.07021607,-0.01071851,0.03393777,-0.00296337,-0.04115865,-0.04465928,0.08002826,0.04688244,-0.093542,-0.03916289,0.03736444,0.00666746,0.00349188,-0.05255441,0.05195226,0.00584187,-0.02157203,0.07247707,0.00518455,0.0438555,-0.0485183,-0.03758397,0.03749993,0.01321295,-0.07606923,-0.08815692,-0.01361411,-0.00731919,-0.05996493,-0.00181751,-0.03234177,-0.04011926,-0.00633773,-0.08865057,0.03196654,-0.0154457,0.01371538,-0.01594059,-0.01799246,0.00778092,-0.0732043,0.05847482,0.00225501,0.11231183,0.10757139,-0.05053833,-0.00345633,0.00148236,0.03542793,0.00834932,-0.0047728,-0.02249747,0.02916239,-0.07780664,0.00922339,0.09474859,0.02587111,-0.00727607,-0.04076622,0.01136515,0.02158312,0.03224047,0.08073021,-0.01612234,0.0225944,-0.04628995,-0.22060725,0.05055248,0.00516131,-0.07020526,-0.06160632,-0.05664787,0.01223346,-0.08780591,0.06029153,0.03271238,0.13286266,-0.00229927,-0.03595441,0.00340902,-0.01929074,-0.03559776,0.06347048,-0.01698066,-0.00356383,-0.04901091,-0.01382995,-0.00380092,0.03921729,-0.04413062,0.07178571,-0.04697725,0.09776273,0.01038689,0.00818437,0.03283734,0.09031289,0.04712545,-0.02048997,-0.17076486,0.05257937,0.04982306,-0.04372958,-0.00009666,-0.02226085,-0.04254351,0.01570298,0.01860288,0.00492687,-0.11220019,0.00023268,-0.02896078,0.03626601,-0.09591532,-0.05148694,0.0375477,0.01310431,-0.01621663,-0.00068809,0.04756856,-0.01063203,-0.00890082,-0.03615898,0.01828208,0.01332623,0.03024123,0.02344793,0.01572692,-0.00519629,-0.03168543,0.01393825,0.02188469,-0.00676294,-0.00935134,0.04381352,0.00920454,0.00617982,0.09292474,-0.00472501,0.00546729,0.03406088,0.03123923,-0.02263159,-0.01266395,-0.00926012,0.01965935,-0.02078127,0.01773146,0.04210102,0.06952856,0.02766937,-0.0056101,0.0505484,-0.02284974,0.01105883,-0.00525088,0.00248705,-0.01606788,-0.02334401,-0.0143348,0.06251103,0.01142181,-0.33224666,0.05647967,0.03176292,0.02474901,-0.02380831,-0.00447238,0.04580482,-0.01589276,-0.03804145,0.0039591,-0.00598833,0.03958195,0.04980547,-0.00792318,0.02498988,-0.00518816,0.04386319,0.03247126,0.05595362,-0.04123549,-0.02565578,0.02661504,0.17970368,-0.01567847,0.06111589,-0.03019305,-0.01707814,0.05671507,0.05502048,0.04461339,-0.06914835,-0.01831712,0.13271099,0.05636061,0.00277232,0.03127454,0.01872906,-0.02832149,-0.017143,0.00686808,-0.07876564,0.00187588,-0.04510872,0.00292684,0.10771944,-0.00772493,-0.04077366,-0.06155637,-0.00647382,0.00189347,-0.03506453,-0.06955501,-0.03638838,0.00375575,0.06137062,0.03947341,0.01601805,-0.01116719,-0.03736223,-0.00280169,0.00037832,0.03242021,0.05348422,-0.00259133,0.01564279],"last_embed":{"tokens":339,"hash":"tbq0b4"}}},"text":null,"length":0,"last_read":{"hash":"tbq0b4","at":1782975305004},"key":"PROJECT_STATE.md#UI診断ディレクター プロジェクト現状#9. 次回セッション再開時の指示テンプレート","lines":[186,206],"size":449,"outlinks":[],"class_name":"SmartBlock"},
"smart_blocks:PROJECT_STATE.md#UI診断ディレクター プロジェクト現状#9. 次回セッション再開時の指示テンプレート#{1}": {"path":null,"last_embed":{"hash":"1kq1ekv","at":1782975305088},"embeddings":{"TaylorAI/bge-micro-v2":{"vec":[-0.10342512,-0.02388927,0.05079236,-0.04399576,-0.03194349,-0.0080704,-0.01247452,-0.00423772,0.00565613,0.011816,-0.0515008,-0.03595342,0.07781877,0.04611887,0.00967358,-0.06570426,0.01372209,-0.0003825,-0.04826174,0.01652659,0.14880434,0.00006784,0.02000326,-0.01908339,0.00976861,0.05752442,0.00649385,-0.03361144,0.01034441,-0.17350329,-0.0528077,0.0073376,0.02430412,0.0169235,0.05184422,-0.01119493,-0.02509444,0.05027835,-0.01997931,0.05580959,0.03493958,0.04902297,0.04737686,-0.07836726,0.04333453,-0.03104956,-0.04593723,-0.01350842,0.02486815,0.00621376,0.01298202,-0.00832855,0.00803699,0.05601877,0.04430547,0.04362969,0.05365059,0.06554484,0.01592294,-0.01437633,0.03539433,0.04803175,-0.20783187,0.03880014,0.0675133,0.03481408,-0.01411348,-0.02875063,0.04611917,0.00616418,-0.04865526,0.01812885,0.00619066,0.06145354,-0.01877921,-0.05184424,0.00359301,-0.06037717,0.0169954,-0.05564333,-0.00239842,0.05703695,-0.00246507,0.0318925,0.03846857,0.02125957,0.00141647,0.00527122,0.04437661,0.06067298,-0.01665013,-0.09412238,0.03740551,0.06484866,-0.03452577,0.02260387,0.01511234,0.05766157,-0.06774984,0.13846241,-0.07317293,-0.0130431,0.05640097,-0.03342018,0.02203327,0.00438019,0.00938965,-0.02862675,-0.03481732,0.00083915,-0.0494086,0.02678845,-0.02106361,-0.05051685,0.00880819,-0.0207785,0.02266178,0.00607107,-0.04393772,-0.02393013,0.06024677,0.04257148,-0.02975249,-0.05588053,-0.02753552,-0.00041378,0.02704941,-0.014708,-0.00526645,0.05416157,0.01218085,-0.00525512,-0.10156094,-0.00829772,-0.0541204,0.01534495,-0.02774285,-0.00979764,-0.02589105,-0.00523801,0.0294927,-0.08782889,-0.00430952,-0.08618837,-0.06105452,0.10738717,-0.0605891,0.03065224,-0.00247111,-0.00903744,0.02526483,0.04062822,-0.07314657,-0.0425252,0.00718216,-0.0021511,-0.00379257,0.07000376,-0.01440569,0.03695289,-0.00009788,-0.03679735,-0.03926954,0.07984173,0.04149754,-0.09213581,-0.03755008,0.03815152,0.00049791,0.00601249,-0.05202626,0.05413081,0.00987964,-0.01760749,0.0747294,-0.00098257,0.03845799,-0.04944202,-0.0342446,0.03597344,0.01590724,-0.07852174,-0.09091788,-0.01625363,-0.00512495,-0.05239378,0.00130401,-0.03292219,-0.03985674,-0.01098171,-0.08834776,0.02840854,-0.01788226,0.02092878,-0.01614095,-0.0181935,0.00361127,-0.06394169,0.058502,-0.00002844,0.11064162,0.10839108,-0.05456879,-0.00204415,0.00470987,0.04572919,0.01209131,-0.00620833,-0.02051525,0.02846043,-0.08074621,0.00895726,0.09514704,0.02411148,-0.00231029,-0.04113945,0.01033883,0.03043287,0.02664323,0.07965745,-0.01259859,0.01608429,-0.04594661,-0.21686839,0.04797363,0.0051242,-0.06656428,-0.06162098,-0.05866529,0.00713567,-0.08849782,0.0578477,0.03103973,0.132571,0.00575905,-0.0443785,0.00361428,-0.02053029,-0.03208839,0.0625175,-0.01428309,0.00033773,-0.04715879,-0.01733917,-0.00718014,0.03681585,-0.04443579,0.07214564,-0.04774828,0.09666127,0.01243244,0.00867579,0.03391595,0.08843075,0.04933239,-0.0195873,-0.16831678,0.04897587,0.04417809,-0.04402528,-0.00396451,-0.01671776,-0.04369115,0.01154482,0.02520238,0.00187566,-0.10751172,0.00259839,-0.02526969,0.03913769,-0.09322929,-0.04574044,0.03450571,0.01369123,-0.01311304,-0.00119348,0.04846345,-0.00992698,-0.0085724,-0.03861579,0.02091502,0.00640613,0.03012061,0.02494748,0.01473163,-0.00597362,-0.04044281,0.01243346,0.0223558,-0.01329855,-0.01490346,0.04819192,0.00799446,0.00384232,0.08817116,-0.01097436,0.00926956,0.0402947,0.03197161,-0.02344442,-0.0128103,-0.0046036,0.02209727,-0.02639393,0.01866047,0.03889852,0.06905209,0.0319107,-0.01239086,0.05051005,-0.01830267,0.01346458,-0.001919,0.0101461,-0.01656969,-0.02795723,-0.01442953,0.06175219,0.01198919,-0.33615512,0.05693236,0.02994988,0.02714146,-0.03039626,-0.00377438,0.04532963,-0.01331668,-0.03435281,0.00621054,-0.0058312,0.03710951,0.04758504,-0.00323173,0.01920714,-0.00568827,0.042385,0.03052028,0.06306116,-0.03844913,-0.02624294,0.02521099,0.17744511,-0.01149877,0.06764583,-0.03027953,-0.01277858,0.05769804,0.05509603,0.03699893,-0.06939045,-0.02478716,0.13383086,0.05540261,-0.00481514,0.02671517,0.01919334,-0.02752912,-0.02141495,0.01587473,-0.07700479,0.01166508,-0.04450899,-0.00808764,0.10485692,-0.00609667,-0.04367644,-0.05813626,-0.00673501,-0.00007855,-0.03189425,-0.06709566,-0.03439102,-0.0005043,0.06036484,0.03558845,0.02146432,-0.00996502,-0.0440827,-0.00699162,-0.00113872,0.03313459,0.04949861,0.00038222,0.01999337],"last_embed":{"tokens":338,"hash":"1kq1ekv"}}},"text":null,"length":0,"last_read":{"hash":"1kq1ekv","at":1782975305088},"key":"PROJECT_STATE.md#UI診断ディレクター プロジェクト現状#9. 次回セッション再開時の指示テンプレート#{1}","lines":[188,206],"size":422,"outlinks":[],"class_name":"SmartBlock"},