"smart_sources:handover/HANDOVER_20260702.md": {"path":"handover/HANDOVER_20260702.md","last_embed":{"hash":"1svc2fs","at":1782976629712},"embeddings":{"TaylorAI/bge-micro-v2":{"vec":[-0.04375957,-0.05529827,0.01964324,-0.02140597,0.04400713,0.0275782,-0.0279817,0.00017338,0.03484006,-0.01131989,-0.00963746,-0.04455648,0.03474365,0.03491561,0.00633426,-0.03517792,0.01309912,-0.02534118,-0.08457891,-0.0014495,0.11007117,-0.01730759,-0.00491921,-0.03316083,0.06081126,0.01296887,-0.00170369,-0.05655963,-0.01175254,-0.15060304,-0.05197255,0.03231534,-0.03780185,0.00357561,0.01196231,0.00494399,0.0125049,0.04542154,-0.03413186,0.03574809,-0.01093844,0.04321104,0.04232662,-0.02477487,0.02464725,-0.04272192,-0.04467192,-0.0082182,0.00989451,-0.0479839,0.00843986,0.01379048,0.00960719,-0.00077117,0.0474074,0.03938883,0.02526418,-0.00586325,0.03347332,0.02075554,0.0415294,0.03438304,-0.22438605,0.05557842,-0.02086193,-0.00826919,0.00481766,0.00998121,0.02738089,0.06391456,-0.02951355,-0.01755359,0.00061335,0.07725488,0.00157974,-0.046763,-0.01389082,-0.05317425,-0.0750779,-0.03458786,-0.02774135,0.03802183,0.02104729,-0.02038179,-0.01158571,-0.00780511,0.04272981,-0.01804435,-0.0200133,0.07680106,-0.01176708,-0.03041792,0.09893607,0.05466338,-0.06528521,0.0137025,0.0498892,0.05146087,-0.08342502,0.07957363,-0.07051682,0.01718912,0.034104,-0.05369771,0.05967551,-0.04845561,0.00059301,-0.03585792,-0.01084278,-0.0584333,-0.07114679,-0.03363978,0.022884,-0.05038863,-0.02645601,0.03930208,0.05704654,0.00616594,0.01757202,-0.00441315,0.04230142,-0.00994211,0.03731697,-0.01956844,-0.04089027,0.00276267,0.02841972,0.03060055,-0.00264467,0.04748529,0.05391363,0.00833478,-0.07753086,-0.0255827,0.02851627,0.01590542,0.00279604,0.00033068,0.01195334,-0.04284913,-0.0332173,-0.13380457,-0.01828894,-0.08685047,-0.03397721,0.09422465,-0.09502815,-0.00425426,0.02655248,-0.02412605,0.00865746,0.06875625,0.00463302,-0.06209849,-0.00345778,0.00468685,0.04183167,0.09697395,-0.007993,0.00931511,0.01428729,-0.03160632,-0.09516096,0.05253898,0.03034762,-0.08638922,-0.01265892,0.05747934,0.02107489,-0.01978144,-0.01776467,0.01102042,-0.00790958,-0.00870345,0.12805876,0.02535048,0.07960714,-0.00057385,-0.03677555,-0.00943776,0.02118397,-0.04205157,-0.04440894,0.02606137,0.02508677,-0.06493992,-0.03045337,-0.04525351,0.07199302,-0.03135402,-0.06654705,-0.00102355,-0.05568777,0.02326202,-0.01990111,-0.04257323,-0.05678951,0.00945464,0.06226731,-0.08017056,0.12741733,0.04290638,-0.05640732,-0.05172559,0.0085054,-0.01067046,0.0508061,-0.01005636,-0.05681285,0.04873379,-0.04722962,0.00898226,0.06882899,0.02303478,0.03676358,-0.01865973,-0.0127718,0.03346372,-0.00966913,0.03095342,0.04227178,-0.01806185,-0.02981536,-0.2106896,0.03849075,0.05578975,-0.04200053,-0.03481895,-0.02934957,0.03022979,-0.03611012,0.13013741,0.04069728,0.10102869,0.00859378,-0.03121967,0.00263828,-0.04397689,0.01344125,0.0446851,0.0423433,-0.04134439,-0.01718889,0.00149268,0.04692905,-0.02958915,0.00555013,0.06790961,-0.03577269,0.0790343,-0.00635485,-0.00808119,-0.00868951,0.05779445,0.0053287,-0.03335299,-0.04743062,0.06060348,0.06638147,-0.05265498,-0.01294355,-0.02282893,-0.03972748,0.0436637,0.05540619,-0.028633,-0.11063523,-0.04754218,-0.08609805,-0.00859879,-0.08736241,-0.04320931,0.04338447,-0.00730626,-0.00127846,0.02083002,0.0647702,0.03726206,-0.04654225,-0.0507729,-0.01169005,0.00589508,0.07018546,0.00933088,-0.01016053,-0.02380741,-0.00068918,-0.0158074,0.01748547,0.01407773,0.0241736,0.00572992,0.01802626,0.01929625,0.09313866,0.01994478,0.02853847,0.04330105,0.01861239,-0.0128126,-0.01973923,0.04026246,-0.04885148,0.03938724,0.02175382,0.09229888,0.04549147,-0.00145077,0.01515699,0.05503073,0.00090751,0.06653573,-0.00078083,-0.06234327,0.03679165,-0.00515529,-0.00486925,0.04897288,0.01601856,-0.34360281,-0.00458456,-0.01141455,0.00832561,0.00569997,0.0458467,0.02574883,0.01516791,-0.10497191,0.05332428,-0.09403979,0.05715565,0.04521469,-0.0056988,-0.00618705,-0.07030858,0.05511731,-0.00661247,-0.01372788,-0.05167989,-0.0658603,-0.01960052,0.19481392,0.01598832,0.02564996,-0.04536036,0.01189849,0.01671499,0.06018763,0.02995133,-0.05994428,0.01997553,0.0828114,-0.04179204,0.03843884,0.06331567,-0.01064067,0.03747594,0.00264916,-0.07771566,-0.00852548,-0.01363033,-0.00833568,-0.02766173,0.10831396,0.00682639,-0.04516278,-0.03366584,0.05929199,0.0233492,-0.04965596,-0.01340636,-0.01292207,-0.02969444,0.06012351,-0.01228199,0.06370088,-0.01185077,-0.01419193,0.02599638,0.04282421,0.01116687,0.00640139,0.04995083,0.07179997],"last_embed":{"tokens":482,"hash":"1svc2fs"}}},"last_read":{"hash":"1svc2fs","at":1782976629712},"class_name":"SmartSource","last_import":{"mtime":1782976577063,"size":6398,"at":1782976620383,"hash":"1svc2fs"},"blocks":{"#HANDOVER 2026-07-02（水）":[1,131],"#HANDOVER 2026-07-02（水）#{1}":[3,7],"#HANDOVER 2026-07-02（水）#1. 本日の目的":[8,17],"#HANDOVER 2026-07-02（水）#1. 本日の目的#{1}":[10,11],"#HANDOVER 2026-07-02（水）#1. 本日の目的#{2}":[12,12],"#HANDOVER 2026-07-02（水）#1. 本日の目的#{3}":[13,13],"#HANDOVER 2026-07-02（水）#1. 本日の目的#{4}":[14,15],"#HANDOVER 2026-07-02（水）#1. 本日の目的#{5}":[16,17],"#HANDOVER 2026-07-02（水）#2. 実装した変更":[18,72],"#HANDOVER 2026-07-02（水）#2. 実装した変更#2.1 帯共通の新仕様（3箇所すべて統一）":[20,35],"#HANDOVER 2026-07-02（水）#2. 実装した変更#2.1 帯共通の新仕様（3箇所すべて統一）#{1}":[22,31],"#HANDOVER 2026-07-02（水）#2. 実装した変更#2.1 帯共通の新仕様（3箇所すべて統一）#{2}":[32,32],"#HANDOVER 2026-07-02（水）#2. 実装した変更#2.1 帯共通の新仕様（3箇所すべて統一）#{3}":[33,33],"#HANDOVER 2026-07-02（水）#2. 実装した変更#2.1 帯共通の新仕様（3箇所すべて統一）#{4}":[34,35],"#HANDOVER 2026-07-02（水）#2. 実装した変更#2.2 帯上シフトに伴う下流要素の縮小":[36,46],"#HANDOVER 2026-07-02（水）#2. 実装した変更#2.2 帯上シフトに伴う下流要素の縮小#{1}":[38,46],"#HANDOVER 2026-07-02（水）#2. 実装した変更#2.3 色ルールの明確化（v1.2 として design_system §3.4 に成文化）":[47,59],"#HANDOVER 2026-07-02（水）#2. 実装した変更#2.3 色ルールの明確化（v1.2 として design_system §3.4 に成文化）#{1}":[49,56],"#HANDOVER 2026-07-02（水）#2. 実装した変更#2.3 色ルールの明確化（v1.2 として design_system §3.4 に成文化）#{2}":[57,57],"#HANDOVER 2026-07-02（水）#2. 実装した変更#2.3 色ルールの明確化（v1.2 として design_system §3.4 に成文化）#{3}":[58,59],"#HANDOVER 2026-07-02（水）#2. 実装した変更#2.4 C-3 slide1 フロー総括を再配置":[60,64],"#HANDOVER 2026-07-02（水）#2. 実装した変更#2.4 C-3 slide1 フロー総括を再配置#{1}":[62,62],"#HANDOVER 2026-07-02（水）#2. 実装した変更#2.4 C-3 slide1 フロー総括を再配置#{2}":[63,64],"#HANDOVER 2026-07-02（水）#2. 実装した変更#2.5 LIMITS 拡張":[65,72],"#HANDOVER 2026-07-02（水）#2. 実装した変更#2.5 LIMITS 拡張#{1}":[67,67],"#HANDOVER 2026-07-02（水）#2. 実装した変更#2.5 LIMITS 拡張#{2}":[68,68],"#HANDOVER 2026-07-02（水）#2. 実装した変更#2.5 LIMITS 拡張#{3}":[69,70],"#HANDOVER 2026-07-02（水）#2. 実装した変更#2.5 LIMITS 拡張#{4}":[71,72],"#HANDOVER 2026-07-02（水）#3. 検証結果（v7）":[73,94],"#HANDOVER 2026-07-02（水）#3. 検証結果（v7）#3.1 通常データ（スピークアップ英会話）":[75,80],"#HANDOVER 2026-07-02（水）#3. 検証結果（v7）#3.1 通常データ（スピークアップ英会話）#{1}":[77,77],"#HANDOVER 2026-07-02（水）#3. 検証結果（v7）#3.1 通常データ（スピークアップ英会話）#{2}":[78,78],"#HANDOVER 2026-07-02（水）#3. 検証結果（v7）#3.1 通常データ（スピークアップ英会話）#{3}":[79,80],"#HANDOVER 2026-07-02（水）#3. 検証結果（v7）#3.2 120字ストレステスト（実測 105 字）":[81,94],"#HANDOVER 2026-07-02（水）#3. 検証結果（v7）#3.2 120字ストレステスト（実測 105 字）#{1}":[83,83],"#HANDOVER 2026-07-02（水）#3. 検証結果（v7）#3.2 120字ストレステスト（実測 105 字）#{2}":[84,84],"#HANDOVER 2026-07-02（水）#3. 検証結果（v7）#3.2 120字ストレステスト（実測 105 字）#{3}":[85,86],"#HANDOVER 2026-07-02（水）#3. 検証結果（v7）#3.2 120字ストレステスト（実測 105 字）#{4}":[87,87],"#HANDOVER 2026-07-02（水）#3. 検証結果（v7）#3.2 120字ストレステスト（実測 105 字）#{5}":[88,88],"#HANDOVER 2026-07-02（水）#3. 検証結果（v7）#3.2 120字ストレステスト（実測 105 字）#{6}":[89,89],"#HANDOVER 2026-07-02（水）#3. 検証結果（v7）#3.2 120字ストレステスト（実測 105 字）#{7}":[90,90],"#HANDOVER 2026-07-02（水）#3. 検証結果（v7）#3.2 120字ストレステスト（実測 105 字）#{8}":[91,92],"#HANDOVER 2026-07-02（水）#3. 検証結果（v7）#3.2 120字ストレステスト（実測 105 字）#{9}":[93,94],"#HANDOVER 2026-07-02（水）#4. 変更ファイル一覧":[95,107],"#HANDOVER 2026-07-02（水）#4. 変更ファイル一覧#{1}":[97,107],"#HANDOVER 2026-07-02（水）#5. 次回（7/3〜）予定":[108,118],"#HANDOVER 2026-07-02（水）#5. 次回（7/3〜）予定#{1}":[110,110],"#HANDOVER 2026-07-02（水）#5. 次回（7/3〜）予定#{2}":[111,114],"#HANDOVER 2026-07-02（水）#5. 次回（7/3〜）予定#{3}":[115,116],"#HANDOVER 2026-07-02（水）#5. 次回（7/3〜）予定#{4}":[117,118],"#HANDOVER 2026-07-02（水）#6. 参考（画像プレビュー URL）":[119,131],"#HANDOVER 2026-07-02（水）#6. 参考（画像プレビュー URL）#{1}":[121,121],"#HANDOVER 2026-07-02（水）#6. 参考（画像プレビュー URL）#{2}":[122,122],"#HANDOVER 2026-07-02（水）#6. 参考（画像プレビュー URL）#{3}":[123,123],"#HANDOVER 2026-07-02（水）#6. 参考（画像プレビュー URL）#{4}":[124,124],"#HANDOVER 2026-07-02（水）#6. 参考（画像プレビュー URL）#{5}":[125,125],"#HANDOVER 2026-07-02（水）#6. 参考（画像プレビュー URL）#{6}":[126,127],"#HANDOVER 2026-07-02（水）#6. 参考（画像プレビュー URL）#{7}":[128,131]},"outlinks":[],"task_lines":[],"tasks":{},"codeblock_ranges":[],"key":"handover/HANDOVER_20260702.md"},
"smart_blocks:handover/HANDOVER_20260702.md#HANDOVER 2026-07-02（水）": {"path":null,"last_embed":{"hash":"1svc2fs","at":1782975300325},"embeddings":{"TaylorAI/bge-micro-v2":{"vec":[-0.04119969,-0.05214549,0.02169093,-0.02085811,0.0422428,0.02948111,-0.02542304,0.00101072,0.03749913,-0.01218574,-0.01059832,-0.04633414,0.03386964,0.03598794,0.00588842,-0.03533263,0.01099826,-0.02386009,-0.08141408,-0.00364021,0.11190239,-0.01590859,-0.00960213,-0.03687923,0.05878063,0.01144756,-0.00128984,-0.05705743,-0.01333343,-0.15165749,-0.05439606,0.03341874,-0.03818056,0.0021692,0.00970237,0.00582739,0.00894233,0.0468796,-0.03540655,0.03507658,-0.01125021,0.04279471,0.04355162,-0.0232388,0.02527499,-0.04585491,-0.04461659,-0.00796307,0.01108934,-0.04736599,0.00823198,0.01155825,0.00993117,-0.0017736,0.04665742,0.0405085,0.02266244,-0.00674468,0.02969399,0.01881243,0.04206581,0.03510902,-0.22744966,0.05521316,-0.01588812,-0.00857508,0.00579211,0.00955186,0.02827526,0.0606996,-0.03123043,-0.01756176,0.00258418,0.07592888,0.00066257,-0.04632751,-0.0151284,-0.05579508,-0.07534701,-0.03627456,-0.027025,0.03883659,0.01805855,-0.02047204,-0.00901322,-0.00994593,0.04276269,-0.01808317,-0.02219498,0.07696611,-0.01271589,-0.03033094,0.09767963,0.0538324,-0.06427599,0.01845025,0.0512477,0.05030228,-0.08103342,0.08009044,-0.07107662,0.01632749,0.03581644,-0.05290686,0.06104772,-0.0453257,0.00023123,-0.03371696,-0.01071189,-0.05977283,-0.07043844,-0.03350947,0.02630979,-0.04778774,-0.02748503,0.03838382,0.05732481,0.00646441,0.01770186,-0.00162416,0.04080055,-0.00849577,0.03731521,-0.01897316,-0.04112705,0.00350098,0.02847557,0.02984229,-0.00496664,0.04819011,0.05280554,0.0096892,-0.07809766,-0.02404867,0.02884619,0.01581604,0.00327834,0.00470858,0.01025314,-0.04394115,-0.03463232,-0.13331357,-0.0201753,-0.08567676,-0.0326285,0.09265927,-0.09844725,-0.00437038,0.02717181,-0.0241514,0.00854942,0.06728829,0.00725211,-0.05956555,-0.00341827,0.00297076,0.04107046,0.09491634,-0.00653835,0.01166214,0.0146615,-0.030832,-0.09654495,0.05590883,0.03238778,-0.08647841,-0.01318399,0.05582361,0.02335643,-0.0178788,-0.01569502,0.01077755,-0.00475148,-0.01105559,0.12512529,0.02526523,0.07760632,0.00269798,-0.0340059,-0.0060491,0.02557207,-0.04325826,-0.04257707,0.02507794,0.02196723,-0.06571582,-0.03074793,-0.04640768,0.07190387,-0.03355395,-0.06723861,-0.00026529,-0.05557983,0.02366723,-0.0171695,-0.0427265,-0.05881303,0.00915748,0.06215198,-0.08155081,0.13182941,0.0422422,-0.05347693,-0.05198675,0.01006128,-0.00935744,0.05132709,-0.01392717,-0.05988234,0.04951628,-0.04361528,0.00794736,0.07088486,0.02467684,0.03571279,-0.01606277,-0.01309923,0.03456196,-0.01016684,0.03145197,0.04164696,-0.01673754,-0.03244875,-0.21052185,0.03697348,0.05592414,-0.04230787,-0.03424482,-0.02894081,0.03139213,-0.03395347,0.13209809,0.04244876,0.10165866,0.00843647,-0.02997899,0.00313481,-0.0431987,0.01348968,0.04182205,0.04332894,-0.04104742,-0.01848994,0.00307359,0.04779204,-0.03300588,0.00596553,0.06865998,-0.03319065,0.07972422,-0.00888954,-0.01033045,-0.0088406,0.05501238,0.00502898,-0.03271409,-0.04555823,0.05889511,0.06668123,-0.05331238,-0.01227274,-0.0214899,-0.04005491,0.0432421,0.055078,-0.02900687,-0.10932228,-0.04541216,-0.08820486,-0.00767748,-0.0857993,-0.04244215,0.04127775,-0.00876573,-0.00120323,0.02094873,0.06166775,0.03735159,-0.04543869,-0.04764995,-0.01174544,0.00438309,0.06648918,0.00829313,-0.01038225,-0.02515793,-0.00040021,-0.02058459,0.01562285,0.01690497,0.02258394,0.00454267,0.01730521,0.01986909,0.09171171,0.01973866,0.03016828,0.04374485,0.01732317,-0.01069589,-0.02223288,0.03959629,-0.04967627,0.03729556,0.02271793,0.09107696,0.04489663,-0.00104866,0.01580579,0.05557546,0.00142622,0.0648926,0.00119811,-0.05875851,0.03767225,-0.00447582,-0.00694537,0.05136831,0.01769274,-0.34463707,-0.0011109,-0.01494512,0.00635872,0.00413809,0.04270951,0.02384158,0.01459053,-0.10456751,0.05417265,-0.09457628,0.05848518,0.04651141,-0.00678241,-0.00946764,-0.06841224,0.05700229,-0.00867388,-0.01483315,-0.04971642,-0.06562427,-0.01713596,0.19685143,0.01800256,0.0262782,-0.04503536,0.01053497,0.01566187,0.06197084,0.03157582,-0.05436169,0.01965974,0.08333578,-0.04629225,0.04036257,0.06651157,-0.00979943,0.03627869,0.00015506,-0.07434662,-0.01031462,-0.01255264,-0.00969269,-0.02882945,0.10575651,0.00908218,-0.04602825,-0.0362721,0.05913398,0.02205685,-0.05124348,-0.01351657,-0.01121061,-0.03259535,0.05661016,-0.01110889,0.06387135,-0.01187059,-0.01326325,0.0252372,0.04339761,0.00996336,0.00486833,0.05089058,0.07407162],"last_embed":{"tokens":480,"hash":"1svc2fs"}}},"text":null,"length":0,"last_read":{"hash":"1svc2fs","at":1782975300325},"key":"handover/HANDOVER_20260702.md#HANDOVER 2026-07-02（水）","lines":[1,131],"size":3974,"outlinks":[],"class_name":"SmartBlock"},
"smart_blocks:handover/HANDOVER_20260702.md#HANDOVER 2026-07-02（水）#{1}": {"path":null,"last_embed":{"hash":null},"embeddings":{},"text":null,"length":0,"last_read":{"hash":"o2cc90","at":1782975294683},"key":"handover/HANDOVER_20260702.md#HANDOVER 2026-07-02（水）#{1}","lines":[3,7],"size":83,"outlinks":[],"class_name":"SmartBlock"},
"smart_blocks:handover/HANDOVER_20260702.md#HANDOVER 2026-07-02（水）#1. 本日の目的": {"path":null,"last_embed":{"hash":"19edjzv","at":1782975300433},"embeddings":{"TaylorAI/bge-micro-v2":{"vec":[-0.05393434,-0.05632963,0.00719405,-0.00400161,0.04700756,0.02258722,0.00902284,-0.00908787,0.03532403,-0.01241537,-0.0106757,-0.05560753,0.02456751,0.02911172,0.00536863,-0.00946244,0.01250385,-0.02098712,-0.08348953,0.00073346,0.10459909,0.00092905,-0.00519864,-0.01649878,0.05882481,0.024877,-0.01423129,-0.05098496,-0.02071236,-0.14666702,-0.06491166,0.03380464,-0.05436289,0.00178698,0.03617276,0.00871586,0.01661374,0.03010386,-0.03908546,0.04789213,-0.01344271,0.03714392,0.06839198,-0.00548446,0.02747937,-0.02956639,-0.04040175,0.01204922,0.02522475,-0.04952752,0.01460535,0.01754721,0.01549065,-0.00516428,0.04440757,0.03322682,0.03562891,-0.01162655,0.02890834,0.04349448,0.06583133,0.0394297,-0.21382086,0.05144524,-0.0228974,-0.01298529,0.01674086,0.005446,0.0213443,0.08740041,-0.03886737,-0.03097002,-0.00675616,0.07894547,-0.00448573,-0.03491986,-0.00312745,-0.04135989,-0.07228751,-0.02913597,-0.02832142,0.02470799,0.02456494,-0.01409132,-0.0148783,-0.00143,0.04019144,-0.00869604,-0.01301862,0.06864405,0.00707037,-0.01385776,0.09343427,0.05469394,-0.07137555,0.0139442,0.05647691,0.04448955,-0.09950502,0.08632265,-0.07526904,0.00418963,0.03857082,-0.07209311,0.05153767,-0.03549687,-0.00511629,-0.05172336,-0.00932513,-0.07281259,-0.0702623,-0.0466378,0.01331202,-0.05778272,-0.02700763,0.04981375,0.08306962,0.00201017,0.00784097,0.00629009,0.04529757,-0.01640338,0.06388147,-0.00964613,-0.05360388,-0.00991319,0.04056403,0.05022005,-0.00106509,0.0447289,0.06091894,-0.01251968,-0.07031045,-0.00856012,0.0255275,0.02637768,-0.00869992,-0.00119707,0.02030616,-0.04423206,-0.03339091,-0.14516969,-0.02982221,-0.08026436,-0.03806371,0.08679096,-0.08088586,-0.00239449,0.0276164,-0.02003144,0.00518445,0.07040045,0.00160452,-0.06716545,-0.01226803,0.01733943,0.03947682,0.10391001,-0.02006612,0.01826875,0.00920935,-0.04122254,-0.08182035,0.04182902,0.00601189,-0.07411946,0.00990214,0.06240957,0.03250588,-0.01742617,-0.0190354,-0.00496151,-0.01844555,-0.01378047,0.11245261,0.0351512,0.08524719,-0.00263999,-0.02672309,-0.01862852,0.01578979,-0.02424223,-0.03932964,0.05495119,0.03178718,-0.06810214,-0.02810915,-0.04306326,0.05426618,-0.00616219,-0.05856454,-0.00618647,-0.05234643,0.02294509,-0.02889091,-0.04144981,-0.04993464,-0.00296239,0.04708855,-0.08564543,0.11233876,0.03131138,-0.0591482,-0.03268539,0.02831635,-0.00963281,0.04567607,-0.00895825,-0.03655323,0.0501327,-0.04357258,0.02859952,0.05712705,0.01396369,0.03003883,0.00104711,0.01927234,0.01241456,-0.01591425,0.02296779,0.04247484,-0.04568992,-0.02830831,-0.21410049,0.02286109,0.06257544,-0.04492966,-0.0159622,-0.03047797,0.01939977,-0.02661958,0.12532966,0.05003276,0.08863468,0.0086878,-0.03223451,0.00766517,-0.02645117,0.00810813,0.05081791,0.03057116,-0.03184178,-0.0108101,0.00388215,0.03826749,-0.04989877,0.00247081,0.08657779,-0.0343896,0.07774353,0.01094186,-0.00203539,-0.00172744,0.04847051,0.00886079,-0.01785988,-0.04673505,0.04521571,0.04793505,-0.05484455,-0.02707241,0.00064158,-0.03100258,0.05845106,0.04662299,-0.03341199,-0.10947277,-0.03943606,-0.09188791,-0.01444485,-0.09425972,-0.04009149,0.04028913,0.00804907,-0.00320873,0.01584246,0.08807505,0.02192001,-0.01413426,-0.03801684,-0.00759509,-0.00765742,0.06492206,0.01937643,0.00325142,-0.02127299,0.00298985,-0.02384236,0.02311023,0.00771093,0.01531126,-0.00188396,0.01368492,0.00301874,0.0892922,0.01332824,-0.00811707,0.02348548,0.02248733,0.00001345,-0.03062752,0.05531392,-0.05424693,0.06143249,-0.00630415,0.09428643,0.04771387,-0.0077764,0.02598698,0.05719686,-0.0169111,0.05115689,0.00442612,-0.05548257,0.02035932,-0.00362825,-0.02733871,0.06092063,0.00327522,-0.33978787,-0.00858322,-0.00604377,0.01748517,0.00287342,0.04675202,0.02431493,0.0412985,-0.11965742,0.05567284,-0.10094702,0.0480132,0.02636334,-0.01902939,-0.0075733,-0.09068703,0.06794704,-0.01441473,-0.00875445,-0.06482346,-0.04958516,-0.04917098,0.19967149,0.00706394,0.01635064,-0.02413824,-0.00279614,0.01255907,0.07452648,0.02616589,-0.04177287,0.02302193,0.05812634,-0.02971422,0.01451617,0.04848188,-0.01624578,0.0403094,0.00059918,-0.07794542,-0.01113862,-0.02441225,0.00364569,-0.05123717,0.10249227,0.02403112,-0.05854948,-0.05435839,0.05989532,0.00390409,-0.0720526,-0.01656281,-0.02432058,-0.02443465,0.05462182,0.00173402,0.02826473,-0.01152955,-0.01524188,0.02504821,0.03765877,0.00093494,0.0157831,0.05298591,0.07929654],"last_embed":{"tokens":188,"hash":"19edjzv"}}},"text":null,"length":0,"last_read":{"hash":"19edjzv","at":1782975300433},"key":"handover/HANDOVER_20260702.md#HANDOVER 2026-07-02（水）#1. 本日の目的","lines":[8,17],"size":227,"outlinks":[],"class_name":"SmartBlock"},
"smart_blocks:handover/HANDOVER_20260702.md#HANDOVER 2026-07-02（水）#1. 本日の目的#{1}": {"path":null,"last_embed":{"hash":null},"embeddings":{},"text":null,"length":0,"last_read":{"hash":"1cb7ciu","at":1782975294683},"key":"handover/HANDOVER_20260702.md#HANDOVER 2026-07-02（水）#1. 本日の目的#{1}","lines":[10,11],"size":22,"outlinks":[],"class_name":"SmartBlock"},
"smart_blocks:handover/HANDOVER_20260702.md#HANDOVER 2026-07-02（水）#1. 本日の目的#{2}": {"path":null,"last_embed":{"hash":null},"embeddings":{},"text":null,"length":0,"last_read":{"hash":"l6k0cz","at":1782975294683},"key":"handover/HANDOVER_20260702.md#HANDOVER 2026-07-02（水）#1. 本日の目的#{2}","lines":[12,12],"size":78,"outlinks":[],"class_name":"SmartBlock"},
"smart_blocks:handover/HANDOVER_20260702.md#HANDOVER 2026-07-02（水）#1. 本日の目的#{3}": {"path":null,"last_embed":{"hash":null},"embeddings":{},"text":null,"length":0,"last_read":{"hash":"1b79pji","at":1782975294683},"key":"handover/HANDOVER_20260702.md#HANDOVER 2026-07-02（水）#1. 本日の目的#{3}","lines":[13,13],"size":48,"outlinks":[],"class_name":"SmartBlock"},
"smart_blocks:handover/HANDOVER_20260702.md#HANDOVER 2026-07-02（水）#1. 本日の目的#{4}": {"path":null,"last_embed":{"hash":null},"embeddings":{},"text":null,"length":0,"last_read":{"hash":"1sowgm4","at":1782975294683},"key":"handover/HANDOVER_20260702.md#HANDOVER 2026-07-02（水）#1. 本日の目的#{4}","lines":[14,15],"size":58,"outlinks":[],"class_name":"SmartBlock"},
"smart_blocks:handover/HANDOVER_20260702.md#HANDOVER 2026-07-02（水）#1. 本日の目的#{5}": {"path":null,"last_embed":{"hash":null},"embeddings":{},"text":null,"length":0,"last_read":{"hash":"1alhcef","at":1782975294683},"key":"handover/HANDOVER_20260702.md#HANDOVER 2026-07-02（水）#1. 本日の目的#{5}","lines":[16,17],"size":4,"outlinks":[],"class_name":"SmartBlock"},
"smart_blocks:handover/HANDOVER_20260702.md#HANDOVER 2026-07-02（水）#2. 実装した変更": {"path":null,"last_embed":{"hash":"1ok6tfc","at":1782975300471},"embeddings":{"TaylorAI/bge-micro-v2":{"vec":[-0.06314105,-0.06197072,0.04330233,-0.01603195,0.0229586,0.01626222,-0.0362522,-0.00465427,0.04477581,-0.01060807,0.00224472,-0.03003795,0.03970074,0.00303296,0.01698516,-0.03299042,-0.00501503,-0.01685205,-0.0926563,-0.01330379,0.1266994,-0.02219885,-0.01795428,-0.02863105,0.06681661,0.00389694,0.00259327,-0.06353433,-0.01864587,-0.15623124,-0.05531809,0.03560309,-0.00810638,-0.00761329,-0.01908569,-0.00196966,0.00318789,0.05241492,-0.03282947,0.02599603,-0.02488839,0.05673179,0.02113919,-0.03069776,0.02349808,-0.05722254,-0.0190727,-0.02855447,0.01044912,-0.03446729,-0.03056566,-0.00663439,0.02907587,0.01140288,0.05162249,0.03572103,0.02039305,-0.02103925,0.05103719,0.0297028,0.06131111,0.02572748,-0.2190453,0.03293278,-0.02379948,-0.01230484,-0.02422585,0.00899961,0.00793164,0.07055767,-0.02794537,-0.01308149,0.0119062,0.05791552,0.00404685,-0.02077056,-0.05149361,-0.04403974,-0.06582564,-0.04354063,-0.00872561,0.02499967,0.00322118,-0.00606454,-0.00788264,-0.00719974,0.03574148,-0.04121639,-0.03210934,0.07086076,-0.01114841,-0.02511596,0.05806554,0.05143618,-0.05617941,-0.00731397,0.04487287,0.04189267,-0.08747637,0.08315426,-0.08668271,0.01058916,0.0360013,-0.03212918,0.04623056,-0.05122332,-0.00124724,-0.03551613,-0.00205197,-0.06805003,-0.05191384,-0.04269394,-0.00304637,-0.07133636,-0.01154861,0.04455745,0.0418522,-0.00074896,0.04876662,0.00630591,0.05057865,-0.00223797,0.01891074,-0.03531497,-0.01858364,0.02025333,0.02138791,0.03518276,-0.00248455,0.0582621,0.06741172,0.01523114,-0.07350907,-0.01267929,-0.00684173,0.00156808,0.02022848,-0.00052707,0.02439099,-0.05915803,-0.02171506,-0.11982303,-0.00172147,-0.10713582,-0.03102173,0.11584171,-0.08864385,-0.00985105,0.03455903,-0.02931338,0.01454871,0.06056698,-0.00213664,-0.05568632,0.00271705,-0.00616355,0.03363361,0.06906298,-0.00119416,0.02155911,0.01455064,-0.03799083,-0.08907662,0.06814182,0.04541281,-0.0834558,-0.0073351,0.04947682,0.01390482,-0.0164463,-0.01617839,0.01391589,-0.00509251,0.00395612,0.12130701,0.02829222,0.07635484,0.00631488,-0.06756499,0.00308761,0.02258057,-0.01300215,-0.03144186,0.03930182,0.0018971,-0.04382636,-0.02885351,-0.04679691,0.05323977,-0.01375004,-0.10276791,0.01991712,-0.05444224,0.02980397,-0.02585098,-0.03282177,-0.06369443,0.01660021,0.05798626,-0.08388802,0.12398774,0.04067006,-0.05491723,-0.04729493,0.00052989,0.00538887,0.05760643,-0.03012195,-0.04137725,0.0465292,-0.05175734,-0.00217682,0.10819139,0.02797984,0.03187964,-0.00240817,-0.0318438,0.02799373,-0.00222666,0.04679323,0.02582552,-0.02155085,-0.04112237,-0.19891898,0.03273016,0.06281734,-0.03829204,-0.02023774,-0.03277621,0.02234453,-0.01362746,0.11061268,0.05889711,0.11935979,0.00542529,-0.01097256,0.01165636,-0.04308575,0.01423724,0.02301692,0.01868682,-0.03602654,0.00312235,-0.02331317,0.04049541,-0.02654426,0.02598415,0.05653024,-0.03679993,0.06880976,0.01577438,-0.02472768,-0.0141196,0.06070041,0.0194163,-0.0405254,-0.03991206,0.0565183,0.06160349,-0.04455061,-0.02738171,-0.03101183,-0.07232931,0.04522954,0.06568854,-0.03014532,-0.09735075,-0.0794166,-0.05860967,-0.03833184,-0.04524222,-0.01780692,0.04033624,-0.0012141,-0.02691041,0.02725871,0.04437215,0.06536635,-0.03553948,-0.05300877,0.01774524,0.00417543,0.05448477,0.01308974,-0.01980957,-0.00775408,0.00321854,-0.02003194,0.05322467,0.03411042,0.02650996,0.00068642,0.03182964,0.02950401,0.08188963,0.03167656,0.03183796,0.03722732,0.02017032,-0.00280165,-0.03228809,0.04787294,-0.05264775,0.025716,0.00602657,0.06405219,0.05136516,-0.00263352,0.00891625,0.03759639,-0.00927983,0.02884547,-0.00290077,-0.04634478,0.03563106,-0.02022613,-0.01585095,0.05187863,0.01503957,-0.34814277,0.00958255,-0.01800978,-0.00100943,0.00417204,0.03995716,0.02665674,0.0106017,-0.09672745,0.03351666,-0.09115863,0.06436595,0.05238383,-0.0033277,0.00443066,-0.0774132,0.05060092,0.00703375,0.00683754,-0.08770126,-0.05124454,-0.00902478,0.21962354,0.03359674,0.01679092,-0.02790685,0.01551202,0.01920331,0.04544454,0.02102042,-0.05863019,0.03027469,0.10557355,-0.05320265,0.05569925,0.06149399,-0.02359127,0.02854117,0.00932803,-0.05707135,-0.00170508,-0.01477915,-0.02044179,-0.03503751,0.10430238,0.00800467,-0.04266066,-0.0131496,0.06698212,0.02481616,-0.03762356,-0.00202497,-0.00569391,-0.01701735,0.05081467,0.00767433,0.05210055,-0.02792411,-0.04143091,0.03286424,0.03773838,0.01093302,0.04394707,0.04235959,0.08214718],"last_embed":{"tokens":458,"hash":"1ok6tfc"}}},"text":null,"length":0,"last_read":{"hash":"1ok6tfc","at":1782975300471},"key":"handover/HANDOVER_20260702.md#HANDOVER 2026-07-02（水）#2. 実装した変更","lines":[18,72],"size":1750,"outlinks":[],"class_name":"SmartBlock"},
"smart_blocks:handover/HANDOVER_20260702.md#HANDOVER 2026-07-02（水）#2. 実装した変更#2.1 帯共通の新仕様（3箇所すべて統一）": {"path":null,"last_embed":{"hash":"1fq4udc","at":1782975300591},"embeddings":{"TaylorAI/bge-micro-v2":{"vec":[-0.0647141,-0.06412387,0.04521815,-0.01515523,0.02217245,0.02041727,-0.03553359,-0.0037765,0.04036106,-0.01155226,0.0058584,-0.03443791,0.03669733,-0.00355218,0.02446493,-0.03432836,-0.00789072,-0.02416245,-0.08661077,-0.01644246,0.12352282,-0.02465351,-0.02545488,-0.02924925,0.0711601,0.00249765,-0.00371639,-0.06318463,-0.01627713,-0.15998378,-0.06389535,0.03365505,-0.01754773,-0.00744474,-0.02251575,0.00311018,0.00035846,0.05210856,-0.03079999,0.02391525,-0.02453258,0.05736709,0.02186063,-0.02348187,0.02465735,-0.05930374,-0.02218045,-0.02770871,0.01516351,-0.03631354,-0.02960581,-0.0015046,0.0322939,0.00837737,0.04611145,0.03760251,0.02631777,-0.01580893,0.05068817,0.03323532,0.05387073,0.02656167,-0.22356032,0.03152062,-0.01944213,-0.00620765,-0.0230484,0.00142694,0.00080055,0.06759345,-0.03158458,-0.01060397,0.01382815,0.05510022,0.00697011,-0.02247582,-0.05261779,-0.04486158,-0.0655583,-0.04479798,-0.01617292,0.0296368,0.0021837,-0.00285434,-0.01150452,-0.01006546,0.03786896,-0.03497245,-0.03818861,0.0650502,-0.00623925,-0.02421252,0.05690446,0.05748292,-0.05742157,-0.00684583,0.04831488,0.04585475,-0.08763672,0.0848984,-0.08201406,0.0092531,0.03327217,-0.03605619,0.04535103,-0.04540407,0.003317,-0.03249361,-0.00365888,-0.06750213,-0.05134471,-0.03882318,-0.00367786,-0.07229483,-0.01219357,0.05553328,0.0404728,0.00046008,0.04957557,0.01108149,0.05022708,-0.00602253,0.02216157,-0.03397141,-0.02110484,0.01610301,0.02955996,0.03159244,-0.00789752,0.06480007,0.06153136,0.02225488,-0.06968223,-0.01349688,-0.00640864,0.0045849,0.01191643,-0.00045831,0.02552282,-0.0585918,-0.02359884,-0.11494645,-0.00386363,-0.10527376,-0.02063333,0.11888096,-0.08393992,-0.01431871,0.04276743,-0.04035785,0.01800496,0.06439852,0.00293663,-0.05740458,-0.00513648,-0.01518228,0.03329554,0.06463143,-0.00147525,0.026317,0.01314524,-0.03920076,-0.08386442,0.08051824,0.0447977,-0.07782874,-0.00528432,0.04700045,0.01679585,-0.0206272,-0.00956378,0.01420018,-0.00244367,0.00063118,0.12115044,0.02717122,0.07155345,0.00893625,-0.06750239,-0.00176491,0.02170759,-0.01748324,-0.03460738,0.04148616,-0.0030855,-0.0438503,-0.03028753,-0.042396,0.05049497,-0.00812842,-0.0951222,0.02913228,-0.05724731,0.02931965,-0.02538112,-0.0328867,-0.06268088,0.01659536,0.05709319,-0.08736343,0.12035029,0.04627828,-0.05273281,-0.04582087,-0.00262079,-0.00154257,0.05905431,-0.03011191,-0.03469528,0.05094093,-0.04820302,0.00720553,0.10604312,0.02860974,0.04032206,0.00275745,-0.03135648,0.03679587,0.00148669,0.04804296,0.02562184,-0.01994376,-0.03986049,-0.2019619,0.03448185,0.063683,-0.03935044,-0.0204477,-0.03641234,0.02645264,-0.01184974,0.10426065,0.06302338,0.11930368,0.00980255,-0.00901544,0.01419854,-0.0401692,0.01386625,0.02408041,0.02188551,-0.03366533,0.00247028,-0.02420687,0.04031126,-0.02668538,0.01945752,0.05843848,-0.03774916,0.0692047,0.01449816,-0.02499391,-0.02060964,0.0599058,0.0100983,-0.04773323,-0.04444782,0.05639673,0.06486256,-0.04137637,-0.02072065,-0.0286093,-0.0727035,0.04490011,0.06710892,-0.03300562,-0.09134284,-0.07914519,-0.05005277,-0.03344319,-0.04685863,-0.01298772,0.04119065,-0.00919695,-0.02083484,0.02413164,0.04762743,0.06941707,-0.03452825,-0.05775025,0.01816086,0.00211845,0.05591543,0.01596554,-0.00971858,-0.00895585,0.00476001,-0.01374186,0.05359759,0.0273197,0.02008215,0.0072522,0.03245088,0.03220218,0.08453376,0.03436306,0.02225634,0.03929126,0.01803881,-0.00285691,-0.03134135,0.04517541,-0.06141961,0.02129121,-0.00238657,0.06156416,0.04893779,0.00269509,0.01094607,0.0367617,-0.01353364,0.02412817,-0.00241127,-0.04668291,0.04055509,-0.01605937,-0.0102175,0.06160354,0.01248351,-0.3466557,0.00741347,-0.02023622,-0.00442709,0.00257617,0.03622136,0.0219728,0.01295272,-0.10134991,0.02651697,-0.09336757,0.06187954,0.04865371,-0.00276759,-0.00044464,-0.08146042,0.05428985,0.00242625,0.00691387,-0.07916979,-0.04952831,-0.00988137,0.21857224,0.03250879,0.0168985,-0.03151566,0.01067894,0.0186956,0.05009099,0.02251312,-0.05691528,0.02971243,0.09545655,-0.05008833,0.05829014,0.06441065,-0.02004108,0.02512701,0.00944729,-0.04880138,-0.0094279,-0.02276672,-0.02000606,-0.04153264,0.10832631,0.00790718,-0.05401637,-0.0126751,0.06961934,0.02137496,-0.04039446,-0.00127268,-0.00611059,-0.01877799,0.05266949,0.00872218,0.0500808,-0.03072573,-0.0425453,0.03429807,0.03931074,0.00665934,0.04600844,0.03718158,0.07577982],"last_embed":{"tokens":381,"hash":"1fq4udc"}}},"text":null,"length":0,"last_read":{"hash":"1fq4udc","at":1782975300591},"key":"handover/HANDOVER_20260702.md#HANDOVER 2026-07-02（水）#2. 実装した変更#2.1 帯共通の新仕様（3箇所すべて統一）","lines":[20,35],"size":560,"outlinks":[],"class_name":"SmartBlock"},
"smart_blocks:handover/HANDOVER_20260702.md#HANDOVER 2026-07-02（水）#2. 実装した変更#2.1 帯共通の新仕様（3箇所すべて統一）#{1}": {"path":null,"last_embed":{"hash":"3e6whx","at":1782975300686},"embeddings":{"TaylorAI/bge-micro-v2":{"vec":[-0.068187,-0.06984388,0.0377393,-0.00467237,0.02749795,0.0176608,-0.00708596,-0.01097265,0.03262066,-0.0113958,0.00492972,-0.0302955,0.04165303,-0.00613013,0.02889612,-0.02271122,0.00163627,-0.02151092,-0.10821008,-0.01384622,0.13565718,-0.02142564,-0.03171635,-0.03172648,0.07617173,0.00101717,-0.0021779,-0.04549127,-0.00432921,-0.15913834,-0.06199298,0.02691595,-0.02281725,-0.00407039,-0.00622442,0.00291063,-0.0039477,0.04855992,-0.01838825,0.02847788,-0.01781148,0.06252224,0.02482866,-0.02526073,0.02233803,-0.04128703,-0.02954313,-0.02490965,0.01447954,-0.03582145,-0.02605732,0.0012553,0.03137347,0.01037206,0.04749805,0.04075241,0.03022414,-0.01727836,0.05033974,0.03570697,0.04312352,0.03144261,-0.22037275,0.03586403,-0.0179962,-0.01240626,-0.0155675,-0.00136273,0.0007828,0.07243478,-0.02818663,-0.00890778,-0.00309608,0.06360837,0.00533318,-0.03565272,-0.0563978,-0.05005584,-0.0707154,-0.05550685,-0.01241591,0.04218185,0.0178033,-0.0021494,-0.02022144,-0.00320986,0.04222075,-0.03424187,-0.04155844,0.05782617,-0.00541604,-0.01295764,0.05900517,0.05160541,-0.0562277,-0.00091028,0.04456398,0.05513114,-0.07300831,0.08836918,-0.06762411,0.00324414,0.03283152,-0.0400932,0.04174849,-0.03755223,-0.00448914,-0.02302233,-0.00502932,-0.06832574,-0.06545638,-0.03273289,0.01053265,-0.06762408,-0.02036704,0.05041045,0.06303944,-0.00415306,0.0264991,0.00463858,0.06343655,-0.00112614,0.02583753,-0.03467601,-0.02087463,0.00685657,0.0447317,0.03687976,-0.00345721,0.05191031,0.06046868,0.01609745,-0.06001205,-0.02039424,0.00439637,0.00494177,0.01830255,-0.0088857,0.01943176,-0.06715997,-0.01926249,-0.1309336,-0.00635011,-0.09900396,-0.00924957,0.10874128,-0.09990742,-0.01455805,0.0525152,-0.04481025,0.02071038,0.070472,0.00430966,-0.06107928,-0.00320156,-0.02332123,0.03176364,0.07644425,-0.012462,0.02468055,0.00846828,-0.03120076,-0.09656969,0.07129687,0.03968622,-0.07163783,-0.00026466,0.05592242,0.01585641,-0.01719823,0.00124621,0.00779093,-0.02257959,-0.00150115,0.12201376,0.02009498,0.05902891,0.00287915,-0.07337658,-0.00811297,0.01991913,-0.02450836,-0.04206217,0.05038812,-0.00573826,-0.04089345,-0.01857606,-0.01709033,0.05434767,-0.00651109,-0.08832981,0.02710771,-0.05630901,0.02617684,-0.03434801,-0.02488206,-0.0486203,0.01629053,0.06308866,-0.08887832,0.12969606,0.04551509,-0.05835045,-0.04022098,0.00605539,-0.00949166,0.05461382,-0.02233264,-0.02244361,0.04760999,-0.05103431,0.00798115,0.09877685,0.01037641,0.03902409,0.01101068,-0.02460064,0.04164298,0.00484915,0.04463949,0.03075279,-0.04271575,-0.0460851,-0.20613508,0.04463173,0.06571778,-0.04817268,-0.01974678,-0.03623894,0.0289022,-0.02052821,0.10803362,0.04275486,0.11240808,-0.00638042,-0.01572914,0.00721703,-0.036647,0.01408006,0.03271621,0.02558924,-0.04202263,0.00650225,-0.02474787,0.04380793,-0.02116372,0.02527373,0.06273124,-0.03410427,0.05677573,-0.00070213,-0.01217963,-0.02089609,0.05205096,-0.00508057,-0.04362239,-0.03842286,0.05945338,0.05550807,-0.05991711,-0.02424801,-0.04562765,-0.07182693,0.05087275,0.06003931,-0.03920053,-0.09051415,-0.0560434,-0.05084822,-0.02222601,-0.04996144,-0.02200041,0.03109802,-0.00929759,-0.00292346,0.01339065,0.05528338,0.06813338,-0.02385695,-0.0510475,0.01965809,-0.00293425,0.05078819,0.02382132,-0.02431052,-0.02306812,0.0104356,-0.02796159,0.03998116,0.02738754,0.01928405,-0.00104914,0.03894364,0.01888224,0.08808836,0.02096254,0.01232155,0.02848329,0.0241449,-0.00455611,-0.0289578,0.04838165,-0.05373104,0.03566209,-0.00825455,0.08513919,0.06117846,0.01376059,0.00531791,0.03494789,-0.01810381,0.02664456,-0.0069154,-0.0363951,0.03967464,-0.0187709,-0.01833473,0.05297858,0.0142764,-0.34634835,0.01699188,-0.01369129,0.0067534,0.00414992,0.03977944,0.01471393,0.01617251,-0.10340566,0.03493861,-0.08791171,0.04836048,0.05882799,0.00061164,0.0007,-0.07611873,0.04413724,0.01297995,0.00135739,-0.07337489,-0.05862786,-0.01719753,0.21608593,0.02255684,0.01599472,-0.04571604,0.00157722,0.03191193,0.04110964,0.02250626,-0.05604016,0.01488562,0.08999117,-0.03578747,0.05811623,0.04870808,-0.02071037,0.03917583,0.00649119,-0.03818008,-0.01546463,-0.01787854,-0.01975325,-0.0512931,0.11271183,0.01361125,-0.04860728,-0.01011793,0.068419,0.02847516,-0.04031939,0.00607037,-0.01205349,-0.01982075,0.05987103,0.0124826,0.04517891,-0.04118807,-0.04642293,0.03382497,0.04535394,0.00540958,0.02722223,0.04179807,0.07691623],"last_embed":{"tokens":292,"hash":"3e6whx"}}},"text":null,"length":0,"last_read":{"hash":"3e6whx","at":1782975300686},"key":"handover/HANDOVER_20260702.md#HANDOVER 2026-07-02（水）#2. 実装した変更#2.1 帯共通の新仕様（3箇所すべて統一）#{1}","lines":[22,31],"size":358,"outlinks":[],"class_name":"SmartBlock"},
"smart_blocks:handover/HANDOVER_20260702.md#HANDOVER 2026-07-02（水）#2. 実装した変更#2.1 帯共通の新仕様（3箇所すべて統一）#{2}": {"path":null,"last_embed":{"hash":null},"embeddings":{},"text":null,"length":0,"last_read":{"hash":"1ju8s83","at":1782975294683},"key":"handover/HANDOVER_20260702.md#HANDOVER 2026-07-02（水）#2. 実装した変更#2.1 帯共通の新仕様（3箇所すべて統一）#{2}","lines":[32,32],"size":85,"outlinks":[],"class_name":"SmartBlock"},
"smart_blocks:handover/HANDOVER_20260702.md#HANDOVER 2026-07-02（水）#2. 実装した変更#2.1 帯共通の新仕様（3箇所すべて統一）#{3}": {"path":null,"last_embed":{"hash":null},"embeddings":{},"text":null,"length":0,"last_read":{"hash":"e4rynb","at":1782975294683},"key":"handover/HANDOVER_20260702.md#HANDOVER 2026-07-02（水）#2. 実装した変更#2.1 帯共通の新仕様（3箇所すべて統一）#{3}","lines":[33,33],"size":41,"outlinks":[],"class_name":"SmartBlock"},
"smart_blocks:handover/HANDOVER_20260702.md#HANDOVER 2026-07-02（水）#2. 実装した変更#2.1 帯共通の新仕様（3箇所すべて統一）#{4}": {"path":null,"last_embed":{"hash":null},"embeddings":{},"text":null,"length":0,"last_read":{"hash":"g48zhm","at":1782975294683},"key":"handover/HANDOVER_20260702.md#HANDOVER 2026-07-02（水）#2. 実装した変更#2.1 帯共通の新仕様（3箇所すべて統一）#{4}","lines":[34,35],"size":46,"outlinks":[],"class_name":"SmartBlock"},
"smart_blocks:handover/HANDOVER_20260702.md#HANDOVER 2026-07-02（水）#2. 実装した変更#2.2 帯上シフトに伴う下流要素の縮小": {"path":null,"last_embed":{"hash":"1dht3qp","at":1782975300744},"embeddings":{"TaylorAI/bge-micro-v2":{"vec":[-0.07460523,-0.06953658,0.02719144,-0.02148199,0.0254763,0.00933314,-0.00300727,0.00518321,0.05388754,-0.02233543,-0.03243323,-0.02932996,0.06230362,0.01440166,-0.00149145,-0.01527729,-0.00787089,-0.00826022,-0.09622235,-0.03229828,0.12838727,-0.02355379,-0.00650717,-0.01774279,0.07007647,0.01764675,0.01244449,-0.04278327,-0.0106417,-0.15960942,-0.05064033,0.04366172,0.01085959,-0.02286194,0.01130706,-0.01073119,-0.01061776,0.04296735,-0.05926729,0.04016202,-0.01443521,0.04769905,0.00647002,-0.05151416,0.01705499,-0.03714391,-0.00956678,-0.03494666,0.0116399,-0.03751666,-0.0331562,-0.01093028,0.01604072,0.01556919,0.06520882,0.01710767,0.00583492,-0.01156225,0.05072067,0.02522361,0.07293484,0.01634679,-0.20018898,0.05415722,-0.03136695,-0.02983902,-0.0154968,0.03060399,0.04987501,0.08133262,-0.02044549,-0.02212191,-0.01547431,0.05415519,-0.00073085,-0.0383497,-0.05087541,-0.03501749,-0.0548052,-0.04639994,-0.01115605,0.019646,0.01549568,-0.02761124,-0.01938522,-0.01956976,0.03418339,-0.03234818,-0.01878007,0.08280538,-0.02372743,-0.02800144,0.05809363,0.0528187,-0.04430038,0.00992444,0.00880727,0.01295718,-0.03982716,0.08339877,-0.08679076,-0.00481093,0.05146587,-0.02252546,0.03732958,-0.03890797,-0.00033017,-0.02888136,0.00275771,-0.05415593,-0.07175306,-0.03595797,0.0334056,-0.05480427,-0.01229355,0.01491471,0.07121963,-0.01598781,0.005183,0.00904802,0.06081964,0.01274143,0.01830567,-0.02737681,-0.02366887,0.00257735,0.01924055,0.06006784,-0.0031602,0.02793314,0.0752721,-0.01158285,-0.08463864,-0.01532352,-0.0102659,0.00907266,0.02428415,-0.01972013,0.00070594,-0.07590669,-0.03647921,-0.12319347,-0.00638479,-0.11201613,-0.03777771,0.11055437,-0.08358245,0.00524394,0.04344205,-0.02551789,-0.00582045,0.04813408,-0.03042918,-0.05246208,0.02275578,-0.00152695,0.04266347,0.09867382,-0.0022485,0.02402168,-0.00173013,-0.04947573,-0.11069417,0.05746654,0.03754605,-0.0686485,-0.01616347,0.04482856,0.03486622,0.00184249,-0.0233328,0.03388318,-0.03101221,0.01069035,0.12272163,0.02060539,0.0921744,-0.00395345,-0.07079719,0.01939671,0.04089625,-0.00178728,-0.01523583,0.02851703,0.01657069,-0.05515533,-0.0524673,-0.02849603,0.03721236,-0.01842864,-0.11690356,-0.01883714,-0.03093859,0.03864223,-0.01975969,-0.01886675,-0.06079095,0.00074497,0.05572549,-0.0801127,0.12836809,0.03066327,-0.04418761,-0.05530166,0.01159093,0.03163615,0.02750508,-0.02211298,-0.06267115,0.04313472,-0.06632433,-0.01506837,0.11949335,0.02652069,0.03836446,-0.00866042,-0.01438178,0.02096092,0.0046871,0.02936571,0.03320638,-0.00693107,-0.03595049,-0.20256267,0.02616782,0.04787574,-0.03052109,-0.00975788,-0.02160254,0.01670053,-0.03137314,0.12191672,0.03622185,0.11308048,0.00161595,-0.02188851,0.00444033,-0.03490885,0.05119973,0.03780853,0.01154441,-0.05629436,0.00165835,-0.01328304,0.05274277,-0.01791368,0.03770627,0.06517613,-0.03290276,0.0711308,0.01312205,-0.02216648,-0.01989978,0.05867691,0.03618626,-0.03242506,-0.01308316,0.05394875,0.03941183,-0.06002898,-0.02507743,-0.0098786,-0.07834,0.03920729,0.04291311,-0.04657634,-0.09450322,-0.04786418,-0.08059695,-0.05928613,-0.04285967,-0.02406739,0.02164786,0.02868398,-0.03395571,0.02439368,0.04740473,0.04959247,0.00157282,-0.02348953,0.0077206,-0.00776865,0.04005396,0.02434342,-0.02669505,-0.02612552,-0.02560687,-0.02333015,0.04076247,0.0166012,0.03545419,-0.00081723,0.05370531,0.01381974,0.07156912,0.01282879,0.0574587,0.03961909,0.04159667,0.01368661,-0.05314263,0.03830438,-0.02490865,0.04257826,-0.01732438,0.09552469,0.05877352,-0.0024998,0.02703602,0.04338688,-0.03621913,0.02274912,-0.00066242,-0.03778209,0.0007189,-0.03455196,-0.02685932,0.01808782,0.00377962,-0.33222982,0.03379506,-0.01120585,-0.00455282,0.00429484,0.04527111,0.01262756,0.0047353,-0.06997263,0.04886231,-0.09210915,0.07370214,0.0715953,0.00519935,0.00480868,-0.05901437,0.03062584,0.01575987,0.02079083,-0.10685486,-0.04272905,-0.00084324,0.21811505,0.03293189,0.01190279,-0.05402009,0.00099702,0.01666339,0.04246335,0.03097926,-0.04887914,0.01972675,0.1208589,-0.03953932,0.03824953,0.03087927,-0.04537496,0.03275086,-0.00039148,-0.04437944,-0.01028246,0.01936975,-0.02250759,-0.01873344,0.08000139,0.00449458,-0.03608066,-0.0282124,0.05154957,0.02522069,-0.00719649,-0.01073171,-0.00369857,-0.00152448,0.05701325,0.02742154,0.05070874,-0.01442173,-0.05228474,0.04050429,0.04728856,0.00467346,0.04630582,0.03811052,0.08526178],"last_embed":{"tokens":292,"hash":"1dht3qp"}}},"text":null,"length":0,"last_read":{"hash":"1dht3qp","at":1782975300744},"key":"handover/HANDOVER_20260702.md#HANDOVER 2026-07-02（水）#2. 実装した変更#2.2 帯上シフトに伴う下流要素の縮小","lines":[36,46],"size":406,"outlinks":[],"class_name":"SmartBlock"},
"smart_blocks:handover/HANDOVER_20260702.md#HANDOVER 2026-07-02（水）#2. 実装した変更#2.2 帯上シフトに伴う下流要素の縮小#{1}": {"path":null,"last_embed":{"hash":"13kik8e","at":1782975300805},"embeddings":{"TaylorAI/bge-micro-v2":{"vec":[-0.0743615,-0.06435183,0.02737706,-0.02013888,0.02365411,0.01018286,-0.00564976,0.00721654,0.05647146,-0.02475348,-0.03146029,-0.02606405,0.05864887,0.0152507,-0.00330321,-0.01594093,-0.00929524,-0.00718372,-0.09644898,-0.03153553,0.12648275,-0.02159769,-0.007551,-0.01710327,0.06974623,0.01933684,0.01097651,-0.04634783,-0.01119891,-0.16172253,-0.04992105,0.04350978,0.0103883,-0.02024949,0.01199702,-0.0131927,-0.01026888,0.04650537,-0.06047461,0.04472319,-0.00689463,0.04503274,0.00707947,-0.04942012,0.01687109,-0.03778255,-0.00994686,-0.0336518,0.0101253,-0.03387713,-0.03682321,-0.01452317,0.01724391,0.01225285,0.06650713,0.01677063,0.00454898,-0.00806295,0.05098567,0.02679741,0.07089821,0.01577117,-0.20147361,0.05419333,-0.03665708,-0.0301552,-0.01698855,0.0299293,0.04807658,0.08270619,-0.01758778,-0.02351077,-0.0201417,0.05453824,0.00023185,-0.04124748,-0.04854738,-0.03423353,-0.05250084,-0.04350769,-0.00600847,0.01958915,0.01369831,-0.02708332,-0.01811669,-0.01902861,0.03336151,-0.03200742,-0.01623759,0.0832359,-0.02094915,-0.02952277,0.05569892,0.05160042,-0.0503974,0.00874511,0.00767185,0.0115943,-0.04004294,0.08386814,-0.0849187,-0.00711735,0.05159708,-0.02114029,0.04030274,-0.03919807,-0.00283463,-0.02649751,0.00284842,-0.05503548,-0.07376269,-0.03447587,0.03419689,-0.0556929,-0.01268471,0.01219124,0.0665539,-0.01623168,0.00319944,0.00662728,0.0601955,0.01437605,0.01885843,-0.02773604,-0.0185996,0.00214713,0.01840315,0.05904573,-0.00373973,0.03027014,0.07435166,-0.01319247,-0.08050694,-0.01731438,-0.00951124,0.00896563,0.02523886,-0.01457075,-0.00149884,-0.08323668,-0.03714781,-0.12162054,-0.0052109,-0.1105245,-0.03775413,0.10670113,-0.08406935,0.00715025,0.04012331,-0.02721598,-0.007022,0.0498641,-0.03290493,-0.05421577,0.02248794,-0.00248653,0.04163966,0.09808692,-0.00133096,0.02257609,-0.00227872,-0.04797665,-0.11057466,0.05877821,0.03652782,-0.06732998,-0.01641714,0.04808182,0.03686036,0.00329346,-0.0231057,0.03545831,-0.03088265,0.01058343,0.12366531,0.02296374,0.08981288,-0.00167131,-0.0735011,0.02012466,0.04244256,0.0001489,-0.01633256,0.02821363,0.01959868,-0.05409725,-0.05597254,-0.02790152,0.03435801,-0.02191838,-0.11922032,-0.02288993,-0.03223643,0.03778048,-0.02063204,-0.0179656,-0.05741917,0.00373725,0.05764879,-0.07919032,0.13131131,0.02966263,-0.04335619,-0.055861,0.00906288,0.03189964,0.02521604,-0.02264678,-0.06164302,0.03729954,-0.066829,-0.01606762,0.11966138,0.02758825,0.0421433,-0.006179,-0.01506728,0.01847518,0.00139277,0.03088068,0.03163859,-0.00953444,-0.03218688,-0.20516326,0.02507482,0.04697879,-0.03100364,-0.00752115,-0.02160297,0.02092105,-0.02805625,0.11891448,0.03293606,0.1085669,-0.00184009,-0.02233014,0.00483148,-0.03507701,0.0525533,0.03805063,0.00782346,-0.0581727,0.00131392,-0.01622969,0.05081567,-0.01915074,0.04135409,0.06501236,-0.03121531,0.07406902,0.01191373,-0.02009446,-0.01738163,0.0600624,0.04034143,-0.02981495,-0.01225896,0.05181963,0.03695438,-0.05945491,-0.02856347,-0.00892899,-0.07748139,0.03697641,0.04333465,-0.04493456,-0.0949223,-0.04548492,-0.08218859,-0.05553662,-0.04402792,-0.02152825,0.02026146,0.0294354,-0.03418086,0.02514569,0.04714257,0.051121,0.00336148,-0.02215526,0.0125968,-0.00956827,0.03485161,0.01940209,-0.02663637,-0.02298888,-0.02963054,-0.02384369,0.04032513,0.01972258,0.03588877,-0.0020646,0.05437256,0.01449231,0.06766478,0.01118472,0.05357029,0.03965489,0.03998625,0.01280575,-0.05105259,0.0324946,-0.02656217,0.04534795,-0.01349572,0.09984345,0.06347493,-0.00427813,0.02486381,0.04550812,-0.03546996,0.02370053,-0.00376316,-0.03530295,-0.00204691,-0.03151967,-0.02779748,0.01641585,0.00856004,-0.33126083,0.03071012,-0.0080619,-0.00081968,0.00283475,0.04699085,0.01043957,0.00081223,-0.06698316,0.04993363,-0.0947727,0.07583646,0.07300694,0.0066677,0.0030884,-0.05792612,0.03075077,0.01594483,0.02246997,-0.1112934,-0.03685962,-0.00252091,0.2205226,0.02947881,0.00941018,-0.05452676,0.00296811,0.01615336,0.03944099,0.03152822,-0.04517092,0.02118074,0.12459473,-0.04278622,0.04156226,0.03074918,-0.04635791,0.029905,-0.0017099,-0.04329523,-0.00679483,0.02124506,-0.02545368,-0.0173362,0.07902467,0.00005949,-0.0339898,-0.02613251,0.0492097,0.02765819,-0.00514131,-0.00786855,-0.00219542,-0.00246025,0.05706139,0.02794879,0.0469997,-0.01739348,-0.05296594,0.04188013,0.04537149,0.00410353,0.04543005,0.04066105,0.09051672],"last_embed":{"tokens":290,"hash":"13kik8e"}}},"text":null,"length":0,"last_read":{"hash":"13kik8e","at":1782975300805},"key":"handover/HANDOVER_20260702.md#HANDOVER 2026-07-02（水）#2. 実装した変更#2.2 帯上シフトに伴う下流要素の縮小#{1}","lines":[38,46],"size":381,"outlinks":[],"class_name":"SmartBlock"},
"smart_blocks:handover/HANDOVER_20260702.md#HANDOVER 2026-07-02（水）#2. 実装した変更#2.3 色ルールの明確化（v1.2 として design_system §3.4 に成文化）": {"path":null,"last_embed":{"hash":"18bmd5m","at":1782975300875},"embeddings":{"TaylorAI/bge-micro-v2":{"vec":[-0.07901502,-0.05082809,0.00903316,-0.00247534,0.02217901,0.02665229,0.00776888,0.01249108,0.02985896,-0.00333709,0.00095793,-0.04333195,0.0292187,0.0203906,0.02380524,-0.02500955,0.01012334,-0.01539588,-0.07345754,0.00399445,0.12066676,-0.03743817,-0.01637367,-0.04457377,0.06465419,0.03556757,-0.00711779,-0.04388595,-0.02006152,-0.16476923,-0.06955064,0.06279532,-0.0189425,-0.022718,-0.02377826,-0.01568614,0.01112424,0.04193098,-0.0250313,0.00528433,-0.03056043,0.03021653,0.03955111,-0.04205311,0.01196301,-0.02281645,-0.01266648,-0.01220926,0.02153125,-0.05857575,0.01827719,-0.00401074,0.00447754,0.01990623,0.0668254,0.03790054,0.02220008,-0.01102406,0.0395233,0.00552941,0.06407829,0.03787462,-0.22269347,0.0361799,-0.018775,-0.02989825,0.04175788,0.01515101,0.05095798,0.05826842,-0.03198433,-0.00944855,-0.03158307,0.0743203,-0.02755388,-0.01814759,0.00447583,-0.07161875,-0.08134899,-0.0728896,-0.03240061,0.02907596,-0.00372007,0.00530837,0.00554082,0.01977889,0.03020923,-0.03875228,-0.00389956,0.08860934,-0.03972485,-0.04818397,0.0700933,0.04578029,-0.0780732,-0.02539893,0.00936141,0.01839652,-0.08439,0.09312195,-0.03000234,0.00394078,0.05926713,-0.07565794,0.06589693,-0.0465707,-0.01930264,-0.05512614,-0.01465322,-0.0334051,-0.05671462,-0.02800734,-0.00155735,-0.06202729,-0.04328397,0.07042111,0.03821049,0.02481849,0.00668191,-0.03572342,0.04311139,-0.02231754,0.06982899,-0.04014044,-0.03249849,-0.00753016,0.03120842,0.05144331,-0.02919404,0.07211061,0.04998858,-0.00589961,-0.07533036,-0.01241283,0.00905604,0.05372585,-0.02002302,-0.03347164,0.0323421,-0.02532988,-0.03171207,-0.10942964,-0.00098232,-0.09843025,-0.02044479,0.06391847,-0.08101028,0.00045964,0.01682253,-0.02381165,0.01149624,0.08337972,0.00781639,-0.01115993,-0.05089824,-0.03498783,0.03821069,0.10779567,-0.00927492,0.01976059,0.00485711,-0.0137798,-0.07508118,0.06140297,-0.00754776,-0.08095293,-0.01893674,0.04748892,0.02913375,-0.01976793,-0.03813362,0.05850675,-0.01603963,-0.02349362,0.13322063,0.02740698,0.06664199,-0.00984097,-0.03266245,-0.01475007,0.02488661,-0.03118218,-0.01098671,0.04054367,0.05294927,-0.04998788,-0.02769382,-0.01261622,0.03674261,-0.01999221,-0.06275827,0.04047621,-0.04899018,0.0764075,-0.0547397,-0.04540133,-0.06404269,0.00688223,0.03926044,-0.08632438,0.12491475,0.05158545,-0.05954528,-0.03839617,0.03360205,0.00653133,0.03357591,0.00304171,-0.05562906,0.05391616,-0.0611445,0.03916628,0.06800579,0.03044833,0.04146935,0.00133046,0.0141961,0.02280494,-0.02357687,-0.0037413,0.06334409,-0.00106961,-0.01728425,-0.21757078,0.02836369,0.04960529,-0.06572794,-0.02992497,0.00215188,0.00967852,-0.03238228,0.11506537,0.02903336,0.10754104,0.02499306,0.00806009,-0.00113484,-0.02963063,0.01051789,0.05211485,0.02227439,-0.02329946,0.01800564,0.00826909,0.02760023,-0.00566303,-0.02030444,0.05401867,-0.0226689,0.09269205,-0.01368343,-0.00919782,0.00677685,0.04003084,-0.01679317,-0.04528022,-0.0249995,0.07199881,0.0652049,-0.03731992,-0.00297169,-0.01900751,-0.02517778,0.05664747,0.0525375,-0.07243339,-0.08695209,-0.06425714,-0.07641722,-0.00748524,-0.07101768,-0.03655531,0.04219512,0.01329662,-0.00574934,0.01954893,0.08063635,0.03091434,-0.00836995,-0.06004129,-0.00907125,0.00275589,0.04298137,0.00713843,-0.01041276,-0.01764916,-0.01993217,-0.00123574,0.02684598,-0.01088118,-0.00627342,0.00998696,0.01137904,-0.01256714,0.09373756,0.0142671,-0.00681849,0.08500413,0.01856603,-0.01376611,-0.05536883,0.04529849,-0.02425917,0.00746473,-0.02424387,0.05624769,0.03297763,0.00673534,0.00986683,0.03722815,0.00308552,0.04527426,-0.01606725,-0.08578132,0.03250491,0.01636616,0.00190832,0.03991396,0.01244721,-0.33027828,-0.01114224,0.01141173,0.02529744,0.02042346,0.0415602,0.02799273,0.02019297,-0.10427117,0.0525659,-0.0861939,0.05080518,0.01825047,-0.00154981,0.00325384,-0.07576718,0.07889454,-0.0165977,-0.00877293,-0.06460392,-0.05749269,-0.01761646,0.19454192,0.01258202,0.04265164,-0.03767639,0.03198424,0.03440385,0.05548207,0.03259111,-0.00738589,0.0403597,0.0861479,-0.03682503,0.00957571,0.04292019,-0.0253724,0.03295631,-0.02736578,-0.06625598,-0.03088034,-0.01428933,-0.00160023,-0.0478342,0.10885848,0.02092241,-0.03828925,-0.03055548,0.06325897,0.01599647,-0.03940603,-0.00486701,0.00615543,-0.00339581,0.06404176,-0.00003349,0.01931999,0.00026299,-0.0214611,-0.0090709,0.02810146,0.01720709,0.04206112,0.01925981,0.10087564],"last_embed":{"tokens":332,"hash":"18bmd5m"}}},"text":null,"length":0,"last_read":{"hash":"18bmd5m","at":1782975300875},"key":"handover/HANDOVER_20260702.md#HANDOVER 2026-07-02（水）#2. 実装した変更#2.3 色ルールの明確化（v1.2 として design_system §3.4 に成文化）","lines":[47,59],"size":466,"outlinks":[],"class_name":"SmartBlock"},
"smart_blocks:handover/HANDOVER_20260702.md#HANDOVER 2026-07-02（水）#2. 実装した変更#2.3 色ルールの明確化（v1.2 として design_system §3.4 に成文化）#{1}": {"path":null,"last_embed":{"hash":"yudh59","at":1782975300943},"embeddings":{"TaylorAI/bge-micro-v2":{"vec":[-0.07737494,-0.05949067,-0.00081002,-0.00189216,0.02864784,0.01355184,0.00181147,0.01820561,0.022672,-0.00959575,0.01032632,-0.04114654,0.02522467,0.01819522,0.03749919,-0.0210699,0.0129605,-0.01702811,-0.07773836,0.0013697,0.12587987,-0.03914401,-0.02444335,-0.03927693,0.06287928,0.02758205,0.00204091,-0.04533775,-0.01561089,-0.15824021,-0.0580343,0.06552095,-0.01821528,-0.0095216,-0.02462934,-0.01987633,0.0061359,0.04215335,-0.03066169,0.0198105,-0.02594453,0.03008215,0.04528084,-0.03002777,0.00362786,-0.01972136,-0.01502258,-0.01158714,0.02803707,-0.06906658,0.00989103,0.00018874,0.00722722,0.0188545,0.06297199,0.03212478,0.0174245,-0.01037817,0.02186872,0.00858942,0.06439161,0.04383368,-0.22179641,0.02874749,-0.02196936,-0.02398786,0.04955372,0.02082853,0.05534426,0.06459744,-0.03482083,-0.0038034,-0.03825799,0.07832525,-0.03688495,-0.02039385,0.00700657,-0.06914283,-0.07173616,-0.06639198,-0.03820062,0.0193008,-0.01227304,-0.0102929,0.00038476,0.00547041,0.02937096,-0.03575057,0.00355541,0.07845719,-0.03986525,-0.03824066,0.07831901,0.04033773,-0.08178782,-0.02792785,0.01403227,0.01553284,-0.08719888,0.10430042,-0.03096275,0.0034984,0.05723831,-0.07536702,0.06896189,-0.04414928,-0.02710929,-0.04731359,-0.02886221,-0.03654701,-0.06245954,-0.03022966,0.00889847,-0.05413907,-0.04218996,0.08006109,0.03703583,0.01565363,0.0051304,-0.04523809,0.04307784,-0.02849797,0.07044887,-0.0436077,-0.02571829,-0.01664258,0.0330159,0.04553018,-0.02826105,0.07594187,0.02911701,-0.00759338,-0.08037125,-0.02632431,0.00687064,0.04953538,-0.01271833,-0.01989029,0.0281465,-0.01724292,-0.02687532,-0.10725224,0.0010599,-0.10930946,-0.00598788,0.05881234,-0.08624277,-0.00312077,0.02013799,-0.02866265,0.00220197,0.08547875,0.01202103,-0.0194357,-0.04134283,-0.02691487,0.0443178,0.10379998,-0.0119716,0.02790049,-0.00123343,-0.02119981,-0.07861587,0.05622983,0.00339232,-0.08189987,-0.02179488,0.04911236,0.03910808,-0.02414028,-0.0397484,0.06767327,-0.01260081,-0.01793165,0.13652854,0.02868468,0.07311868,-0.0039297,-0.02426638,-0.01748386,0.01889405,-0.02650779,-0.01787497,0.03216329,0.04268255,-0.05467271,-0.02688925,-0.00516835,0.04300824,-0.01991579,-0.06462396,0.04346212,-0.03757979,0.07690813,-0.04948824,-0.04635585,-0.06361844,-0.00369506,0.03571563,-0.08663666,0.12990075,0.04644731,-0.04845535,-0.03420432,0.0394396,0.01880317,0.01606401,0.010766,-0.06655259,0.05284835,-0.06561957,0.04435991,0.07080481,0.05046505,0.03977306,0.00423022,0.00482605,0.0270735,-0.02582409,-0.00498756,0.06149871,-0.0049148,-0.0175431,-0.2214821,0.0264742,0.0550837,-0.06846865,-0.02998889,0.01024506,0.02638467,-0.04176988,0.12037702,0.0300076,0.0944311,0.02976553,0.00423011,0.00537887,-0.01507322,0.0140128,0.05138323,0.01248138,-0.0298783,0.01181543,-0.00144912,0.03116434,-0.00468387,-0.00786061,0.06077445,-0.01492343,0.10540993,-0.00408758,-0.01203396,-0.0057794,0.03184633,-0.01437572,-0.04509885,-0.03535182,0.06807762,0.06212775,-0.04191795,-0.00067898,-0.0194388,-0.01787915,0.05571063,0.04931577,-0.06792965,-0.09061316,-0.0503353,-0.07977398,0.00557247,-0.08260728,-0.04366103,0.04513148,0.01440777,0.00107536,0.03694693,0.08001947,0.02225749,0.00178931,-0.0618086,-0.00101045,0.0016575,0.05226283,0.02749306,-0.01685912,-0.03470068,-0.00764756,0.00418034,0.02378322,-0.01564823,-0.00038851,0.00337758,0.00618895,-0.0097497,0.079909,0.01004811,-0.01911004,0.08751095,0.02470336,-0.01783376,-0.07003823,0.04465923,-0.02709606,0.00294034,-0.02004657,0.05414609,0.02969412,0.01534918,0.01195396,0.01595062,0.01204786,0.04339171,-0.02629891,-0.08792652,0.03754782,0.00589022,0.00135903,0.05042297,0.01542778,-0.32128313,-0.00809799,0.01248007,0.026581,0.01404048,0.02826384,0.02280461,0.01883302,-0.09650839,0.06565806,-0.06290115,0.04204272,0.02090422,0.00728918,0.00311434,-0.0659017,0.08930791,-0.00271814,-0.01408694,-0.06952794,-0.05376424,-0.00626075,0.19660236,0.01709548,0.03629727,-0.03575355,0.02790728,0.03342678,0.03044957,0.03764023,-0.00507335,0.02749082,0.07953684,-0.04248624,0.00655894,0.04224646,-0.02046765,0.03512996,-0.03217962,-0.06597218,-0.04249945,-0.01965514,0.00283843,-0.04533306,0.10782416,0.01892324,-0.04207147,-0.0229736,0.06094506,0.01303047,-0.05638612,-0.01014476,0.00308772,-0.00888907,0.06313428,0.00878777,0.02414953,-0.0070623,-0.01630899,0.0035685,0.02935135,0.02134657,0.03925499,0.01671225,0.09756733],"last_embed":{"tokens":245,"hash":"yudh59"}}},"text":null,"length":0,"last_read":{"hash":"yudh59","at":1782975300943},"key":"handover/HANDOVER_20260702.md#HANDOVER 2026-07-02（水）#2. 実装した変更#2.3 色ルールの明確化（v1.2 として design_system §3.4 に成文化）#{1}","lines":[49,56],"size":259,"outlinks":[],"class_name":"SmartBlock"},
"smart_blocks:handover/HANDOVER_20260702.md#HANDOVER 2026-07-02（水）#2. 実装した変更#2.3 色ルールの明確化（v1.2 として design_system §3.4 に成文化）#{2}": {"path":null,"last_embed":{"hash":null},"embeddings":{},"text":null,"length":0,"last_read":{"hash":"1kcpb8q","at":1782975294683},"key":"handover/HANDOVER_20260702.md#HANDOVER 2026-07-02（水）#2. 実装した変更#2.3 色ルールの明確化（v1.2 として design_system §3.4 に成文化）#{2}","lines":[57,57],"size":103,"outlinks":[],"class_name":"SmartBlock"},
"smart_blocks:handover/HANDOVER_20260702.md#HANDOVER 2026-07-02（水）#2. 実装した変更#2.3 色ルールの明確化（v1.2 として design_system §3.4 に成文化）#{3}": {"path":null,"last_embed":{"hash":null},"embeddings":{},"text":null,"length":0,"last_read":{"hash":"4mtvu","at":1782975294683},"key":"handover/HANDOVER_20260702.md#HANDOVER 2026-07-02（水）#2. 実装した変更#2.3 色ルールの明確化（v1.2 として design_system §3.4 に成文化）#{3}","lines":[58,59],"size":50,"outlinks":[],"class_name":"SmartBlock"},
"smart_blocks:handover/HANDOVER_20260702.md#HANDOVER 2026-07-02（水）#2. 実装した変更#2.4 C-3 slide1 フロー総括を再配置": {"path":null,"last_embed":{"hash":null},"embeddings":{},"text":null,"length":0,"last_read":{"hash":"zns5j3","at":1782975294683},"key":"handover/HANDOVER_20260702.md#HANDOVER 2026-07-02（水）#2. 実装した変更#2.4 C-3 slide1 フロー総括を再配置","lines":[60,64],"size":173,"outlinks":[],"class_name":"SmartBlock"},
"smart_blocks:handover/HANDOVER_20260702.md#HANDOVER 2026-07-02（水）#2. 実装した変更#2.4 C-3 slide1 フロー総括を再配置#{1}": {"path":null,"last_embed":{"hash":null},"embeddings":{},"text":null,"length":0,"last_read":{"hash":"10zycj","at":1782975294683},"key":"handover/HANDOVER_20260702.md#HANDOVER 2026-07-02（水）#2. 実装した変更#2.4 C-3 slide1 フロー総括を再配置#{1}","lines":[62,62],"size":72,"outlinks":[],"class_name":"SmartBlock"},
"smart_blocks:handover/HANDOVER_20260702.md#HANDOVER 2026-07-02（水）#2. 実装した変更#2.4 C-3 slide1 フロー総括を再配置#{2}": {"path":null,"last_embed":{"hash":null},"embeddings":{},"text":null,"length":0,"last_read":{"hash":"18wt8u4","at":1782975294683},"key":"handover/HANDOVER_20260702.md#HANDOVER 2026-07-02（水）#2. 実装した変更#2.4 C-3 slide1 フロー総括を再配置#{2}","lines":[63,64],"size":70,"outlinks":[],"class_name":"SmartBlock"},
"smart_blocks:handover/HANDOVER_20260702.md#HANDOVER 2026-07-02（水）#2. 実装した変更#2.5 LIMITS 拡張": {"path":null,"last_embed":{"hash":null},"embeddings":{},"text":null,"length":0,"last_read":{"hash":"1fzkplh","at":1782975294683},"key":"handover/HANDOVER_20260702.md#HANDOVER 2026-07-02（水）#2. 実装した変更#2.5 LIMITS 拡張","lines":[65,72],"size":127,"outlinks":[],"class_name":"SmartBlock"},
"smart_blocks:handover/HANDOVER_20260702.md#HANDOVER 2026-07-02（水）#2. 実装した変更#2.5 LIMITS 拡張#{1}": {"path":null,"last_embed":{"hash":null},"embeddings":{},"text":null,"length":0,"last_read":{"hash":"1k0grkx","at":1782975294683},"key":"handover/HANDOVER_20260702.md#HANDOVER 2026-07-02（水）#2. 実装した変更#2.5 LIMITS 拡張#{1}","lines":[67,67],"size":43,"outlinks":[],"class_name":"SmartBlock"},
"smart_blocks:handover/HANDOVER_20260702.md#HANDOVER 2026-07-02（水）#2. 実装した変更#2.5 LIMITS 拡張#{2}": {"path":null,"last_embed":{"hash":null},"embeddings":{},"text":null,"length":0,"last_read":{"hash":"ck9f4h","at":1782975294683},"key":"handover/HANDOVER_20260702.md#HANDOVER 2026-07-02（水）#2. 実装した変更#2.5 LIMITS 拡張#{2}","lines":[68,68],"size":48,"outlinks":[],"class_name":"SmartBlock"},
"smart_blocks:handover/HANDOVER_20260702.md#HANDOVER 2026-07-02（水）#2. 実装した変更#2.5 LIMITS 拡張#{3}": {"path":null,"last_embed":{"hash":null},"embeddings":{},"text":null,"length":0,"last_read":{"hash":"78nawt","at":1782975294683},"key":"handover/HANDOVER_20260702.md#HANDOVER 2026-07-02（水）#2. 実装した変更#2.5 LIMITS 拡張#{3}","lines":[69,70],"size":10,"outlinks":[],"class_name":"SmartBlock"},
"smart_blocks:handover/HANDOVER_20260702.md#HANDOVER 2026-07-02（水）#2. 実装した変更#2.5 LIMITS 拡張#{4}": {"path":null,"last_embed":{"hash":null},"embeddings":{},"text":null,"length":0,"last_read":{"hash":"1alhcef","at":1782975294683},"key":"handover/HANDOVER_20260702.md#HANDOVER 2026-07-02（水）#2. 実装した変更#2.5 LIMITS 拡張#{4}","lines":[71,72],"size":4,"outlinks":[],"class_name":"SmartBlock"},
"smart_blocks:handover/HANDOVER_20260702.md#HANDOVER 2026-07-02（水）#3. 検証結果（v7）": {"path":null,"last_embed":{"hash":"1sr6b5l","at":1782975301000},"embeddings":{"TaylorAI/bge-micro-v2":{"vec":[-0.08710681,-0.03582402,0.00654594,-0.02769239,-0.0069284,0.04001096,-0.00707825,-0.02161052,0.02770739,-0.03200936,-0.01465093,-0.06625333,0.07618098,0.0139734,0.02643055,-0.03307221,0.00542887,-0.01848075,-0.0658875,-0.00180533,0.10365466,-0.0118942,-0.04003912,-0.05670393,0.07440771,0.04516521,0.00183179,-0.01509384,0.00642942,-0.16276939,-0.04427648,0.03600216,-0.01168055,-0.03372874,0.01738049,-0.00136502,-0.0354388,0.02051474,-0.04455289,0.02388331,-0.0272404,0.02831637,0.02152025,-0.03487551,0.05448264,-0.06683097,0.00353529,-0.04681896,0.0494467,-0.04180229,-0.02126178,0.00469465,0.03765262,-0.00597764,0.01643518,0.03122711,0.04788372,0.01686721,0.04295776,0.01604813,0.06265046,0.03248943,-0.21355252,0.05056148,-0.02230234,0.00382717,-0.00730097,-0.0066066,0.02642707,0.06157177,-0.04308841,0.01539548,-0.02379533,0.08044706,-0.01187685,0.02434259,-0.02629295,-0.05416824,-0.06655196,-0.01965379,-0.02351356,0.0197315,-0.0038203,0.02199408,-0.04539688,-0.00698263,0.06583872,-0.01092351,0.01014268,0.04625952,0.00120792,-0.02735739,0.06522563,0.05970709,-0.03483741,-0.01915798,0.04646998,0.02486752,-0.07514045,0.11141095,-0.09280051,0.0442558,-0.02253249,-0.02200388,0.06447731,-0.04398346,0.0071221,-0.03049688,-0.02467979,-0.05763203,-0.05258239,-0.02349874,0.05665223,-0.07238076,-0.03076153,0.07713022,0.06584343,-0.01854097,0.00836332,0.00673219,0.06927352,-0.00651298,0.03434514,-0.05943412,-0.0274041,-0.03016757,0.00324805,0.03920452,-0.00962152,0.08434612,0.06560066,-0.00734564,-0.09095927,-0.03244964,0.0242698,-0.01281955,-0.03227701,-0.00486423,0.06408396,-0.04196966,-0.03602238,-0.09420051,-0.0110874,-0.08844266,-0.05322782,0.05828205,-0.08037348,0.0064214,0.00736992,-0.05765906,-0.00439103,0.06192415,-0.01477293,-0.05198856,0.03049052,-0.03971339,0.06422026,0.07437189,0.00201782,0.01603955,0.01881301,-0.01970159,-0.10835632,0.06796609,0.02653217,-0.06643062,-0.0123074,-0.0083258,0.05102243,-0.04806045,-0.00865471,0.01850464,-0.04026517,-0.03081144,0.06256904,0.00333016,0.04943404,0.01176918,-0.03849098,0.01312788,0.0338932,-0.04958893,-0.02037945,0.04833895,-0.03270917,-0.06790848,-0.02596633,-0.0296135,0.05874793,-0.02696055,-0.07647639,0.00359381,-0.07321872,0.07268798,-0.04220279,-0.03010408,-0.07938989,0.00509501,0.06459597,-0.09319542,0.10844517,0.02387233,-0.02421978,-0.01389957,-0.00859812,0.02063294,0.05009375,-0.03755143,-0.01717596,0.10045079,-0.03776767,0.01356248,0.08501413,0.03467406,0.02343656,-0.00315703,0.01872832,0.02090844,0.02344412,0.04061063,0.02084331,0.01724205,-0.02500122,-0.17868373,0.00399625,0.02473056,-0.00909302,0.01715787,0.0103464,0.00895158,0.00088753,0.09679199,0.02279205,0.09439468,0.05485241,-0.01789944,-0.01547333,0.00310897,0.01472223,0.03813201,0.0230515,-0.02145215,-0.0108813,-0.05132581,0.03430223,-0.03578086,0.0094161,0.06697088,-0.03532933,0.09319381,-0.01220579,-0.02903188,0.02551811,0.02288589,-0.00602714,-0.05863836,-0.12695771,0.08447812,0.06961767,-0.05292429,-0.01005458,-0.01465728,-0.04353016,0.05712942,0.05294513,-0.0553756,-0.09687673,-0.03754844,-0.07836356,-0.00376529,-0.01905776,-0.02123916,0.06128183,0.05695447,0.02059152,0.01201884,0.04171271,0.01902003,-0.06074626,-0.01440836,-0.00491854,-0.01950915,0.05902524,0.02372969,-0.03082367,-0.02281862,0.02587305,0.00893375,0.02359747,-0.01678455,0.00048479,0.04482832,0.04676992,0.00211292,0.13136557,0.02214488,-0.01113226,0.03359329,0.03459734,-0.0120341,-0.0667132,0.04474872,-0.06056344,0.03028391,-0.00180067,0.05876732,0.05013458,0.05275955,0.00730796,0.03224999,-0.00114397,0.06392388,-0.00765578,-0.06176196,0.04744953,-0.02790744,-0.02576148,0.03941896,0.02448753,-0.32729933,-0.01517506,-0.0481755,-0.01100198,-0.0224861,0.02710254,0.00443904,0.00482526,-0.12014408,0.01551307,-0.04395426,0.07016227,0.07773478,-0.01183634,0.02441687,-0.04306534,0.05223904,-0.00355475,0.00178444,-0.05661708,-0.08400355,-0.04327515,0.19481811,0.02101686,0.04364284,-0.02743273,0.0276885,0.05299668,0.08919014,0.01586128,-0.03163987,-0.0071962,0.05527338,-0.03578998,0.01477435,0.03820744,-0.0485287,0.02252425,-0.00659678,-0.05921225,-0.01779412,-0.02993518,0.01456162,-0.06117151,0.09076831,0.01317606,-0.03524804,-0.02699965,0.026382,0.01123485,-0.03823035,0.01829195,-0.00555277,-0.02059629,0.03846254,0.06706341,0.0569429,-0.01667908,-0.00293699,0.01020926,0.04951414,0.04858304,0.07372329,0.03734322,0.05472666],"last_embed":{"tokens":307,"hash":"1sr6b5l"}}},"text":null,"length":0,"last_read":{"hash":"1sr6b5l","at":1782975301000},"key":"handover/HANDOVER_20260702.md#HANDOVER 2026-07-02（水）#3. 検証結果（v7）","lines":[73,94],"size":416,"outlinks":[],"class_name":"SmartBlock"},
"smart_blocks:handover/HANDOVER_20260702.md#HANDOVER 2026-07-02（水）#3. 検証結果（v7）#3.1 通常データ（スピークアップ英会話）": {"path":null,"last_embed":{"hash":null},"embeddings":{},"text":null,"length":0,"last_read":{"hash":"10d3h9h","at":1782975294683},"key":"handover/HANDOVER_20260702.md#HANDOVER 2026-07-02（水）#3. 検証結果（v7）#3.1 通常データ（スピークアップ英会話）","lines":[75,80],"size":118,"outlinks":[],"class_name":"SmartBlock"},
"smart_blocks:handover/HANDOVER_20260702.md#HANDOVER 2026-07-02（水）#3. 検証結果（v7）#3.1 通常データ（スピークアップ英会話）#{1}": {"path":null,"last_embed":{"hash":null},"embeddings":{},"text":null,"length":0,"last_read":{"hash":"1s7p8lu","at":1782975294683},"key":"handover/HANDOVER_20260702.md#HANDOVER 2026-07-02（水）#3. 検証結果（v7）#3.1 通常データ（スピークアップ英会話）#{1}","lines":[77,77],"size":15,"outlinks":[],"class_name":"SmartBlock"},
"smart_blocks:handover/HANDOVER_20260702.md#HANDOVER 2026-07-02（水）#3. 検証結果（v7）#3.1 通常データ（スピークアップ英会話）#{2}": {"path":null,"last_embed":{"hash":null},"embeddings":{},"text":null,"length":0,"last_read":{"hash":"1mckx2o","at":1782975294683},"key":"handover/HANDOVER_20260702.md#HANDOVER 2026-07-02（水）#3. 検証結果（v7）#3.1 通常データ（スピークアップ英会話）#{2}","lines":[78,78],"size":25,"outlinks":[],"class_name":"SmartBlock"},
"smart_blocks:handover/HANDOVER_20260702.md#HANDOVER 2026-07-02（水）#3. 検証結果（v7）#3.1 通常データ（スピークアップ英会話）#{3}": {"path":null,"last_embed":{"hash":null},"embeddings":{},"text":null,"length":0,"last_read":{"hash":"cpdsk3","at":1782975294683},"key":"handover/HANDOVER_20260702.md#HANDOVER 2026-07-02（水）#3. 検証結果（v7）#3.1 通常データ（スピークアップ英会話）#{3}","lines":[79,80],"size":49,"outlinks":[],"class_name":"SmartBlock"},
"smart_blocks:handover/HANDOVER_20260702.md#HANDOVER 2026-07-02（水）#3. 検証結果（v7）#3.2 120字ストレステスト（実測 105 字）": {"path":null,"last_embed":{"hash":"10ki78b","at":1782975301070},"embeddings":{"TaylorAI/bge-micro-v2":{"vec":[-0.08440831,-0.03838168,0.01239349,0.00073664,-0.00807567,0.02981052,0.00538805,-0.02522509,0.01706175,-0.03431429,0.0055754,-0.06884967,0.06924983,0.02184802,0.02702752,-0.03271097,0.00116105,-0.02137169,-0.05453923,0.00248209,0.10557316,-0.01085476,-0.04495406,-0.05742953,0.07330181,0.04909979,0.01261913,-0.01034863,-0.00223705,-0.1666932,-0.0359831,0.02174425,-0.0230662,-0.02368971,0.01386745,-0.01585188,-0.02871944,0.01347876,-0.05123533,0.02653114,-0.01722871,0.02763757,0.00401773,-0.02841898,0.04195191,-0.05303323,0.00254287,-0.04527143,0.05623244,-0.04107025,-0.02212539,0.00564499,0.04197026,0.00444498,0.02352042,0.02501044,0.04179788,0.01567815,0.0525784,0.00989641,0.0599028,0.02231566,-0.21157104,0.03874496,-0.01267477,0.0012879,-0.0047592,-0.01163597,0.02304495,0.06681731,-0.04018807,0.01914048,-0.03206486,0.07574099,-0.01424639,0.01799506,-0.02774371,-0.0508184,-0.05639184,-0.01990762,-0.02617738,0.02175548,-0.00933756,0.03160162,-0.04404456,-0.01578222,0.05658732,-0.00394266,0.02358259,0.03434959,0.01553826,-0.02323372,0.07826079,0.04918928,-0.03814888,-0.02643029,0.06118815,0.02429272,-0.08029107,0.10957555,-0.08281897,0.04047441,-0.02685537,-0.01878668,0.06526908,-0.04600212,0.00166655,-0.02442451,-0.0313254,-0.05809533,-0.03721998,-0.02863239,0.06222521,-0.07918138,-0.03176656,0.08277437,0.04662333,-0.02133297,0.0207031,0.01037379,0.06434625,-0.01745627,0.03871309,-0.06673396,-0.02290751,-0.02479629,0.00353083,0.03508205,-0.00869127,0.08677377,0.05460569,-0.00890493,-0.09825333,-0.03300226,0.00665506,-0.00116615,-0.02566221,-0.0067095,0.07018688,-0.0380035,-0.04890078,-0.08982699,-0.00948138,-0.08989133,-0.04018687,0.06490001,-0.08986225,0.00888214,0.0077596,-0.06964786,0.00220993,0.06795771,-0.02252591,-0.05720394,0.01926789,-0.04506018,0.04862041,0.0667534,0.00126571,0.00408339,0.01880245,-0.0114113,-0.10670806,0.07005152,0.03008078,-0.06366222,-0.01747068,-0.01668599,0.05154021,-0.05941458,-0.00932533,0.02644272,-0.04527036,-0.03172905,0.06777029,-0.00535271,0.04854807,0.01392863,-0.05321575,0.01385716,0.0429801,-0.05456447,-0.02522296,0.06884921,-0.02574463,-0.05930815,-0.02469762,-0.0252929,0.03334478,-0.03656617,-0.06848885,0.00264986,-0.0830229,0.07096159,-0.03773224,-0.02041682,-0.08315059,0.02403809,0.05447326,-0.08027106,0.1141047,0.02701443,-0.0169479,-0.00673875,-0.00972021,0.01197662,0.03613986,-0.03886532,-0.02649559,0.09043505,-0.02850948,0.01418288,0.08425218,0.02344088,0.02952244,-0.00069769,0.02631481,0.02431992,0.01424454,0.03946381,0.02661745,0.0087968,-0.01862604,-0.18658924,-0.00819203,0.02029705,-0.00584461,0.02089988,0.01598938,0.01121296,-0.00469621,0.11023343,0.01011581,0.10800957,0.06997386,-0.01857018,-0.01715686,0.01427345,0.03298322,0.03932463,0.00683327,-0.0249567,-0.00026132,-0.04125854,0.04210036,-0.02614883,0.01331218,0.06997871,-0.0352806,0.0929241,-0.02058479,-0.03273432,0.02485642,0.02269551,-0.01302129,-0.06091162,-0.12260367,0.08642145,0.06785746,-0.04973167,-0.00173987,-0.01284127,-0.03840973,0.04355462,0.05540124,-0.05571581,-0.09743959,-0.04414654,-0.06487904,0.02652873,-0.00568272,-0.01651504,0.06404788,0.05587247,0.01097173,0.0217653,0.04130256,0.03059924,-0.06328543,-0.0224179,-0.00043563,-0.0141459,0.06545842,0.01610681,-0.04424422,-0.02430394,0.02807361,0.00311802,0.01496304,-0.01739054,0.00692713,0.04871373,0.05063435,0.01378575,0.107579,0.02100878,-0.00990914,0.03576496,0.03132521,0.00400164,-0.06201643,0.04780466,-0.05943845,0.03295075,0.00460047,0.06014626,0.0615299,0.05906688,0.01453714,0.03901057,-0.00099788,0.06792746,-0.02160425,-0.06764215,0.04060441,-0.02717078,-0.02591895,0.04900045,0.03093943,-0.33264732,-0.0167677,-0.05204187,-0.00540156,-0.01528687,0.0155589,0.00138064,0.00254499,-0.11971693,0.0107246,-0.04622092,0.06859306,0.07549486,-0.00725589,0.02108878,-0.05494801,0.0529301,-0.01067665,0.00024927,-0.05379044,-0.06830775,-0.02822938,0.19350167,0.0279889,0.04799568,-0.0171826,0.01887089,0.04693152,0.08204912,0.01634141,-0.04451201,-0.01113943,0.05839927,-0.04297149,0.02964538,0.04551563,-0.0414433,0.01976321,-0.00034915,-0.06341983,-0.01495978,-0.026311,0.00437791,-0.07856379,0.09165133,0.01070977,-0.03795401,-0.02800078,0.02650423,-0.00494812,-0.02699435,0.00724599,-0.01636825,-0.02652399,0.05683269,0.06127173,0.04333249,-0.01822401,-0.01248383,-0.00137402,0.04378119,0.05765712,0.06908482,0.03417613,0.04663867],"last_embed":{"tokens":222,"hash":"10ki78b"}}},"text":null,"length":0,"last_read":{"hash":"10ki78b","at":1782975301070},"key":"handover/HANDOVER_20260702.md#HANDOVER 2026-07-02（水）#3. 検証結果（v7）#3.2 120字ストレステスト（実測 105 字）","lines":[81,94],"size":281,"outlinks":[],"class_name":"SmartBlock"},
"smart_blocks:handover/HANDOVER_20260702.md#HANDOVER 2026-07-02（水）#3. 検証結果（v7）#3.2 120字ストレステスト（実測 105 字）#{1}": {"path":null,"last_embed":{"hash":null},"embeddings":{},"text":null,"length":0,"last_read":{"hash":"1t9epns","at":1782975294683},"key":"handover/HANDOVER_20260702.md#HANDOVER 2026-07-02（水）#3. 検証結果（v7）#3.2 120字ストレステスト（実測 105 字）#{1}","lines":[83,83],"size":70,"outlinks":[],"class_name":"SmartBlock"},
"smart_blocks:handover/HANDOVER_20260702.md#HANDOVER 2026-07-02（水）#3. 検証結果（v7）#3.2 120字ストレステスト（実測 105 字）#{2}": {"path":null,"last_embed":{"hash":null},"embeddings":{},"text":null,"length":0,"last_read":{"hash":"r3qcq3","at":1782975294683},"key":"handover/HANDOVER_20260702.md#HANDOVER 2026-07-02（水）#3. 検証結果（v7）#3.2 120字ストレステスト（実測 105 字）#{2}","lines":[84,84],"size":28,"outlinks":[],"class_name":"SmartBlock"},
"smart_blocks:handover/HANDOVER_20260702.md#HANDOVER 2026-07-02（水）#3. 検証結果（v7）#3.2 120字ストレステスト（実測 105 字）#{3}": {"path":null,"last_embed":{"hash":null},"embeddings":{},"text":null,"length":0,"last_read":{"hash":"n2wztf","at":1782975294683},"key":"handover/HANDOVER_20260702.md#HANDOVER 2026-07-02（水）#3. 検証結果（v7）#3.2 120字ストレステスト（実測 105 字）#{3}","lines":[85,86],"size":41,"outlinks":[],"class_name":"SmartBlock"},
"smart_blocks:handover/HANDOVER_20260702.md#HANDOVER 2026-07-02（水）#3. 検証結果（v7）#3.2 120字ストレステスト（実測 105 字）#{4}": {"path":null,"last_embed":{"hash":null},"embeddings":{},"text":null,"length":0,"last_read":{"hash":"yponbo","at":1782975294683},"key":"handover/HANDOVER_20260702.md#HANDOVER 2026-07-02（水）#3. 検証結果（v7）#3.2 120字ストレステスト（実測 105 字）#{4}","lines":[87,87],"size":7,"outlinks":[],"class_name":"SmartBlock"},
"smart_blocks:handover/HANDOVER_20260702.md#HANDOVER 2026-07-02（水）#3. 検証結果（v7）#3.2 120字ストレステスト（実測 105 字）#{5}": {"path":null,"last_embed":{"hash":null},"embeddings":{},"text":null,"length":0,"last_read":{"hash":"fy2k47","at":1782975294683},"key":"handover/HANDOVER_20260702.md#HANDOVER 2026-07-02（水）#3. 検証結果（v7）#3.2 120字ストレステスト（実測 105 字）#{5}","lines":[88,88],"size":18,"outlinks":[],"class_name":"SmartBlock"},
"smart_blocks:handover/HANDOVER_20260702.md#HANDOVER 2026-07-02（水）#3. 検証結果（v7）#3.2 120字ストレステスト（実測 105 字）#{6}": {"path":null,"last_embed":{"hash":null},"embeddings":{},"text":null,"length":0,"last_read":{"hash":"1opu0nb","at":1782975294683},"key":"handover/HANDOVER_20260702.md#HANDOVER 2026-07-02（水）#3. 検証結果（v7）#3.2 120字ストレステスト（実測 105 字）#{6}","lines":[89,89],"size":26,"outlinks":[],"class_name":"SmartBlock"},
"smart_blocks:handover/HANDOVER_20260702.md#HANDOVER 2026-07-02（水）#3. 検証結果（v7）#3.2 120字ストレステスト（実測 105 字）#{7}": {"path":null,"last_embed":{"hash":null},"embeddings":{},"text":null,"length":0,"last_read":{"hash":"fo2s7b","at":1782975294683},"key":"handover/HANDOVER_20260702.md#HANDOVER 2026-07-02（水）#3. 検証結果（v7）#3.2 120字ストレステスト（実測 105 字）#{7}","lines":[90,90],"size":20,"outlinks":[],"class_name":"SmartBlock"},
"smart_blocks:handover/HANDOVER_20260702.md#HANDOVER 2026-07-02（水）#3. 検証結果（v7）#3.2 120字ストレステスト（実測 105 字）#{8}": {"path":null,"last_embed":{"hash":null},"embeddings":{},"text":null,"length":0,"last_read":{"hash":"gfk435","at":1782975294683},"key":"handover/HANDOVER_20260702.md#HANDOVER 2026-07-02（水）#3. 検証結果（v7）#3.2 120字ストレステスト（実測 105 字）#{8}","lines":[91,92],"size":28,"outlinks":[],"class_name":"SmartBlock"},
"smart_blocks:handover/HANDOVER_20260702.md#HANDOVER 2026-07-02（水）#3. 検証結果（v7）#3.2 120字ストレステスト（実測 105 字）#{9}": {"path":null,"last_embed":{"hash":null},"embeddings":{},"text":null,"length":0,"last_read":{"hash":"1alhcef","at":1782975294683},"key":"handover/HANDOVER_20260702.md#HANDOVER 2026-07-02（水）#3. 検証結果（v7）#3.2 120字ストレステスト（実測 105 字）#{9}","lines":[93,94],"size":4,"outlinks":[],"class_name":"SmartBlock"},
"smart_blocks:handover/HANDOVER_20260702.md#HANDOVER 2026-07-02（水）#4. 変更ファイル一覧": {"path":null,"last_embed":{"hash":"rfl6mg","at":1782975301128},"embeddings":{"TaylorAI/bge-micro-v2":{"vec":[-0.04884904,-0.0258916,0.03838846,-0.03173733,0.03600265,0.04214269,-0.01950207,-0.01960831,0.02713879,-0.046904,-0.01209675,-0.05040902,0.04263672,0.01195411,-0.00599325,-0.0300651,0.03052191,-0.0120775,-0.05219036,-0.00438778,0.08615922,-0.03233079,-0.05181374,-0.07946888,0.04740515,0.02182416,-0.00493044,-0.02777802,-0.02803863,-0.18061668,-0.0545088,0.03979433,-0.01410323,-0.03873528,0.01845039,-0.02564579,-0.01642904,0.03303149,-0.03135886,0.01237601,-0.02641436,0.0432249,-0.01462253,-0.02381422,0.0422889,-0.06281275,-0.02481396,-0.02033763,0.02447777,-0.065256,-0.02138174,0.01031647,0.03032397,-0.01325696,-0.00867406,0.02032079,0.05912859,0.02064298,0.04978748,0.01549001,0.05184859,0.02535836,-0.22643888,0.06401078,-0.00259127,-0.00663766,-0.03109413,-0.03811433,0.04814648,0.03567696,-0.05874157,0.00204741,-0.01056176,0.07011423,-0.02061628,-0.00452378,-0.02755117,-0.0652138,-0.05788087,-0.0285128,-0.02138514,0.02965936,-0.00969385,0.01535142,-0.00743549,0.00200729,0.01534814,0.01862886,-0.00565826,0.06870079,-0.01619322,-0.03963511,0.08441488,0.04782393,-0.05304576,0.01800452,0.03481117,0.0387478,-0.07848985,0.11584798,-0.10446633,0.01169006,0.00074077,0.00182138,0.05096501,-0.01941386,0.02238645,-0.00766069,-0.03585655,-0.05707077,-0.02339264,-0.03464158,0.04658185,-0.06973953,-0.02971856,0.07587136,0.02477869,-0.00208131,0.03612417,0.01508956,0.05633236,-0.02816989,0.0530048,-0.05489584,-0.0384053,0.00400639,0.01009799,0.03732615,0.01172813,0.08354619,0.02605748,0.03537642,-0.06961588,-0.01638149,0.02509645,0.04438085,-0.0008574,-0.00363965,0.0056642,-0.01616195,-0.04192758,-0.06179884,-0.01852701,-0.08662837,-0.02683683,0.06464031,-0.09411315,0.02374601,0.031235,-0.05007276,-0.00527514,0.05780958,0.00111955,-0.05566121,-0.03036808,-0.01726182,0.0568107,0.07154136,0.01115581,0.01897874,0.0046916,-0.0266227,-0.10025197,0.10994526,0.0438859,-0.07130715,-0.01887791,-0.01590665,0.04261393,-0.04804439,-0.01006211,0.03257674,0.02957485,-0.03439685,0.08167045,-0.01291705,0.05002627,0.02310099,-0.05253896,0.01391531,0.05820944,-0.0301313,-0.03047339,0.0378515,-0.00457154,-0.05328674,-0.01497031,-0.0333312,0.04368359,-0.03981223,-0.08379586,0.01217465,-0.05612523,0.02558473,-0.0104847,-0.01292756,-0.09631175,-0.00771761,0.05585319,-0.08011568,0.1136693,0.02149911,-0.04400144,-0.03863105,-0.00964564,0.01552633,0.03914465,-0.02649194,-0.04769938,0.06635977,-0.0235737,0.01443034,0.11032771,0.04283732,0.02848092,0.00780433,-0.01246,0.02375732,0.01293023,0.05665331,0.00877106,0.008824,-0.03355288,-0.21773398,0.02659418,0.02814406,-0.02486628,-0.00070386,-0.00931274,0.01609275,-0.02084001,0.10792582,0.03714193,0.12585101,0.04962249,-0.00285166,0.00646166,-0.01060204,0.01349273,0.05154389,0.01643748,-0.0490303,-0.03010447,-0.02297907,0.02480109,-0.02344151,0.00023036,0.0585782,-0.02726935,0.11002877,-0.01156733,-0.01821024,-0.02460381,0.03982033,0.03579509,-0.05508173,-0.1088468,0.10739828,0.07781728,-0.03895711,0.01216125,-0.00509215,-0.03926283,0.03745876,0.06569399,-0.04935743,-0.09331196,-0.05807142,-0.07141923,0.01221543,-0.00306495,-0.03073762,0.05616847,0.02292961,-0.00876754,0.04282682,0.04523778,0.05625112,-0.05324826,-0.0300319,0.00014749,-0.0056004,0.06438835,0.02039073,-0.04239475,0.00795806,0.00998998,-0.01452886,0.02065794,-0.016355,-0.0009835,0.07315052,0.02585771,0.04566294,0.07395525,0.00770684,0.02130099,0.02406067,0.02693808,0.00694533,-0.0535197,0.00122113,-0.07264104,-0.02779123,0.02763958,0.08662884,0.03994312,0.03939359,-0.01598643,0.02255099,0.02495403,0.06263161,0.00469482,-0.06033235,0.05594893,-0.03065009,-0.03092545,0.08060064,0.01966943,-0.32100278,0.01440945,-0.04451324,-0.00330043,-0.03803129,0.03492513,0.00355244,0.02114537,-0.08422252,-0.00060821,-0.06571373,0.05659793,0.04374499,0.00123715,0.00242647,-0.05716447,0.07600722,0.00406357,0.01205295,-0.07164016,-0.08510578,-0.01961062,0.19790949,0.03259294,0.02188034,-0.02489242,0.04612279,0.03708889,0.07348832,0.0479787,-0.02210591,0.04337522,0.07044056,-0.06575024,0.03347399,0.07972028,-0.03251021,0.01753147,-0.00712894,-0.03424311,-0.00767693,-0.04940254,0.00800713,-0.04803857,0.07769345,-0.00781813,-0.07103161,-0.01925035,0.02025271,0.01603298,-0.0347171,0.01263616,0.00310644,-0.03970293,0.04105437,0.01360997,0.04894502,-0.02631757,-0.02949105,-0.01017557,0.04312646,0.00338693,0.0588472,0.03891351,0.04934734],"last_embed":{"tokens":316,"hash":"rfl6mg"}}},"text":null,"length":0,"last_read":{"hash":"rfl6mg","at":1782975301128},"key":"handover/HANDOVER_20260702.md#HANDOVER 2026-07-02（水）#4. 変更ファイル一覧","lines":[95,107],"size":533,"outlinks":[],"class_name":"SmartBlock"},
"smart_blocks:handover/HANDOVER_20260702.md#HANDOVER 2026-07-02（水）#4. 変更ファイル一覧#{1}": {"path":null,"last_embed":{"hash":"1cyui9g","at":1782975301189},"embeddings":{"TaylorAI/bge-micro-v2":{"vec":[-0.0494388,-0.02656417,0.03794703,-0.03223606,0.03407212,0.04305506,-0.02002376,-0.01909585,0.02654345,-0.04774037,-0.01156059,-0.04939479,0.04398487,0.01199895,-0.00556733,-0.03020076,0.03017925,-0.01113412,-0.04749223,-0.00617465,0.08770747,-0.03532249,-0.05525346,-0.07992418,0.04788824,0.02324919,-0.00493364,-0.03010235,-0.02702247,-0.18196075,-0.05630119,0.0404465,-0.01506913,-0.03970706,0.02089321,-0.02564108,-0.01935492,0.03281014,-0.0314294,0.01161466,-0.02706507,0.04354136,-0.01202568,-0.0205169,0.04191394,-0.06287561,-0.02841346,-0.01492119,0.02621534,-0.06710019,-0.01753433,0.01035938,0.0271612,-0.0140205,-0.01191064,0.0213574,0.06009385,0.02505077,0.04946231,0.01466508,0.05149983,0.02727154,-0.2276395,0.06456627,-0.00181829,-0.00265339,-0.02892343,-0.04062578,0.04728089,0.03537618,-0.06206239,0.00203376,-0.01307703,0.0700056,-0.02212466,-0.00377448,-0.0260376,-0.0675281,-0.05786235,-0.0263018,-0.02307046,0.02786564,-0.0111792,0.01691572,-0.00718011,0.00450475,0.01395002,0.01998731,-0.00462067,0.07010531,-0.01538155,-0.03822123,0.08464296,0.04551731,-0.05248495,0.01800494,0.03835306,0.03956277,-0.07446106,0.1156278,-0.10363943,0.01333294,-0.00235686,0.00373368,0.04885691,-0.01944507,0.02508354,-0.00529096,-0.03784943,-0.05524376,-0.02244243,-0.03394787,0.0440534,-0.06786192,-0.03057214,0.07281715,0.02471037,-0.00278166,0.03465362,0.01307216,0.05751709,-0.03121629,0.05470679,-0.05472998,-0.03983394,0.00122745,0.01114971,0.03705777,0.0109164,0.08623472,0.02323313,0.03234827,-0.07117074,-0.01562297,0.02790224,0.04560468,-0.0010539,-0.00145721,0.00674331,-0.01586592,-0.04296767,-0.06014789,-0.01854853,-0.08382565,-0.02542977,0.06050676,-0.0967342,0.02580187,0.03095882,-0.05179798,-0.0050248,0.05973077,0.0000583,-0.05386399,-0.03052651,-0.01650921,0.05718502,0.06844039,0.01082203,0.01933606,0.00192866,-0.02435037,-0.0989468,0.10846771,0.04140854,-0.07030674,-0.01914217,-0.01515962,0.04302622,-0.05005242,-0.00968677,0.03026881,0.02710011,-0.03361542,0.07992376,-0.01345377,0.04733952,0.02443141,-0.05149391,0.01328781,0.05740981,-0.03089579,-0.03076591,0.03801478,-0.00507222,-0.05077216,-0.01314066,-0.03348503,0.0431072,-0.04204481,-0.08371325,0.01757464,-0.05725093,0.02675365,-0.0120459,-0.01331258,-0.09593994,-0.00971651,0.05596111,-0.07799149,0.11353341,0.01831475,-0.04508602,-0.03548907,-0.00950149,0.01429267,0.03816712,-0.02616016,-0.04535808,0.06761072,-0.02281937,0.01270593,0.1082051,0.04536776,0.02782029,0.00949703,-0.01315602,0.02247212,0.01022876,0.0573905,0.00518014,0.01350936,-0.03399548,-0.21683598,0.02894619,0.02388967,-0.02244565,0.00042824,-0.00895831,0.01282761,-0.01823656,0.1051718,0.03851458,0.12380064,0.05260129,-0.00134484,0.00928015,-0.01114007,0.01537953,0.04743807,0.0189774,-0.04951438,-0.0302599,-0.01924052,0.02372701,-0.02505404,0.00040423,0.05780082,-0.02823664,0.11231828,-0.01612268,-0.01974043,-0.02188833,0.04020314,0.03678061,-0.0601259,-0.10915764,0.10930658,0.07842281,-0.03821556,0.01408782,-0.0040373,-0.03841288,0.04031274,0.06481411,-0.05184558,-0.09388803,-0.05399557,-0.06941988,0.01128441,-0.00445686,-0.02753637,0.05896121,0.02465299,-0.00482222,0.04305827,0.04460994,0.0540702,-0.05422453,-0.02882962,0.00265963,-0.0036396,0.06506656,0.02076114,-0.04623725,0.00907524,0.00829944,-0.01172638,0.01943266,-0.02216135,-0.00192693,0.07600531,0.02612322,0.0466022,0.07437106,0.00988049,0.02034217,0.0230696,0.02817046,0.00717196,-0.05286795,-0.0042628,-0.07509065,-0.03014914,0.02859411,0.08621982,0.03829735,0.04086822,-0.01929157,0.02218798,0.02676031,0.06460045,0.00761954,-0.05807918,0.05803755,-0.03201292,-0.02913714,0.08308356,0.02132928,-0.31941408,0.01209986,-0.04543186,-0.00255742,-0.03948768,0.03422139,0.00199739,0.01940161,-0.08284405,-0.00363192,-0.0638637,0.05753058,0.04457537,-0.00125958,0.00410783,-0.05749893,0.07877707,0.00491876,0.01375092,-0.0711907,-0.08883428,-0.02164013,0.1940901,0.03162823,0.0224601,-0.02492587,0.04496908,0.03691583,0.0756961,0.04832538,-0.02091718,0.04414998,0.07030146,-0.06432392,0.03371394,0.08051416,-0.03160307,0.01424132,-0.0075175,-0.03255576,-0.00867071,-0.05193482,0.00505556,-0.04664357,0.08039016,-0.00852025,-0.07391983,-0.01998244,0.0210251,0.01488847,-0.03569111,0.01106191,0.00216437,-0.04093064,0.04177463,0.01300669,0.04915752,-0.02662722,-0.02629019,-0.01065602,0.04203114,0.00202138,0.05800525,0.03681647,0.05051845],"last_embed":{"tokens":315,"hash":"1cyui9g"}}},"text":null,"length":0,"last_read":{"hash":"1cyui9g","at":1782975301189},"key":"handover/HANDOVER_20260702.md#HANDOVER 2026-07-02（水）#4. 変更ファイル一覧#{1}","lines":[97,107],"size":517,"outlinks":[],"class_name":"SmartBlock"},
"smart_blocks:handover/HANDOVER_20260702.md#HANDOVER 2026-07-02（水）#5. 次回（7/3〜）予定": {"path":null,"last_embed":{"hash":"2dwzc5","at":1782975301261},"embeddings":{"TaylorAI/bge-micro-v2":{"vec":[-0.07976191,-0.03454996,0.01122943,-0.02210404,0.02884221,0.02551556,-0.03761581,-0.00061611,0.02655906,-0.01818021,-0.00953364,-0.04014418,0.03242724,-0.01332778,-0.00086459,-0.04743591,-0.00441343,-0.04740568,-0.05401109,-0.00039466,0.11155768,-0.03183834,-0.0292504,-0.04569969,0.04083293,0.00974617,0.00461472,-0.02112218,-0.00377956,-0.15439557,-0.03962049,0.04621943,-0.03823008,0.00364071,-0.02141988,-0.00931162,-0.0123684,0.05139057,-0.05141521,0.0189018,-0.00323516,0.05379168,0.01404393,-0.04227772,0.05261894,-0.06169032,-0.02237907,-0.0227273,0.0152746,-0.06655277,-0.01422624,0.0085991,0.01712142,0.00877538,0.01754089,0.06205307,0.01269364,-0.00967438,0.03393427,0.0403041,0.05246157,0.02612925,-0.23276199,0.06415515,-0.0120825,-0.00596583,-0.01192407,-0.02130197,0.03532681,0.04779378,-0.05498524,-0.0022222,-0.01778168,0.07807077,-0.005133,-0.01599818,-0.03995915,-0.06383345,-0.08111347,-0.00240505,-0.01067529,0.00651817,0.00007081,-0.01638329,-0.0327212,-0.01216744,0.06288859,-0.00723204,-0.01531752,0.0858487,-0.02639787,-0.04248748,0.07912539,0.05562884,-0.05446096,0.03362707,0.06622923,0.02923817,-0.07520994,0.11323772,-0.10953827,0.01567738,0.03031248,-0.04482239,0.06982131,-0.01848048,-0.02253247,-0.02251358,-0.0223555,-0.07562672,-0.03067141,-0.01804002,0.03018892,-0.06140567,-0.01304761,0.02031441,0.04325417,-0.00402204,0.02188907,0.01348431,0.06361802,-0.0006219,0.03505562,-0.00856274,-0.00671006,-0.00557286,0.01400617,0.04200513,-0.01847484,0.05411484,0.03632147,0.018789,-0.11908187,-0.03753227,0.03866743,0.01117104,0.00046452,0.00733859,0.03701257,-0.02627882,-0.01449113,-0.10390847,-0.01055668,-0.0904298,-0.03202938,0.08703976,-0.06186232,-0.0109587,0.01169538,-0.02138655,0.01467495,0.08741369,0.00141748,-0.02994682,0.01348509,0.00639951,0.04537917,0.06882508,-0.00528219,0.02793016,0.00873094,-0.03083396,-0.08557304,0.07755891,0.06058341,-0.09619118,-0.01634389,0.02644632,0.00838212,-0.02254763,-0.04904011,0.04444709,-0.01826457,-0.01774371,0.11047287,0.02604123,0.06165571,0.00255262,-0.04567272,-0.01761094,0.01876395,-0.01748705,-0.01438035,0.03520232,-0.00649209,-0.07905072,-0.00732731,-0.03103987,0.03292248,-0.03234721,-0.09844348,0.02521623,-0.03305455,0.05668093,-0.02201951,-0.02733465,-0.07009178,-0.00867043,0.09541482,-0.08788702,0.13239326,0.05054666,-0.04607649,-0.01272992,0.00787061,0.00326416,0.01292355,-0.02852609,-0.04856744,0.06609756,-0.04424405,-0.00260962,0.09799171,0.03594255,-0.00132908,0.02179529,-0.01019078,0.02874794,0.00392676,0.05260723,0.02635516,0.00660457,-0.02750427,-0.20000216,0.05800382,0.02348397,-0.05737841,-0.02581717,0.00131506,-0.00436733,-0.04813863,0.10838922,0.05379497,0.08597697,0.0201449,-0.0138721,-0.00205519,-0.03785328,-0.00731003,0.05022343,-0.00378085,-0.07153437,-0.02261223,-0.01632166,0.03012429,-0.02190246,0.00334431,0.07572703,-0.01278146,0.08358924,-0.02098081,-0.01671631,-0.01364768,0.05381306,0.03816678,-0.05263598,-0.07181409,0.0403658,0.06311698,-0.01863732,-0.00191979,-0.01129361,-0.02683644,0.05520577,0.06436099,-0.04833964,-0.12479308,-0.05555706,-0.09404236,0.01189793,-0.04468694,-0.04505918,0.04495792,0.02498236,0.02186164,0.02380154,0.04599837,0.05125836,-0.0231978,-0.0376925,0.03153403,0.01040499,0.08627856,0.02348337,-0.02559119,-0.03641077,0.00453904,-0.01845975,0.00446844,0.01075488,-0.01861118,0.01874414,0.03668455,0.00942686,0.09208179,0.01820674,0.03535259,0.0311953,0.0260435,0.0100471,-0.03868465,0.02847803,-0.03916291,0.02158683,0.00660955,0.09676099,0.05339962,0.01694319,0.00579888,0.04448309,0.03039981,0.01502946,0.01057354,-0.04889373,0.02272355,-0.02765546,-0.02887111,0.05372399,0.02287908,-0.33487704,0.0121955,0.00042447,0.00789284,-0.0161538,0.05853336,0.01123294,0.00234766,-0.09186265,0.01715066,-0.07118196,0.08275702,0.06466737,0.01903818,0.00847415,-0.06805575,0.05558379,0.00202796,-0.02493556,-0.06480992,-0.06253348,-0.00867784,0.20376256,0.02635153,0.01871985,-0.02799124,-0.00472005,0.02329746,0.05737825,0.02549505,-0.0636938,0.01330238,0.09867086,-0.03968538,0.02879896,0.02192838,-0.02593002,0.02383274,0.01604627,-0.0459658,-0.03442759,-0.0116012,-0.01604181,-0.0439367,0.08086909,0.00902843,-0.05847394,-0.0181803,0.034785,0.03308716,-0.04314511,0.00400756,-0.01781509,-0.02479427,0.05247979,0.00976929,0.08197749,-0.02343707,-0.02265018,0.03086903,0.05295815,0.02677901,0.03140349,0.04491561,0.06131837],"last_embed":{"tokens":345,"hash":"2dwzc5"}}},"text":null,"length":0,"last_read":{"hash":"2dwzc5","at":1782975301261},"key":"handover/HANDOVER_20260702.md#HANDOVER 2026-07-02（水）#5. 次回（7/3〜）予定","lines":[108,118],"size":419,"outlinks":[],"class_name":"SmartBlock"},
"smart_blocks:handover/HANDOVER_20260702.md#HANDOVER 2026-07-02（水）#5. 次回（7/3〜）予定#{1}": {"path":null,"last_embed":{"hash":null},"embeddings":{},"text":null,"length":0,"last_read":{"hash":"1pfq13n","at":1782975294683},"key":"handover/HANDOVER_20260702.md#HANDOVER 2026-07-02（水）#5. 次回（7/3〜）予定#{1}","lines":[110,110],"size":51,"outlinks":[],"class_name":"SmartBlock"},
"smart_blocks:handover/HANDOVER_20260702.md#HANDOVER 2026-07-02（水）#5. 次回（7/3〜）予定#{2}": {"path":null,"last_embed":{"hash":"11mip5d","at":1782975301344},"embeddings":{"TaylorAI/bge-micro-v2":{"vec":[-0.07477409,-0.03410229,0.02401409,-0.01810446,0.00652861,0.02147307,-0.00916013,-0.01141812,0.02224068,-0.02954582,-0.00488683,-0.02977793,0.04979783,-0.00978266,0.00244968,-0.04671798,-0.00717104,-0.03626391,-0.05544579,0.00068051,0.13278109,-0.03288606,-0.03424326,-0.04168676,0.0489384,0.00312389,-0.00140707,-0.0291526,-0.00397119,-0.1529212,-0.05556051,0.04757757,-0.0385133,-0.00792309,-0.02143294,-0.01542799,-0.01127221,0.0485426,-0.04618345,0.03827419,-0.00666947,0.06049875,0.02065453,-0.03304765,0.0418066,-0.04822357,-0.01513049,-0.03353807,0.02744383,-0.05301464,-0.02469414,0.01982663,0.00822683,0.02475923,0.01001966,0.05237357,0.01902322,-0.00536056,0.03439949,0.02927449,0.04522546,0.04520218,-0.23234038,0.0698042,-0.00828563,-0.00521481,0.01059139,-0.01808942,0.02374706,0.05257628,-0.06045702,-0.0040003,-0.01390036,0.06850187,-0.01825849,-0.01137828,-0.03432047,-0.07079346,-0.08355419,0.00133481,-0.02042032,0.01190901,0.00160595,-0.01647878,-0.04107985,-0.01883991,0.0521392,-0.0139048,-0.02370178,0.08066168,-0.02624541,-0.03763136,0.06280603,0.04115586,-0.06822609,0.01413101,0.07241882,0.04298211,-0.09349574,0.12218238,-0.09728201,0.0161783,0.01592291,-0.02455491,0.06513167,-0.02434299,0.00087002,-0.01398815,-0.03124642,-0.08128168,-0.03816073,-0.02460927,0.02181019,-0.0516115,-0.01902962,0.0222983,0.0577769,-0.01823698,0.0367909,0.00149644,0.06817439,-0.0154872,0.04328621,0.00045611,-0.01177052,-0.01784762,0.00440754,0.03967518,-0.03791763,0.07121486,0.05341326,0.00487415,-0.12093359,-0.02415202,0.04053219,0.01091611,0.01249843,-0.00309218,0.03855047,-0.03373904,-0.02487133,-0.10497098,-0.00893333,-0.08870976,-0.01782474,0.08829831,-0.07271511,-0.00515842,0.02354591,-0.02721184,0.00893261,0.09181782,0.0070405,-0.03044696,0.00369307,0.00130318,0.06915943,0.06295359,-0.00136685,0.02728632,0.00996027,-0.02767434,-0.08817652,0.07864068,0.0510619,-0.08015043,-0.00603244,0.01674594,0.00657716,-0.03106155,-0.03444203,0.03417326,-0.01643967,-0.01879448,0.09550185,0.03217336,0.06180831,-0.00945761,-0.03905369,-0.0024034,0.02239146,-0.01580684,-0.02508956,0.02891831,-0.01076898,-0.07626832,-0.00356449,-0.02047438,0.03164621,-0.0315356,-0.10280427,0.01862385,-0.04783544,0.0547841,-0.02036125,-0.02161822,-0.08393265,-0.01651531,0.09439604,-0.07706641,0.12689137,0.03859064,-0.04627536,-0.02538586,0.02132481,0.01570707,0.017844,-0.01415941,-0.04405878,0.0726393,-0.03166348,-0.00070676,0.10431089,0.0315144,0.02131302,0.02107279,0.01054226,0.01233755,0.00533456,0.04362398,0.03728868,0.00420346,-0.0357291,-0.18831167,0.06804816,0.02293272,-0.05925502,-0.01033747,-0.00921543,0.00512745,-0.03527924,0.10718936,0.05765222,0.08671553,0.04020515,-0.0157418,0.02003295,-0.04080119,0.0016231,0.0466119,0.01078519,-0.05592389,-0.0151241,-0.0167117,0.0295174,-0.01425108,0.0054787,0.07572226,-0.01296813,0.0758862,-0.01743595,-0.02590952,-0.02270707,0.04096291,0.02885216,-0.05375684,-0.07186904,0.05055264,0.080258,-0.02837986,-0.01273598,-0.013239,-0.04081316,0.04384854,0.0614229,-0.05263703,-0.11135415,-0.04286915,-0.09531062,0.00740323,-0.02629596,-0.03121655,0.05344501,0.03127226,0.00448562,0.00512604,0.03549455,0.0389883,-0.02485512,-0.02996286,0.03437678,0.0102678,0.0851353,0.01345718,-0.03605968,-0.02351308,0.0023368,-0.02876154,0.00992153,0.00181157,-0.00266888,0.01792801,0.02905925,0.02112171,0.08213323,0.01891089,0.01608011,0.01533354,0.02673692,0.02300373,-0.04703559,0.02762213,-0.05039921,0.01486782,0.01673365,0.08860405,0.04845732,0.01760442,0.00204312,0.04414249,0.03062281,0.02391104,-0.00909627,-0.0553491,0.03307677,-0.02994487,-0.03148856,0.06031017,0.02650101,-0.33939672,0.02553291,-0.00303911,0.00762871,0.00690629,0.04268579,0.00138777,0.01460545,-0.09875676,0.00918371,-0.06228182,0.07513119,0.05985082,0.01432971,-0.00305766,-0.0657035,0.06688108,-0.02310602,-0.02406905,-0.07695575,-0.05849127,-0.0015493,0.20298162,0.04623063,0.02383328,-0.04015593,0.0025461,0.01291638,0.04759289,0.02145062,-0.04698973,0.00612659,0.09106588,-0.05065014,0.0539559,0.03748886,-0.01833374,0.02715941,0.00030404,-0.04128303,-0.04061296,-0.00703256,-0.01224782,-0.03399666,0.08898034,0.01786911,-0.07608931,-0.01910218,0.03483738,0.03433692,-0.05274374,0.00531643,-0.01310675,-0.03087287,0.05166385,0.00167042,0.06908406,-0.03321362,-0.05072091,0.03982445,0.06596939,0.02001525,0.02686585,0.03076721,0.06937765],"last_embed":{"tokens":241,"hash":"11mip5d"}}},"text":null,"length":0,"last_read":{"hash":"11mip5d","at":1782975301344},"key":"handover/HANDOVER_20260702.md#HANDOVER 2026-07-02（水）#5. 次回（7/3〜）予定#{2}","lines":[111,114],"size":241,"outlinks":[],"class_name":"SmartBlock"},
"smart_blocks:handover/HANDOVER_20260702.md#HANDOVER 2026-07-02（水）#5. 次回（7/3〜）予定#{3}": {"path":null,"last_embed":{"hash":null},"embeddings":{},"text":null,"length":0,"last_read":{"hash":"10nsrps","at":1782975294683},"key":"handover/HANDOVER_20260702.md#HANDOVER 2026-07-02（水）#5. 次回（7/3〜）予定#{3}","lines":[115,116],"size":102,"outlinks":[],"class_name":"SmartBlock"},
"smart_blocks:handover/HANDOVER_20260702.md#HANDOVER 2026-07-02（水）#5. 次回（7/3〜）予定#{4}": {"path":null,"last_embed":{"hash":null},"embeddings":{},"text":null,"length":0,"last_read":{"hash":"1alhcef","at":1782975294683},"key":"handover/HANDOVER_20260702.md#HANDOVER 2026-07-02（水）#5. 次回（7/3〜）予定#{4}","lines":[117,118],"size":4,"outlinks":[],"class_name":"SmartBlock"},
"smart_blocks:handover/HANDOVER_20260702.md#HANDOVER 2026-07-02（水）#6. 参考（画像プレビュー URL）": {"path":null,"last_embed":{"hash":"1dcfpep","at":1782975301399},"embeddings":{"TaylorAI/bge-micro-v2":{"vec":[-0.08926199,-0.0542303,0.02160991,-0.03918983,-0.01064021,0.04039112,-0.00736435,-0.03867332,0.02818485,-0.03189636,-0.03777116,-0.03629779,0.05377132,0.01665927,0.01330601,-0.0377109,0.00666388,-0.02016247,-0.08562536,0.00558889,0.10075771,0.01078035,0.00575388,-0.03032161,0.06168973,0.02502905,0.00578899,-0.04396442,0.00228433,-0.17265865,-0.0304647,0.03583095,-0.02612067,-0.03236369,0.01995454,-0.02302413,-0.01866156,0.02884295,-0.03762336,0.03599191,-0.01502713,0.03608287,0.02432713,-0.04880385,0.0441515,-0.07058907,0.01686209,-0.03079141,0.0480197,-0.05207549,-0.0149359,-0.01178907,0.02300096,-0.01380407,0.01993001,0.04519678,0.06511354,0.00372195,0.05701641,0.04143119,0.05482452,-0.00586928,-0.21938917,0.06846119,-0.04884358,0.00533726,0.02633172,-0.03447847,0.01402965,0.06152063,-0.03105856,-0.02577148,-0.02762549,0.06385592,0.00745731,0.01705923,-0.02936606,-0.05629897,-0.06483129,-0.02620631,-0.02981853,0.02377959,0.02292647,0.01501869,-0.04355826,0.00282167,0.05768808,-0.03005399,0.01403408,0.0505148,-0.01824885,-0.04481849,0.08889683,0.07381706,-0.04400651,-0.0209768,0.04459426,0.02335915,-0.077213,0.13052855,-0.08735057,0.03684571,-0.00404693,-0.02189965,0.069065,-0.0513809,0.00017533,-0.03492616,-0.00236274,-0.04396173,-0.06944913,-0.01580624,0.03505405,-0.0612132,-0.0151303,0.06732939,0.10053936,0.00514938,0.026542,-0.00562078,0.07753307,0.01450797,0.03709717,-0.05099999,-0.03548758,-0.03416219,0.00897142,0.05351315,-0.00275501,0.06596334,0.05790372,-0.02234483,-0.05730584,-0.02057373,0.01336081,-0.00120408,-0.01389355,-0.03375114,0.05087814,-0.03810593,-0.02058963,-0.11879332,-0.0187995,-0.07684355,-0.04677846,0.07270443,-0.07439213,-0.01233928,0.00322596,-0.05042962,0.00226806,0.04174154,0.00612018,-0.05994482,0.02213502,-0.02199184,0.05941946,0.09763727,0.01319723,-0.00177646,0.02286796,-0.04762966,-0.1082838,0.06617714,0.01484341,-0.07732578,0.00087687,-0.01968966,0.03862156,-0.01695044,-0.01198973,0.00460977,-0.02167586,-0.00685515,0.11428557,0.00708728,0.05093241,0.0042291,-0.06872682,0.01010137,0.00691482,-0.04608323,-0.04161182,0.04584701,-0.00100109,-0.03857049,-0.0147316,-0.02294912,0.06840881,-0.02185708,-0.08674146,0.01075613,-0.06901111,0.05500385,-0.05693964,-0.03165722,-0.06431525,-0.01983772,0.06134535,-0.09352469,0.06558549,0.03701606,-0.03264429,-0.03896556,0.00589286,0.00063123,0.0298615,-0.03088423,-0.0195364,0.10044704,-0.03259983,-0.00585048,0.09013174,-0.00939558,0.0373944,-0.00475133,0.01513278,0.01729212,0.02525619,0.01746906,0.01571475,0.00391531,-0.01524104,-0.1908648,0.02302715,0.03580721,-0.009468,0.01151483,-0.00654714,0.04634073,0.00281403,0.0976301,0.02066149,0.076892,0.04502173,-0.01391447,0.012822,-0.00599532,0.0095588,0.06701496,0.03476503,-0.03330978,0.01390836,-0.04998848,0.04374982,-0.04209668,0.00353742,0.03986604,-0.05050458,0.08559092,0.00363557,-0.0286586,0.00935049,0.02548686,0.02151957,-0.02627362,-0.11236414,0.07960464,0.06872357,-0.04161627,-0.02116082,-0.00232989,-0.06406747,0.04999382,0.07196691,-0.05417303,-0.11040511,-0.05301438,-0.05363917,-0.03451107,-0.04087632,-0.0512835,0.04175753,0.05046006,0.01564094,-0.01427744,0.05423514,0.02994912,-0.01873992,-0.03479962,-0.02977414,-0.02670524,0.07117775,0.03429321,-0.02650379,-0.0149477,0.01303198,0.01548252,0.03728679,-0.00953787,0.00877907,0.03531361,0.03304204,-0.00193946,0.10658064,0.00014549,0.01539184,0.02128648,0.02742175,-0.02518074,-0.05563772,0.03921534,-0.05053359,0.02613974,-0.0526294,0.07949963,0.0510543,0.035165,0.02652705,0.04936616,0.0181174,0.05184579,0.00313947,-0.04811649,0.04373128,-0.02051334,-0.02246034,0.04075911,0.01863347,-0.32848251,0.00355043,-0.02392606,0.00809602,-0.0075297,0.03248404,0.01466722,0.01138727,-0.12183541,0.03787395,-0.04722593,0.06117026,0.07877512,0.01735207,0.0254285,-0.03825675,0.05699202,-0.00251731,-0.00448553,-0.07806715,-0.07516738,-0.04793995,0.18207179,0.01841546,0.03141752,-0.01930268,0.03048046,0.04403171,0.06442578,0.01268086,-0.02925963,0.00811207,0.06299853,-0.02634851,-0.00268529,0.04567217,-0.05051267,0.02077974,0.01998362,-0.05973746,-0.04118166,-0.02148909,0.02098341,-0.05775872,0.10078847,0.0200127,-0.02637458,-0.0201283,0.05657777,0.00945453,-0.02666169,0.0229458,-0.024133,-0.0260434,0.0308719,0.05221691,0.06042673,-0.02039036,-0.00671754,0.01816606,0.02711156,0.05428086,0.06365455,0.02024594,0.05484852],"last_embed":{"tokens":354,"hash":"1dcfpep"}}},"text":null,"length":0,"last_read":{"hash":"1dcfpep","at":1782975301399},"key":"handover/HANDOVER_20260702.md#HANDOVER 2026-07-02（水）#6. 参考（画像プレビュー URL）","lines":[119,131],"size":514,"outlinks":[],"class_name":"SmartBlock"},
"smart_blocks:handover/HANDOVER_20260702.md#HANDOVER 2026-07-02（水）#6. 参考（画像プレビュー URL）#{1}": {"path":null,"last_embed":{"hash":null},"embeddings":{},"text":null,"length":0,"last_read":{"hash":"1fw2gl1","at":1782975294683},"key":"handover/HANDOVER_20260702.md#HANDOVER 2026-07-02（水）#6. 参考（画像プレビュー URL）#{1}","lines":[121,121],"size":77,"outlinks":[],"class_name":"SmartBlock"},
"smart_blocks:handover/HANDOVER_20260702.md#HANDOVER 2026-07-02（水）#6. 参考（画像プレビュー URL）#{2}": {"path":null,"last_embed":{"hash":null},"embeddings":{},"text":null,"length":0,"last_read":{"hash":"39psjg","at":1782975294683},"key":"handover/HANDOVER_20260702.md#HANDOVER 2026-07-02（水）#6. 参考（画像プレビュー URL）#{2}","lines":[122,122],"size":84,"outlinks":[],"class_name":"SmartBlock"},
"smart_blocks:handover/HANDOVER_20260702.md#HANDOVER 2026-07-02（水）#6. 参考（画像プレビュー URL）#{3}": {"path":null,"last_embed":{"hash":null},"embeddings":{},"text":null,"length":0,"last_read":{"hash":"1w0lzrf","at":1782975294683},"key":"handover/HANDOVER_20260702.md#HANDOVER 2026-07-02（水）#6. 参考（画像プレビュー URL）#{3}","lines":[123,123],"size":77,"outlinks":[],"class_name":"SmartBlock"},
"smart_blocks:handover/HANDOVER_20260702.md#HANDOVER 2026-07-02（水）#6. 参考（画像プレビュー URL）#{4}": {"path":null,"last_embed":{"hash":null},"embeddings":{},"text":null,"length":0,"last_read":{"hash":"1gw41m0","at":1782975294683},"key":"handover/HANDOVER_20260702.md#HANDOVER 2026-07-02（水）#6. 参考（画像プレビュー URL）#{4}","lines":[124,124],"size":70,"outlinks":[],"class_name":"SmartBlock"},
"smart_blocks:handover/HANDOVER_20260702.md#HANDOVER 2026-07-02（水）#6. 参考（画像プレビュー URL）#{5}": {"path":null,"last_embed":{"hash":null},"embeddings":{},"text":null,"length":0,"last_read":{"hash":"lilkvu","at":1782975294683},"key":"handover/HANDOVER_20260702.md#HANDOVER 2026-07-02（水）#6. 参考（画像プレビュー URL）#{5}","lines":[125,125],"size":70,"outlinks":[],"class_name":"SmartBlock"},
"smart_blocks:handover/HANDOVER_20260702.md#HANDOVER 2026-07-02（水）#6. 参考（画像プレビュー URL）#{6}": {"path":null,"last_embed":{"hash":null},"embeddings":{},"text":null,"length":0,"last_read":{"hash":"11kp8eg","at":1782975294683},"key":"handover/HANDOVER_20260702.md#HANDOVER 2026-07-02（水）#6. 参考（画像プレビュー URL）#{6}","lines":[126,127],"size":71,"outlinks":[],"class_name":"SmartBlock"},
"smart_blocks:handover/HANDOVER_20260702.md#HANDOVER 2026-07-02（水）#6. 参考（画像プレビュー URL）#{7}": {"path":null,"last_embed":{"hash":null},"embeddings":{},"text":null,"length":0,"last_read":{"hash":"wb9rux","at":1782975294683},"key":"handover/HANDOVER_20260702.md#HANDOVER 2026-07-02（水）#6. 参考（画像プレビュー URL）#{7}","lines":[128,131],"size":36,"outlinks":[],"class_name":"SmartBlock"},