"smart_sources:sales/gmb_note_final_v3.md": {"path":"sales/gmb_note_final_v3.md","last_embed":{"hash":"1kojqwf","at":1783080720140},"embeddings":{"TaylorAI/bge-micro-v2":{"vec":[-0.05655901,-0.00153104,0.00773164,-0.03400989,-0.00081008,0.00179229,-0.05450087,0.03068864,0.03450866,0.0002864,-0.03435113,-0.07326286,0.03372137,0.00784897,-0.02029959,-0.0256049,-0.00216197,-0.03342909,-0.03614034,0.00090708,0.11292083,-0.03084175,0.04110439,-0.00912639,0.03988172,0.00414056,-0.02169279,-0.04904195,-0.02740051,-0.15887509,-0.04145559,-0.01101323,0.07859574,-0.05761123,0.01345671,-0.0162952,-0.04775921,0.04977842,-0.05995138,0.03113464,-0.00142489,0.04439456,-0.00690947,-0.03806023,0.01482743,-0.0692125,-0.00604989,-0.01223493,0.02328714,-0.05629906,-0.03844419,-0.00348244,0.00120431,0.02163685,0.0111325,0.00273404,0.01994844,-0.01319973,0.0046914,0.05430604,0.08470882,0.02082926,-0.24539359,0.03455281,-0.00283132,0.03045853,-0.0252146,0.00387643,-0.0048162,0.0038334,-0.04168755,-0.0173237,0.00359246,0.07179683,-0.05362093,0.00767476,0.02488402,-0.007613,-0.05825592,-0.03578199,-0.04441104,0.007253,0.00577683,-0.0152667,-0.02683525,-0.00886208,0.00672056,0.00714093,0.01912643,0.06156569,0.00601356,-0.03400521,0.01191632,0.05149018,-0.08682466,0.01774039,0.04700064,0.0422791,-0.05537183,0.11575962,-0.01751983,0.00302389,-0.00237527,-0.0313165,0.03611233,-0.00738791,-0.00313233,-0.02606081,-0.02007968,0.01095016,-0.02760993,-0.0160527,0.04210189,-0.04160855,-0.01433833,0.03070634,0.04844948,-0.05227908,0.03446594,-0.03825862,0.06348599,0.05296304,-0.00580602,0.01120827,-0.01732987,-0.04397521,0.01138558,0.03928915,0.01990901,0.03098217,0.03472841,0.03148682,-0.1415959,-0.05411334,0.00627833,-0.00348887,-0.04060318,0.03369442,-0.01841736,-0.00392071,-0.02983322,-0.04481679,-0.02585572,-0.0648489,-0.01656161,0.08258535,-0.0266596,0.00853859,-0.00864451,-0.0065893,0.00768883,0.08979537,-0.00618374,-0.02804896,0.00633197,0.04156118,0.09550703,0.10548073,-0.05787317,-0.01289936,-0.03262908,-0.02457787,-0.04590851,0.09566212,0.07565357,-0.07695141,-0.03324753,0.00848976,0.02794576,-0.0698223,0.00060366,0.03849776,-0.01695422,-0.03899229,0.11906537,-0.02763631,0.08771735,-0.00239604,-0.00005487,0.03663378,0.01748475,-0.02586193,-0.05839716,0.01127176,0.00956906,-0.0700352,-0.03796728,-0.02908118,0.03379247,0.05388747,-0.04304023,0.01833055,-0.01949358,0.00951444,-0.01378892,-0.0497625,-0.10313474,-0.04036468,0.03192407,-0.04361364,0.12210497,-0.00009567,-0.03142191,-0.08289225,-0.00401189,0.02884033,0.06273882,-0.03154005,-0.00974285,0.01745862,-0.02532957,0.02221682,0.04554075,0.09905757,-0.02301906,-0.02371857,0.01109996,0.05526922,-0.01943614,0.07171114,-0.0147288,0.04246556,-0.0527182,-0.22730434,0.00265142,0.0365744,-0.07629839,0.01281593,-0.04777241,0.06495974,-0.0213355,0.06454749,0.02712615,0.0917439,0.03610974,-0.05626304,-0.01068363,-0.00553282,-0.00424336,0.00474612,0.0217835,-0.01650878,0.00150391,-0.02434553,0.01836055,-0.03691248,0.02734309,0.07002518,-0.06600633,0.13592918,0.02512429,-0.03256762,0.00304457,0.0562842,0.07083006,-0.06212319,-0.10424458,0.05437275,0.07260431,-0.04950405,0.04760975,-0.01674676,-0.03719137,0.0113983,0.08172548,0.01737366,-0.01807668,-0.01976273,-0.0575188,0.01121407,0.01720116,0.00099047,0.05931762,0.00719258,0.03206925,0.06266677,0.01914381,0.03890862,0.00422285,-0.04740063,0.0198804,-0.00729551,0.03312768,-0.00406825,-0.00162037,-0.02495422,-0.00668358,-0.04310137,-0.00753036,0.02639326,0.0210556,0.00644064,0.03412917,0.01169015,0.04430564,-0.0110818,0.01646015,0.03594182,0.02106656,0.01316786,-0.07845374,-0.03148687,-0.01379315,-0.01169342,-0.01302248,0.0632645,0.00013093,-0.01616709,0.07777543,0.0214998,-0.06673468,0.03035142,-0.0245918,-0.03147012,-0.01077988,-0.00896444,-0.04049215,0.11247328,-0.03177705,-0.30098084,-0.00437311,-0.01312725,0.02632523,0.00476365,0.05545064,-0.0642983,-0.03311391,-0.08671088,0.0545015,-0.08016405,0.03691816,-0.00922978,-0.06982564,-0.00581392,0.02184532,0.07834487,-0.01362025,0.08948237,-0.02211947,-0.06220379,0.01975393,0.19311237,0.09180716,-0.02775497,-0.00738194,-0.02871543,0.00187766,0.08673982,0.01611192,-0.02752253,0.00332703,0.11867351,0.00319771,0.07834379,0.06644399,-0.04033939,0.02084814,0.03469372,0.00435807,-0.01495836,0.03527273,-0.0825078,0.04126089,0.10449542,-0.01632978,-0.08838985,-0.05705477,-0.00486524,0.01981782,-0.03182081,-0.00628182,-0.02183879,-0.04123025,0.01970001,0.01978561,0.01088627,-0.00681116,-0.02110983,0.06668178,0.03066,-0.00442004,0.01824066,0.04178304,0.08196101],"last_embed":{"tokens":289,"hash":"1kojqwf"}}},"last_read":{"hash":"1kojqwf","at":1783080720140},"class_name":"SmartSource","last_import":{"mtime":1783080671709,"size":13953,"at":1783080715827,"hash":"1kojqwf"},"blocks":{"#note第3弾 第3稿（GMB / 信頼獲得・GPTs布石版）─ 磨き上げ完成版":[1,168],"#note第3弾 第3稿（GMB / 信頼獲得・GPTs布石版）─ 磨き上げ完成版#{1}":[3,3],"#note第3弾 第3稿（GMB / 信頼獲得・GPTs布石版）─ 磨き上げ完成版#{2}":[4,4],"#note第3弾 第3稿（GMB / 信頼獲得・GPTs布石版）─ 磨き上げ完成版#{3}":[5,5],"#note第3弾 第3稿（GMB / 信頼獲得・GPTs布石版）─ 磨き上げ完成版#{4}":[6,6],"#note第3弾 第3稿（GMB / 信頼獲得・GPTs布石版）─ 磨き上げ完成版#{5}":[7,8],"#note第3弾 第3稿（GMB / 信頼獲得・GPTs布石版）─ 磨き上げ完成版#{6}":[9,10],"#note第3弾 第3稿（GMB / 信頼獲得・GPTs布石版）─ 磨き上げ完成版#タイトル":[11,16],"#note第3弾 第3稿（GMB / 信頼獲得・GPTs布石版）─ 磨き上げ完成版#タイトル#{1}":[13,16],"#note第3弾 第3稿（GMB / 信頼獲得・GPTs布石版）─ 磨き上げ完成版#本文":[17,30],"#note第3弾 第3稿（GMB / 信頼獲得・GPTs布石版）─ 磨き上げ完成版#本文#{1}":[19,30],"#note第3弾 第3稿（GMB / 信頼獲得・GPTs布石版）─ 磨き上げ完成版#きっかけ：AIが「さっき言ったよね?」という顔をし始めた":[31,48],"#note第3弾 第3稿（GMB / 信頼獲得・GPTs布石版）─ 磨き上げ完成版#きっかけ：AIが「さっき言ったよね?」という顔をし始めた#{1}":[33,48],"#note第3弾 第3稿（GMB / 信頼獲得・GPTs布石版）─ 磨き上げ完成版#「保存する拡張」は、もうあった。でも僕は満足できなかった":[49,68],"#note第3弾 第3稿（GMB / 信頼獲得・GPTs布石版）─ 磨き上げ完成版#「保存する拡張」は、もうあった。でも僕は満足できなかった#{1}":[51,68],"#note第3弾 第3稿（GMB / 信頼獲得・GPTs布石版）─ 磨き上げ完成版#作ったもの：朝、「前回の続き」がそこにある体験":[69,90],"#note第3弾 第3稿（GMB / 信頼獲得・GPTs布石版）─ 磨き上げ完成版#作ったもの：朝、「前回の続き」がそこにある体験#{1}":[71,90],"#note第3弾 第3稿（GMB / 信頼獲得・GPTs布石版）─ 磨き上げ完成版#使ってみて、こう変わった":[91,100],"#note第3弾 第3稿（GMB / 信頼獲得・GPTs布石版）─ 磨き上げ完成版#使ってみて、こう変わった#{1}":[93,100],"#note第3弾 第3稿（GMB / 信頼獲得・GPTs布石版）─ 磨き上げ完成版#この記事で、いちばん伝えたかったこと":[101,112],"#note第3弾 第3稿（GMB / 信頼獲得・GPTs布石版）─ 磨き上げ完成版#この記事で、いちばん伝えたかったこと#{1}":[103,112],"#note第3弾 第3稿（GMB / 信頼獲得・GPTs布石版）─ 磨き上げ完成版#無料で公開しています（そして、次回予告）":[113,135],"#note第3弾 第3稿（GMB / 信頼獲得・GPTs布石版）─ 磨き上げ完成版#無料で公開しています（そして、次回予告）#{1}":[115,135],"#note第3弾 第3稿（GMB / 信頼獲得・GPTs布石版）─ 磨き上げ完成版#ハッシュタグ（記事末尾に付与推奨）":[136,141],"#note第3弾 第3稿（GMB / 信頼獲得・GPTs布石版）─ 磨き上げ完成版#ハッシュタグ（記事末尾に付与推奨）#{1}":[138,141],"#note第3弾 第3稿（GMB / 信頼獲得・GPTs布石版）─ 磨き上げ完成版#主要変更点まとめ（第2稿→第3稿）":[142,168],"#note第3弾 第3稿（GMB / 信頼獲得・GPTs布石版）─ 磨き上げ完成版#主要変更点まとめ（第2稿→第3稿）#【提案1】冒頭強化（案A採用）":[144,148],"#note第3弾 第3稿（GMB / 信頼獲得・GPTs布石版）─ 磨き上げ完成版#主要変更点まとめ（第2稿→第3稿）#【提案1】冒頭強化（案A採用）#{1}":[145,145],"#note第3弾 第3稿（GMB / 信頼獲得・GPTs布石版）─ 磨き上げ完成版#主要変更点まとめ（第2稿→第3稿）#【提案1】冒頭強化（案A採用）#{2}":[146,146],"#note第3弾 第3稿（GMB / 信頼獲得・GPTs布石版）─ 磨き上げ完成版#主要変更点まとめ（第2稿→第3稿）#【提案1】冒頭強化（案A採用）#{3}":[147,148],"#note第3弾 第3稿（GMB / 信頼獲得・GPTs布石版）─ 磨き上げ完成版#主要変更点まとめ（第2稿→第3稿）#【提案2】「作ったもの」に具体シーン追加":[149,153],"#note第3弾 第3稿（GMB / 信頼獲得・GPTs布石版）─ 磨き上げ完成版#主要変更点まとめ（第2稿→第3稿）#【提案2】「作ったもの」に具体シーン追加#{1}":[150,150],"#note第3弾 第3稿（GMB / 信頼獲得・GPTs布石版）─ 磨き上げ完成版#主要変更点まとめ（第2稿→第3稿）#【提案2】「作ったもの」に具体シーン追加#{2}":[151,151],"#note第3弾 第3稿（GMB / 信頼獲得・GPTs布石版）─ 磨き上げ完成版#主要変更点まとめ（第2稿→第3稿）#【提案2】「作ったもの」に具体シーン追加#{3}":[152,153],"#note第3弾 第3稿（GMB / 信頼獲得・GPTs布石版）─ 磨き上げ完成版#主要変更点まとめ（第2稿→第3稿）#【提案3】「使ってみて」の順序入替":[154,158],"#note第3弾 第3稿（GMB / 信頼獲得・GPTs布石版）─ 磨き上げ完成版#主要変更点まとめ（第2稿→第3稿）#【提案3】「使ってみて」の順序入替#{1}":[155,155],"#note第3弾 第3稿（GMB / 信頼獲得・GPTs布石版）─ 磨き上げ完成版#主要変更点まとめ（第2稿→第3稿）#【提案3】「使ってみて」の順序入替#{2}":[156,156],"#note第3弾 第3稿（GMB / 信頼獲得・GPTs布石版）─ 磨き上げ完成版#主要変更点まとめ（第2稿→第3稿）#【提案3】「使ってみて」の順序入替#{3}":[157,158],"#note第3弾 第3稿（GMB / 信頼獲得・GPTs布石版）─ 磨き上げ完成版#主要変更点まとめ（第2稿→第3稿）#細部の表現磨き":[159,168],"#note第3弾 第3稿（GMB / 信頼獲得・GPTs布石版）─ 磨き上げ完成版#主要変更点まとめ（第2稿→第3稿）#細部の表現磨き#{1}":[160,160],"#note第3弾 第3稿（GMB / 信頼獲得・GPTs布石版）─ 磨き上げ完成版#主要変更点まとめ（第2稿→第3稿）#細部の表現磨き#{2}":[161,161],"#note第3弾 第3稿（GMB / 信頼獲得・GPTs布石版）─ 磨き上げ完成版#主要変更点まとめ（第2稿→第3稿）#細部の表現磨き#{3}":[162,162],"#note第3弾 第3稿（GMB / 信頼獲得・GPTs布石版）─ 磨き上げ完成版#主要変更点まとめ（第2稿→第3稿）#細部の表現磨き#{4}":[163,163],"#note第3弾 第3稿（GMB / 信頼獲得・GPTs布石版）─ 磨き上げ完成版#主要変更点まとめ（第2稿→第3稿）#細部の表現磨き#{5}":[164,164],"#note第3弾 第3稿（GMB / 信頼獲得・GPTs布石版）─ 磨き上げ完成版#主要変更点まとめ（第2稿→第3稿）#細部の表現磨き#{6}":[165,165],"#note第3弾 第3稿（GMB / 信頼獲得・GPTs布石版）─ 磨き上げ完成版#主要変更点まとめ（第2稿→第3稿）#細部の表現磨き#{7}":[166,166],"#note第3弾 第3稿（GMB / 信頼獲得・GPTs布石版）─ 磨き上げ完成版#主要変更点まとめ（第2稿→第3稿）#細部の表現磨き#{8}":[167,168]},"outlinks":[],"metadata":{"tags":["#Chrome拡張機能","#Genspark","#AI活用","#ノーコード","#生産性向上","#業務効率化"]},"task_lines":[],"tasks":{},"codeblock_ranges":[],"key":"sales/gmb_note_final_v3.md"},
"smart_blocks:sales/gmb_note_final_v3.md#note第3弾 第3稿（GMB / 信頼獲得・GPTs布石版）─ 磨き上げ完成版": {"path":null,"last_embed":{"hash":"1kojqwf","at":1783058594339},"embeddings":{"TaylorAI/bge-micro-v2":{"vec":[-0.05727375,0.00016113,0.00767813,-0.03463329,0.00062319,0.00378164,-0.05328657,0.02954732,0.03372556,0.00069563,-0.03327527,-0.07645558,0.03185273,0.00578939,-0.01989372,-0.02740259,-0.00313899,-0.0311487,-0.03633725,0.00125586,0.11371171,-0.03114512,0.03946821,-0.00753888,0.03882567,0.00405769,-0.02277891,-0.05013551,-0.02728434,-0.15998544,-0.03727305,-0.01277681,0.07873873,-0.05709586,0.01424878,-0.0182467,-0.04952051,0.04937015,-0.06435444,0.02957439,-0.0001857,0.0466136,-0.00566713,-0.04002361,0.01327377,-0.07182078,-0.00441691,-0.01089955,0.02711005,-0.05578637,-0.03551779,-0.00461671,0.00038729,0.02218208,0.0093693,0.00186608,0.02021314,-0.01568434,0.00312955,0.05405408,0.08574878,0.01995668,-0.24438506,0.03337212,-0.00143561,0.03158226,-0.02568723,0.00176817,-0.00745549,0.00611063,-0.0418915,-0.01785344,0.00470886,0.07265332,-0.05449697,0.0067599,0.02283775,-0.00613203,-0.0606043,-0.034917,-0.04770764,0.00558819,0.00379738,-0.01571314,-0.02607268,-0.00836533,0.00685181,0.00736366,0.01990386,0.06132204,0.00666544,-0.03075331,0.00850389,0.05235338,-0.0854435,0.01781049,0.04951726,0.04077983,-0.0544529,0.11711974,-0.01591039,0.00481366,-0.00456697,-0.03344252,0.03806296,-0.00507445,-0.00398721,-0.02665401,-0.01990921,0.00942593,-0.02631824,-0.01744926,0.04243875,-0.04154735,-0.0170799,0.03153372,0.0462284,-0.05416324,0.03457116,-0.03701258,0.06094381,0.05292356,-0.00560856,0.00800499,-0.01494422,-0.04269521,0.0109546,0.03886244,0.01999909,0.02970265,0.03550645,0.03059308,-0.14258435,-0.05405003,0.00355601,-0.00406782,-0.039017,0.03399585,-0.02079385,-0.0028386,-0.03202917,-0.04413391,-0.02622814,-0.06365308,-0.01464802,0.08002874,-0.03032153,0.00515371,-0.0096571,-0.00556965,0.00683939,0.09009733,-0.00599404,-0.02577131,0.00883437,0.04227516,0.09400599,0.10452031,-0.0592242,-0.01220343,-0.03147309,-0.02472308,-0.04283029,0.09602438,0.07489534,-0.07548451,-0.03528291,0.00703544,0.027652,-0.06996641,0.00253849,0.0399003,-0.01815063,-0.0410162,0.11998718,-0.02637978,0.08910581,-0.0030421,0.00178611,0.03483211,0.01754743,-0.02338891,-0.05818139,0.01233563,0.00859948,-0.06737608,-0.03568292,-0.02676036,0.03534092,0.05340038,-0.04137182,0.02031535,-0.01844407,0.01077446,-0.0148401,-0.04843225,-0.09997004,-0.04218866,0.03049273,-0.04290958,0.12611824,0.00039948,-0.03024389,-0.08448742,-0.00185426,0.026522,0.06440134,-0.03226056,-0.0100103,0.01974715,-0.02430376,0.02473256,0.04432787,0.09921036,-0.022073,-0.02589438,0.01200142,0.05257481,-0.01952115,0.07132524,-0.01448181,0.04051832,-0.05420268,-0.22549692,0.00196455,0.03814432,-0.0760932,0.01470935,-0.0430737,0.0679845,-0.01823557,0.06459497,0.02306275,0.08916043,0.03770997,-0.0527317,-0.00911159,-0.00637945,-0.00576517,0.00393634,0.02147907,-0.01748354,0.00124448,-0.02723457,0.01608144,-0.03923885,0.02788614,0.07080006,-0.06822403,0.13899072,0.02650085,-0.0314397,0.00231545,0.0567119,0.06897077,-0.06142187,-0.10541911,0.05631249,0.07265926,-0.04904665,0.04596061,-0.02005596,-0.03684679,0.00965988,0.08108781,0.01784983,-0.01854192,-0.02196302,-0.05901056,0.01144997,0.01979791,0.00357576,0.05820272,0.01016573,0.03032475,0.06385503,0.0192784,0.03843389,0.00403704,-0.0465906,0.01946873,-0.01023495,0.03010033,-0.0060231,-0.0069173,-0.02403192,-0.0041711,-0.04441907,-0.00705829,0.02742629,0.02011595,0.00555325,0.0305298,0.01321237,0.04382379,-0.01312516,0.01745557,0.03964117,0.02446443,0.01312044,-0.07771974,-0.03163936,-0.01492294,-0.0123803,-0.01048894,0.0629906,-0.00199885,-0.01526125,0.07857606,0.02029414,-0.06574985,0.02968814,-0.02270206,-0.02938882,-0.01183514,-0.00769314,-0.04420278,0.11145,-0.0324204,-0.30069491,-0.00357683,-0.01364858,0.02756107,0.0061623,0.05453074,-0.06512578,-0.02991319,-0.08871874,0.05437044,-0.08047494,0.03494949,-0.01075221,-0.06752596,-0.00387247,0.02078408,0.07824131,-0.01348616,0.08968579,-0.02220337,-0.06434204,0.01974796,0.19257084,0.09238996,-0.02811172,-0.00517858,-0.02761333,-0.00026537,0.08725534,0.01457197,-0.02593213,0.00461796,0.11794513,0.00235483,0.08118799,0.06824096,-0.03897174,0.02155737,0.03792258,0.00505356,-0.01327116,0.03476691,-0.08199617,0.03805093,0.10518795,-0.0161624,-0.0893829,-0.05598447,-0.00312522,0.02120147,-0.03074305,-0.00396582,-0.02375501,-0.04024145,0.01680123,0.02104821,0.01060387,-0.00796434,-0.01923844,0.06730527,0.02932116,-0.0054666,0.01569525,0.0404085,0.08148625],"last_embed":{"tokens":288,"hash":"1kojqwf"}}},"text":null,"length":0,"last_read":{"hash":"1kojqwf","at":1783058594339},"key":"sales/gmb_note_final_v3.md#note第3弾 第3稿（GMB / 信頼獲得・GPTs布石版）─ 磨き上げ完成版","lines":[1,168],"size":5239,"outlinks":[],"class_name":"SmartBlock"},
"smart_blocks:sales/gmb_note_final_v3.md#note第3弾 第3稿（GMB / 信頼獲得・GPTs布石版）─ 磨き上げ完成版#{1}": {"path":null,"last_embed":{"hash":null},"embeddings":{},"text":null,"length":0,"last_read":{"hash":"1pm42z0","at":1783058594170},"key":"sales/gmb_note_final_v3.md#note第3弾 第3稿（GMB / 信頼獲得・GPTs布石版）─ 磨き上げ完成版#{1}","lines":[3,3],"size":25,"outlinks":[],"class_name":"SmartBlock"},
"smart_blocks:sales/gmb_note_final_v3.md#note第3弾 第3稿（GMB / 信頼獲得・GPTs布石版）─ 磨き上げ完成版#{2}": {"path":null,"last_embed":{"hash":null},"embeddings":{},"text":null,"length":0,"last_read":{"hash":"1nact8d","at":1783058594170},"key":"sales/gmb_note_final_v3.md#note第3弾 第3稿（GMB / 信頼獲得・GPTs布石版）─ 磨き上げ完成版#{2}","lines":[4,4],"size":39,"outlinks":[],"class_name":"SmartBlock"},
"smart_blocks:sales/gmb_note_final_v3.md#note第3弾 第3稿（GMB / 信頼獲得・GPTs布石版）─ 磨き上げ完成版#{3}": {"path":null,"last_embed":{"hash":null},"embeddings":{},"text":null,"length":0,"last_read":{"hash":"cu66v0","at":1783058594170},"key":"sales/gmb_note_final_v3.md#note第3弾 第3稿（GMB / 信頼獲得・GPTs布石版）─ 磨き上げ完成版#{3}","lines":[5,5],"size":53,"outlinks":[],"class_name":"SmartBlock"},
"smart_blocks:sales/gmb_note_final_v3.md#note第3弾 第3稿（GMB / 信頼獲得・GPTs布石版）─ 磨き上げ完成版#{4}": {"path":null,"last_embed":{"hash":null},"embeddings":{},"text":null,"length":0,"last_read":{"hash":"llxwcr","at":1783058594170},"key":"sales/gmb_note_final_v3.md#note第3弾 第3稿（GMB / 信頼獲得・GPTs布石版）─ 磨き上げ完成版#{4}","lines":[6,6],"size":57,"outlinks":[],"class_name":"SmartBlock"},
"smart_blocks:sales/gmb_note_final_v3.md#note第3弾 第3稿（GMB / 信頼獲得・GPTs布石版）─ 磨き上げ完成版#{5}": {"path":null,"last_embed":{"hash":null},"embeddings":{},"text":null,"length":0,"last_read":{"hash":"6n9jqk","at":1783058594170},"key":"sales/gmb_note_final_v3.md#note第3弾 第3稿（GMB / 信頼獲得・GPTs布石版）─ 磨き上げ完成版#{5}","lines":[7,8],"size":33,"outlinks":[],"class_name":"SmartBlock"},
"smart_blocks:sales/gmb_note_final_v3.md#note第3弾 第3稿（GMB / 信頼獲得・GPTs布石版）─ 磨き上げ完成版#{6}": {"path":null,"last_embed":{"hash":null},"embeddings":{},"text":null,"length":0,"last_read":{"hash":"1alhcef","at":1783058594170},"key":"sales/gmb_note_final_v3.md#note第3弾 第3稿（GMB / 信頼獲得・GPTs布石版）─ 磨き上げ完成版#{6}","lines":[9,10],"size":4,"outlinks":[],"class_name":"SmartBlock"},
"smart_blocks:sales/gmb_note_final_v3.md#note第3弾 第3稿（GMB / 信頼獲得・GPTs布石版）─ 磨き上げ完成版#タイトル": {"path":null,"last_embed":{"hash":null},"embeddings":{},"text":null,"length":0,"last_read":{"hash":"1g6w7w4","at":1783058594170},"key":"sales/gmb_note_final_v3.md#note第3弾 第3稿（GMB / 信頼獲得・GPTs布石版）─ 磨き上げ完成版#タイトル","lines":[11,16],"size":73,"outlinks":[],"class_name":"SmartBlock"},
"smart_blocks:sales/gmb_note_final_v3.md#note第3弾 第3稿（GMB / 信頼獲得・GPTs布石版）─ 磨き上げ完成版#タイトル#{1}": {"path":null,"last_embed":{"hash":null},"embeddings":{},"text":null,"length":0,"last_read":{"hash":"15n8anr","at":1783058594170},"key":"sales/gmb_note_final_v3.md#note第3弾 第3稿（GMB / 信頼獲得・GPTs布石版）─ 磨き上げ完成版#タイトル#{1}","lines":[13,16],"size":64,"outlinks":[],"class_name":"SmartBlock"},
"smart_blocks:sales/gmb_note_final_v3.md#note第3弾 第3稿（GMB / 信頼獲得・GPTs布石版）─ 磨き上げ完成版#本文": {"path":null,"last_embed":{"hash":"ryrh4x","at":1783058594441},"embeddings":{"TaylorAI/bge-micro-v2":{"vec":[-0.05084959,0.00975528,-0.01150609,-0.03397752,-0.00623223,-0.01817543,-0.03944752,0.0405938,0.05352376,0.00473733,-0.0521571,-0.0701113,0.02892614,0.01173725,-0.02317622,-0.04145975,0.01293659,-0.02732064,-0.07021221,0.02171756,0.08601799,-0.02516211,0.0282098,-0.00181673,0.01983176,0.00500491,-0.01839635,-0.03771227,-0.03774784,-0.14093834,-0.02631369,-0.03098855,0.05842286,-0.02114998,0.02460983,-0.00742147,-0.0463193,0.0241819,-0.06703306,0.03714824,0.00236908,0.0483082,-0.02844932,-0.04524061,0.01034607,-0.06129505,-0.02725206,-0.01596955,0.01131023,-0.05759912,-0.03514009,-0.01386369,0.00381281,-0.01395493,0.01228441,-0.01169789,0.02801206,0.00361425,0.00201128,0.04921061,0.08292684,0.02837439,-0.24282748,0.05135746,-0.00906366,0.03845977,-0.03304252,0.00048094,-0.01519017,0.01162843,-0.04625297,-0.02087684,-0.03718663,0.08846202,-0.04792252,-9.2e-7,0.02870545,0.01389571,-0.0539242,-0.02161656,-0.01633369,0.00918644,0.03278228,-0.01015477,-0.01625187,0.00062497,0.02005761,-0.01979334,0.04767718,0.06963275,0.00985121,-0.04423217,0.02873002,0.05851487,-0.07653789,-0.00281357,0.04290327,0.0501516,-0.05305614,0.10395122,-0.02240685,-0.00906261,0.00833954,-0.03212452,0.01727232,-0.01692669,0.01208577,-0.04698353,-0.00929867,-0.01493249,-0.01663011,-0.02679319,0.03717915,-0.03619349,-0.02733902,0.02962386,0.04385351,-0.05357511,0.02631677,-0.02699956,0.07014765,0.0520291,-0.00976918,0.00966492,-0.0120338,-0.05454614,0.03395583,0.03411898,0.03619271,0.03122984,0.01735807,0.03013582,-0.12930588,-0.04376982,0.00655887,0.0169264,-0.04770511,0.03436317,-0.02473522,-0.00976414,-0.00335822,-0.05956338,-0.03765801,-0.06228253,-0.04477326,0.08640195,-0.01415322,-0.0021449,-0.03691818,-0.00623313,0.00046676,0.08714812,-0.00005359,0.00504021,0.01295737,0.0558124,0.09810846,0.11073183,-0.07385557,-0.00892653,-0.02276407,-0.01687945,-0.02867824,0.09406703,0.06487974,-0.0581459,-0.02184126,0.01043922,0.03659262,-0.07129122,0.0137611,0.02111106,-0.02438112,-0.05370763,0.08838994,-0.03455766,0.09129221,-0.00209927,-0.02348685,0.02022311,0.02148076,-0.0222688,-0.07821877,0.02131858,0.00882518,-0.06343862,-0.0367072,-0.03919435,0.04964827,0.08353889,-0.05269514,0.02080679,0.00831855,0.00088443,-0.02628055,-0.02960169,-0.09831717,-0.04602798,0.0123898,-0.0420054,0.10773025,0.0128984,-0.03559864,-0.08896531,0.02075774,0.02896592,0.04805219,-0.03110544,0.00750055,0.02197051,-0.03003149,0.02224054,0.0449806,0.10580411,-0.00730086,-0.0125155,0.0258956,0.06880619,0.01990694,0.08483181,-0.0246762,0.0147502,-0.05499319,-0.22375043,0.01307701,0.00640298,-0.07481094,0.04829555,-0.04842611,0.05422615,-0.04013486,0.04803484,0.01882551,0.08260374,0.01668523,-0.06036181,-0.00950741,-0.01073838,-0.0208939,-0.01346958,0.01028806,-0.00810422,0.01817221,-0.03609709,0.00262374,-0.03025144,0.03445799,0.07485132,-0.05487708,0.13866891,0.03075261,-0.03105398,-0.01462453,0.03769575,0.07487775,-0.03952435,-0.11770253,0.06277747,0.05474591,-0.05448553,0.02531361,-0.00249793,-0.05285352,0.03340181,0.06123836,0.03577897,-0.02918951,-0.04252521,-0.06995694,-0.01189336,0.01170421,-0.01729593,0.08588437,0.0195762,0.03120799,0.06133902,0.01722043,0.02465334,0.01441394,-0.03703884,0.04578354,0.00684445,0.021257,0.00169547,0.00981382,0.0154193,-0.0102029,-0.00844249,-0.01978976,0.03228193,0.00824182,-0.0083427,0.01877582,0.02157164,0.05556466,-0.01688528,-0.00371324,0.01962218,0.04051615,0.0296478,-0.07040472,-0.0402785,-0.01750214,0.00597204,0.01171616,0.06901765,0.01336605,-0.03525592,0.06651068,0.02495382,-0.09538441,0.02895022,-0.02007889,-0.02789252,-0.03478272,-0.00423588,-0.04995564,0.09374722,-0.04711428,-0.29198739,-0.01706617,-0.01339802,0.01447426,0.00066167,0.04075499,-0.07738088,-0.01735019,-0.1116223,0.05551437,-0.08743483,0.03049461,-0.0038016,-0.06399421,-0.01417572,0.02302269,0.05681095,-0.01979456,0.10287488,-0.03035059,-0.052014,0.01220399,0.19357197,0.08864196,-0.0098681,-0.01393115,-0.00906039,0.01570433,0.10684717,0.02964734,-0.04254365,0.00408776,0.13332626,0.01416718,0.07451753,0.04597246,-0.03022761,0.03838817,0.05297342,0.00138822,0.00775133,0.05055759,-0.0641418,0.02437135,0.09670509,-0.00772593,-0.07502947,-0.06357691,-0.01959383,0.02306619,-0.03113677,-0.02032934,-0.00354631,-0.02193409,0.04278313,0.01359125,-0.00526345,-0.02385505,-0.02675679,0.06654661,0.01931958,-0.01332925,0.01556139,0.05150444,0.08603357],"last_embed":{"tokens":417,"hash":"ryrh4x"}}},"text":null,"length":0,"last_read":{"hash":"ryrh4x","at":1783058594441},"key":"sales/gmb_note_final_v3.md#note第3弾 第3稿（GMB / 信頼獲得・GPTs布石版）─ 磨き上げ完成版#本文","lines":[17,30],"size":418,"outlinks":[],"class_name":"SmartBlock"},
"smart_blocks:sales/gmb_note_final_v3.md#note第3弾 第3稿（GMB / 信頼獲得・GPTs布石版）─ 磨き上げ完成版#本文#{1}": {"path":null,"last_embed":{"hash":"1sfbdnh","at":1783058594630},"embeddings":{"TaylorAI/bge-micro-v2":{"vec":[-0.04831339,0.00569944,-0.01360421,-0.03962529,-0.00364449,-0.02140448,-0.03684752,0.03770685,0.0509237,0.0036083,-0.05753537,-0.06431239,0.02987938,0.01213058,-0.01993822,-0.04500583,0.01503176,-0.02407634,-0.07513025,0.02418119,0.08634853,-0.02791867,0.02869127,-0.00262021,0.02697394,0.00118899,-0.01969081,-0.04062617,-0.0403215,-0.13988191,-0.02344539,-0.02994238,0.06170902,-0.02263372,0.02776042,-0.00567424,-0.04382274,0.02415664,-0.06642785,0.03598404,-0.00177491,0.04417007,-0.02878542,-0.04398289,0.01003005,-0.06123882,-0.02890258,-0.02090591,0.01000855,-0.05772512,-0.03060316,-0.01874896,0.0033342,-0.01483208,0.01342499,-0.01268747,0.02750842,0.0046803,0.00032856,0.04875828,0.07796643,0.02581398,-0.24029467,0.0497175,-0.01086685,0.03652799,-0.03282363,-0.00116963,-0.01938469,0.01342081,-0.04793067,-0.01965422,-0.04190316,0.08970314,-0.04758076,-0.00365812,0.02707548,0.01682189,-0.05594485,-0.02252955,-0.01735326,0.01420046,0.03077615,-0.00668483,-0.01971689,0.00196916,0.01820188,-0.02230774,0.04937103,0.0706978,0.00716492,-0.04516311,0.03041726,0.06049871,-0.07244778,0.00036458,0.03808894,0.05454733,-0.04710624,0.10197396,-0.02217871,-0.01178702,0.00971612,-0.03337086,0.01769128,-0.01803538,0.00842577,-0.04356817,-0.00983689,-0.011554,-0.0141925,-0.0265223,0.03698277,-0.03388172,-0.02483458,0.03545206,0.04503826,-0.05030472,0.02048221,-0.02200328,0.07324699,0.0461155,-0.0085397,0.01239843,-0.0116394,-0.05329641,0.03496263,0.03551633,0.04030944,0.03267947,0.01652658,0.02986455,-0.12878664,-0.04452,0.00710663,0.0181008,-0.04979228,0.03305278,-0.02665327,-0.0116844,-0.00022465,-0.06213687,-0.03896664,-0.06106459,-0.047879,0.08766935,-0.01829818,-0.00785654,-0.03210763,-0.00514442,-0.00342086,0.08473465,-0.00272959,0.00512575,0.01022381,0.05711593,0.09645498,0.11062068,-0.07286006,-0.0077316,-0.02439904,-0.01658222,-0.02921406,0.09773298,0.06520678,-0.05275489,-0.02155219,0.01949452,0.03399009,-0.06811632,0.01107186,0.01990352,-0.02406656,-0.04965855,0.09154804,-0.03854116,0.08700959,-0.00400173,-0.02974458,0.01881693,0.02522457,-0.02250365,-0.07874599,0.0240859,0.00438842,-0.0604685,-0.04127827,-0.04083412,0.04668875,0.08428399,-0.05056476,0.0184886,0.00903081,-0.00406417,-0.02718584,-0.02526406,-0.09076826,-0.04255028,0.00670644,-0.04619494,0.10931721,0.01206041,-0.03438838,-0.09007322,0.02165856,0.02612772,0.04732905,-0.0300484,0.00480914,0.02033711,-0.02845452,0.02400524,0.04490392,0.10491691,-0.01040117,-0.00915368,0.02395706,0.06812677,0.02615564,0.0825934,-0.02601252,0.00971923,-0.0600931,-0.22275478,0.01322944,0.00210972,-0.07579862,0.04973339,-0.04799087,0.04702023,-0.03576782,0.04753002,0.0154893,0.08199832,0.012307,-0.0623366,-0.00649882,-0.01150641,-0.01758645,-0.01019775,0.01052091,-0.01215559,0.02286787,-0.03344589,0.00254798,-0.03075601,0.0435274,0.07879394,-0.05044583,0.13910864,0.03341356,-0.0287615,-0.0146054,0.03535293,0.07927147,-0.04215237,-0.11879293,0.06444543,0.0488294,-0.05832709,0.02151498,-0.0042312,-0.05344551,0.03337992,0.05987066,0.03437519,-0.0275173,-0.04291815,-0.07100879,-0.01648433,0.01356113,-0.01890425,0.08789119,0.01942555,0.02630261,0.06409805,0.01943259,0.02838504,0.01545591,-0.04034729,0.04061317,0.00858261,0.02560961,0.00397211,0.01672527,0.02107322,-0.01402441,-0.00622196,-0.02398148,0.03413213,0.00892324,-0.00475978,0.0244464,0.02218587,0.05172618,-0.01712167,-0.0084444,0.02477559,0.04198315,0.02944495,-0.07305829,-0.03999259,-0.02174983,0.01017727,0.01281256,0.06613303,0.01672039,-0.03259624,0.06722349,0.02553885,-0.09859222,0.03191976,-0.02177173,-0.02717108,-0.03817295,-0.00338085,-0.04504123,0.09459721,-0.04479805,-0.29317626,-0.01992845,-0.01317612,0.01394639,0.0009494,0.03957671,-0.0802197,-0.01904543,-0.10594462,0.0543804,-0.09112592,0.03212788,-0.00245531,-0.06489673,-0.02148686,0.02129486,0.05163102,-0.01436601,0.10997541,-0.03134906,-0.05647928,0.00911545,0.19589934,0.08578717,-0.01078275,-0.01227691,-0.00693164,0.01669086,0.10974348,0.03728237,-0.03667481,0.00187846,0.13475253,0.01360181,0.07457845,0.04381655,-0.02417078,0.04109308,0.05792626,0.00071055,0.00403514,0.04464167,-0.062164,0.01987488,0.09390576,-0.00713455,-0.0741613,-0.06074174,-0.0186618,0.02605157,-0.02913777,-0.01514041,0.00070464,-0.02164568,0.03830136,0.01230602,-0.00635046,-0.02517802,-0.02569259,0.06280424,0.02094626,-0.01371503,0.02051244,0.05549406,0.08361053],"last_embed":{"tokens":416,"hash":"1sfbdnh"}}},"text":null,"length":0,"last_read":{"hash":"1sfbdnh","at":1783058594630},"key":"sales/gmb_note_final_v3.md#note第3弾 第3稿（GMB / 信頼獲得・GPTs布石版）─ 磨き上げ完成版#本文#{1}","lines":[19,30],"size":411,"outlinks":[],"class_name":"SmartBlock"},
"smart_blocks:sales/gmb_note_final_v3.md#note第3弾 第3稿（GMB / 信頼獲得・GPTs布石版）─ 磨き上げ完成版#きっかけ：AIが「さっき言ったよね?」という顔をし始めた": {"path":null,"last_embed":{"hash":"1mz41jd","at":1783058594763},"embeddings":{"TaylorAI/bge-micro-v2":{"vec":[-0.03363454,0.00199737,0.01241209,-0.03968048,0.01446552,-0.02124717,-0.04430148,0.02184903,0.02821018,-0.00615818,-0.02906378,-0.1113866,-0.00466267,-0.01994743,-0.01221382,-0.02613946,-0.00834529,-0.03906072,-0.02517812,-0.00850748,0.07730839,-0.00968077,0.02864096,0.01216389,0.02997643,0.00750728,-0.0152599,-0.05088436,-0.04192389,-0.15088102,-0.03463777,0.00230668,0.05167405,-0.04895458,0.02726163,-0.00983301,-0.05140909,0.0409232,-0.05910984,0.03844808,0.02744424,0.04824936,-0.0305184,-0.02667946,0.00614481,-0.07547066,-0.00097083,0.0052688,0.04034637,-0.06885346,0.00447645,0.01444602,0.002903,0.00635872,0.00080672,0.0095189,0.03166842,-0.0096524,-0.0021566,0.05599396,0.09120695,0.03241677,-0.23614557,0.01713749,-0.0041025,0.04545017,-0.01056193,-0.00378194,-0.03653229,0.0383734,-0.04199748,-0.01852351,-0.01710065,0.08534487,-0.03436878,0.01226032,0.01732056,-0.02385677,-0.05185503,-0.03646382,-0.02181366,-0.02466614,-0.00898269,-0.01601833,-0.01669569,-0.03448379,-0.01570272,0.03276473,0.0217612,0.01809914,0.0063026,-0.03450741,0.02990825,0.04299887,-0.08421567,0.0270136,0.06944636,0.00813929,-0.0555011,0.138703,-0.02301735,0.02409245,-0.01512795,-0.01810092,0.04107685,0.00565322,-0.02041588,-0.01200936,-0.00884446,-0.0055287,-0.00854447,-0.01532266,0.0656253,-0.03608315,-0.0255056,0.02482476,0.01814254,-0.04903565,0.02718898,-0.03825144,0.03810069,0.06159856,-0.00230499,0.00780322,0.00041128,-0.05016846,0.0236498,0.050983,0.02169672,0.04166538,0.02333516,0.01393404,-0.12280564,-0.06265416,-0.01099816,-0.00636313,-0.03649405,0.03605178,-0.02000401,-0.00361718,-0.04401702,-0.02930446,-0.02153124,-0.04738511,-0.02009647,0.08037515,-0.01213772,0.00807289,-0.01737647,-0.03033912,0.00337999,0.08401539,0.01690489,-0.00230605,0.01863783,0.03872199,0.0974133,0.08460536,-0.0669001,-0.02859694,-0.01967733,-0.03222019,-0.03106277,0.10207163,0.04173202,-0.09134278,-0.00672606,-0.0240783,0.0318411,-0.05945101,-0.00265922,0.03415988,-0.02080761,-0.04656516,0.11874096,-0.03744041,0.09142428,-0.00302394,0.02063186,0.03400156,0.03371016,-0.01075155,-0.06945127,-0.00631201,0.00442539,-0.0545793,-0.01969929,-0.01574703,0.04700842,0.03814796,-0.03847955,0.03601374,-0.01368097,-0.00850266,-0.01613241,-0.03612998,-0.09686662,-0.03728102,0.04054707,-0.04366352,0.11965114,0.00134402,-0.03055183,-0.06274988,-0.0042768,0.04291261,0.04465585,-0.04037217,0.00188919,0.01652017,-0.00907232,0.02568252,0.05714413,0.09753788,-0.03979312,-0.03410692,0.02619742,0.05351113,-0.04801709,0.07901808,-0.02465908,0.05197137,-0.05956244,-0.24303211,-0.00146825,0.03549474,-0.08379535,0.0170674,-0.02932996,0.06539821,-0.01327599,0.06963798,0.04591895,0.0885114,0.05475342,-0.04209114,-0.01741746,0.00368282,0.00825444,-0.01339704,0.01134108,-0.00655345,-0.00553435,-0.03830645,-0.00345278,-0.05503961,-0.02199544,0.06225778,-0.03106049,0.16185099,0.04049878,-0.01703034,-0.00696052,0.05109072,0.05940058,-0.03895638,-0.14950354,0.06283329,0.07674944,-0.00720817,0.06089293,-0.01369486,-0.01905675,-0.00395469,0.06764781,0.01520413,-0.03871628,0.00001005,-0.06535015,0.01386241,0.02448145,0.00255589,0.07599679,0.01845471,0.061145,0.05554755,0.02953355,0.04464179,0.00259111,-0.04778416,0.04519835,-0.02896092,0.02374956,-0.01411121,-0.02709633,-0.01589774,0.00378718,-0.03566399,-0.01390245,0.01693231,0.00183246,0.03098653,0.0070759,0.01267929,0.0235825,-0.02299831,-0.00450724,0.00938588,0.03588937,0.00902459,-0.06163167,-0.04509187,-0.03103271,-0.02332963,0.00432812,0.07025718,-0.00660665,-0.0136121,0.0597581,0.00341571,-0.01921692,0.03399154,-0.03512068,-0.04386227,-0.00886801,-0.0038724,-0.0673667,0.13127556,-0.02130663,-0.26913494,0.00099463,-0.00568833,0.01763745,-0.00045502,0.06453685,-0.0380146,-0.03772818,-0.11961981,0.05298919,-0.0733803,0.00477831,-0.04593986,-0.05708111,0.0036495,0.02930246,0.10445981,-0.04181023,0.0563901,-0.0098536,-0.04598171,0.01865005,0.19632003,0.0883179,-0.03407282,-0.00491631,-0.02799223,0.02508522,0.08541425,0.0138028,-0.02783529,0.0165176,0.10544559,-0.00952628,0.07572079,0.0884565,-0.02517476,0.00231722,0.04581733,0.02045719,0.01154346,0.04014684,-0.08824854,0.03092006,0.08274006,-0.0327587,-0.10096574,-0.03576348,-0.01831863,0.01024854,-0.05675725,-0.01400981,-0.04048988,-0.0407142,0.01810012,0.03658823,0.00732848,-0.03267245,-0.01318259,0.0750294,0.02273585,-0.01692321,0.01786597,0.05012437,0.07709806],"last_embed":{"tokens":46,"hash":"1mz41jd"}}},"text":null,"length":0,"last_read":{"hash":"1mz41jd","at":1783058594763},"key":"sales/gmb_note_final_v3.md#note第3弾 第3稿（GMB / 信頼獲得・GPTs布石版）─ 磨き上げ完成版#きっかけ：AIが「さっき言ったよね?」という顔をし始めた","lines":[31,48],"size":550,"outlinks":[],"class_name":"SmartBlock"},
"smart_blocks:sales/gmb_note_final_v3.md#note第3弾 第3稿（GMB / 信頼獲得・GPTs布石版）─ 磨き上げ完成版#きっかけ：AIが「さっき言ったよね?」という顔をし始めた#{1}": {"path":null,"last_embed":{"hash":"1rs7igy","at":1783058594789},"embeddings":{"TaylorAI/bge-micro-v2":{"vec":[-0.02859107,0.00226957,0.01234691,-0.04011753,0.01475677,-0.01906885,-0.04499247,0.02366805,0.03028991,-0.00655163,-0.03177556,-0.10666098,-0.00364082,-0.02173147,-0.01329806,-0.02809444,-0.01067175,-0.03481615,-0.02446322,-0.00749892,0.07965155,-0.00712068,0.02808734,0.01241214,0.03229233,0.00919112,-0.01689305,-0.05113719,-0.04339703,-0.15405816,-0.03135006,-0.00242689,0.051583,-0.05204446,0.02773482,-0.01110143,-0.05149251,0.04158166,-0.06074847,0.03689151,0.02966957,0.04623926,-0.02918715,-0.02859491,0.00446423,-0.07691458,-0.00046118,0.00410212,0.04088638,-0.06999858,0.00544243,0.01353383,0.00163172,0.00554706,-0.00102089,0.00968507,0.02910441,-0.01067193,-0.00488004,0.05848451,0.08930386,0.03147981,-0.23951176,0.01688163,-0.00594011,0.04616726,-0.01189876,-0.0052822,-0.03896414,0.03746881,-0.04612222,-0.02119777,-0.01649226,0.08505951,-0.03155421,0.01149356,0.01560033,-0.02416929,-0.05297519,-0.03421843,-0.02198825,-0.02592826,-0.00910712,-0.01619485,-0.01725079,-0.03724124,-0.0152642,0.02880535,0.022199,0.01759768,0.00676492,-0.03630168,0.02509207,0.04295046,-0.08338308,0.02684281,0.06846346,0.0096865,-0.05170602,0.13870268,-0.02036244,0.02272738,-0.01433998,-0.01772233,0.04279663,0.00675414,-0.02261654,-0.01083507,-0.0083821,-0.00378171,-0.00850901,-0.01334194,0.0615216,-0.03458961,-0.02614558,0.02706599,0.01704104,-0.04875543,0.02820948,-0.03780818,0.04059425,0.06018938,-0.00456181,0.00822037,0.00158107,-0.04919809,0.02166094,0.05314186,0.02059179,0.03906612,0.02239965,0.00811369,-0.12466965,-0.06295416,-0.01066222,-0.00776995,-0.03631981,0.03945372,-0.02124967,-0.00328306,-0.04227948,-0.02565159,-0.02046278,-0.04401093,-0.01949768,0.07801153,-0.01450769,0.00574202,-0.01703827,-0.02803389,0.00467108,0.08483841,0.01861982,-0.00233971,0.01581627,0.03930108,0.09488045,0.08109105,-0.06717075,-0.02870793,-0.02309812,-0.02937975,-0.03145592,0.10343531,0.04214382,-0.08674444,-0.00714452,-0.02299549,0.03025445,-0.05711167,-0.00218028,0.03554556,-0.02151201,-0.04835177,0.116643,-0.03639495,0.08817397,-0.00005508,0.02253644,0.03425402,0.03263772,-0.01194532,-0.07045088,-0.00614831,0.00349972,-0.05144372,-0.01771138,-0.01636844,0.04485366,0.04034387,-0.0359122,0.04210915,-0.0148522,-0.0095732,-0.01515046,-0.03578052,-0.09871718,-0.03853373,0.04059729,-0.04323804,0.12062149,0.00083656,-0.02660728,-0.06438571,-0.00191533,0.04188518,0.04315075,-0.04114616,0.00219769,0.01316192,-0.00925222,0.02575784,0.05856226,0.09739618,-0.04097575,-0.0327793,0.02394022,0.0528492,-0.04922783,0.07906979,-0.02624095,0.05148005,-0.05969849,-0.24363226,-0.00358536,0.03427528,-0.08320637,0.01828394,-0.02757802,0.06766176,-0.00942409,0.06646086,0.04017717,0.08375743,0.0542131,-0.04283433,-0.01442326,0.00375095,0.01209547,-0.01411695,0.01555704,-0.01029132,-0.00426511,-0.04112413,-0.00438346,-0.05668528,-0.01881398,0.06517871,-0.0315238,0.16418746,0.03692284,-0.01749444,-0.0074048,0.04847304,0.05965882,-0.04197736,-0.14657046,0.06609019,0.07865418,-0.00548345,0.06000778,-0.0122556,-0.02014061,-0.00687822,0.06845755,0.01704106,-0.03562654,0.00308506,-0.06568322,0.0179783,0.02684752,0.00528192,0.0773247,0.01933892,0.05850862,0.05610469,0.02948391,0.04600707,0.00021932,-0.04803404,0.04529183,-0.03182337,0.02396715,-0.01390029,-0.02434475,-0.01632686,0.00186397,-0.03504898,-0.01393401,0.01716343,0.00219614,0.03174417,0.00866469,0.0142018,0.02046939,-0.02306816,-0.00513744,0.00900836,0.03676529,0.00878477,-0.06136993,-0.04583926,-0.03221719,-0.02450084,0.00414466,0.06739596,-0.00821708,-0.01335919,0.05732472,0.00166254,-0.02247447,0.03457388,-0.03720698,-0.04304394,-0.00793236,-0.00383894,-0.06072034,0.13206407,-0.02162638,-0.27052152,0.00090635,-0.00872966,0.01758045,-0.00105964,0.06385994,-0.03819766,-0.03614366,-0.11936541,0.05340952,-0.07086646,0.00385921,-0.047318,-0.05691233,0.00231068,0.03061757,0.10338169,-0.03973468,0.05889226,-0.0086635,-0.04639006,0.01948329,0.19684955,0.09094041,-0.03543893,-0.00393179,-0.02533839,0.02542973,0.08334079,0.01345995,-0.02333224,0.01606104,0.10824342,-0.00746343,0.07847987,0.09247094,-0.02483138,0.00094565,0.04800926,0.01981167,0.01288903,0.03896157,-0.09142782,0.02848728,0.08472567,-0.02943823,-0.10076018,-0.03514979,-0.01657304,0.01207212,-0.0570113,-0.00894475,-0.04118813,-0.04394905,0.01779897,0.03109016,0.00794345,-0.0330759,-0.01258797,0.07358564,0.02434833,-0.01463026,0.01719777,0.04888219,0.07672089],"last_embed":{"tokens":45,"hash":"1rs7igy"}}},"text":null,"length":0,"last_read":{"hash":"1rs7igy","at":1783058594789},"key":"sales/gmb_note_final_v3.md#note第3弾 第3稿（GMB / 信頼獲得・GPTs布石版）─ 磨き上げ完成版#きっかけ：AIが「さっき言ったよね?」という顔をし始めた#{1}","lines":[33,48],"size":517,"outlinks":[],"class_name":"SmartBlock"},
"smart_blocks:sales/gmb_note_final_v3.md#note第3弾 第3稿（GMB / 信頼獲得・GPTs布石版）─ 磨き上げ完成版#「保存する拡張」は、もうあった。でも僕は満足できなかった": {"path":null,"last_embed":{"hash":"v2h4o2","at":1783058594815},"embeddings":{"TaylorAI/bge-micro-v2":{"vec":[-0.02858812,0.01394039,-0.01229698,-0.03634795,0.0138974,-0.01563152,-0.05052102,0.05017972,0.04038211,0.01376718,-0.0452408,-0.07222138,0.03115185,0.00725342,-0.02417162,-0.02983859,-0.00064242,-0.01077812,-0.07086089,0.00697363,0.08050337,-0.03076266,0.01972745,-0.0118951,0.02749803,-0.00126365,-0.0329029,-0.03849185,-0.04453801,-0.13856818,-0.02432012,-0.02325592,0.0437239,-0.01691986,0.02093167,-0.02510032,-0.05858879,0.03966482,-0.06578416,0.04195698,-0.00812953,0.02767543,-0.04226723,-0.04079037,0.00666319,-0.06083366,-0.01787401,-0.01375706,0.00721368,-0.03578567,-0.04176908,-0.00028669,0.00182215,0.01091416,0.00521823,-0.02079466,0.0502699,0.00560319,0.01362062,0.03435323,0.07626745,0.01558512,-0.24415596,0.03411645,-0.03998158,0.04693894,-0.03120071,0.00147262,-0.01743781,-0.01163808,-0.05374783,-0.01870917,-0.01323298,0.08282173,-0.04791329,0.00831208,0.00965123,0.00332772,-0.07594247,-0.01067305,-0.00707602,0.00445265,0.02701746,-0.00397862,-0.02031702,-0.00712419,0.02407131,-0.01561085,0.02619105,0.0769294,0.00881319,-0.03819354,0.03877645,0.02900865,-0.093698,0.00920377,0.02887537,0.04683089,-0.06672142,0.10549471,-0.01339091,0.00075961,0.01837613,-0.02851046,0.03046142,-0.04693565,-0.00931318,-0.05029629,-0.0086579,-0.01591918,-0.01089133,-0.02290411,0.03718131,-0.02850701,-0.01705364,0.01797386,0.02804765,-0.04566675,-0.00084568,-0.03286388,0.052573,0.03154952,-0.01536892,-0.00428673,0.00660169,-0.0236001,0.02016986,0.03338508,0.05244142,0.04424233,0.02393759,0.03754146,-0.13332367,-0.03513399,-0.00284762,0.00081831,-0.06335481,0.04336988,-0.01574906,-0.03490359,-0.00006032,-0.05396106,-0.06223767,-0.04452476,-0.03808979,0.07475405,-0.01878792,0.01048046,-0.03194496,0.00339213,-0.0037016,0.09022418,-0.00061178,0.00526039,0.02401784,0.05032572,0.08775824,0.10989066,-0.05714522,0.00972033,-0.02635993,-0.02613819,-0.01820124,0.10792024,0.0614841,-0.05427601,-0.03440432,0.00577174,0.0292246,-0.06109656,0.00646997,0.01978543,-0.01988381,-0.0560579,0.07244727,-0.03401721,0.07660195,-0.02902722,-0.03145218,0.00498547,0.03280273,-0.02836614,-0.06653895,0.02294502,0.02263894,-0.07674024,-0.02847248,-0.03653631,0.03516684,0.0873834,-0.04157174,0.01497657,-0.02280238,-0.0071158,-0.00743841,-0.04142698,-0.09464044,-0.04315766,0.01689683,-0.0235971,0.092864,0.01137403,-0.03632665,-0.08102124,0.02204546,0.04336849,0.06021529,-0.0291995,0.01855857,0.04899136,-0.01852331,0.01869826,0.04192726,0.12083616,-0.03221952,0.00244269,0.02702679,0.058911,0.02095944,0.07079789,-0.02799518,0.01370566,-0.04374438,-0.22858121,0.00647292,0.00013789,-0.05175065,0.04899079,-0.06298482,0.04085494,-0.02875256,0.044035,-0.01025874,0.11434392,0.03979964,-0.06853215,0.00689976,-0.00335958,-0.01101227,-0.02991299,0.01878524,-0.01178677,0.02908863,-0.0393943,-0.01092814,-0.02469054,0.03721568,0.05911205,-0.07111579,0.15710725,0.02040545,-0.00745114,0.01082944,0.04450147,0.06376188,-0.03212214,-0.11575259,0.06430317,0.03159444,-0.07980086,0.02999443,-0.01294779,-0.04012277,0.03579938,0.07127447,0.03262992,-0.03167098,-0.03183639,-0.05860736,-0.02410191,0.04627549,-0.01418026,0.08374497,0.01383272,0.00834175,0.06803369,0.01997595,0.04314984,0.00981085,-0.05002221,0.05447704,-0.00328842,0.02582661,-0.00190613,0.00236103,0.02028209,-0.01448566,-0.00515163,-0.01184803,0.02420153,0.01715082,-0.02185881,0.00715293,0.01433566,0.0422262,-0.02576209,-0.00269965,0.02025916,0.05415035,0.00296157,-0.0826484,-0.06375858,-0.01474849,0.00158495,0.01101209,0.05290927,0.021029,-0.01728263,0.07020536,0.020069,-0.06169021,0.0390058,-0.04058813,-0.02977387,-0.04581039,0.00497463,-0.0473708,0.10325493,-0.06341886,-0.29291365,-0.00477018,-0.01366396,0.02347666,-0.00801851,0.03309026,-0.08173268,-0.01827085,-0.11210784,0.05925875,-0.05921532,0.03769051,-0.00202077,-0.05381486,-0.00586141,0.03870462,0.05539191,-0.01679951,0.09753247,-0.02414605,-0.03792159,0.02874703,0.18538769,0.07717407,-0.01106478,-0.00457428,-0.01129836,0.01909197,0.10699541,0.03857226,-0.07298714,-0.0013313,0.14388475,0.01113122,0.09724944,0.04785116,-0.03612538,0.02348431,0.0769001,0.01380056,-0.00104137,0.04777138,-0.07139814,0.02246472,0.10080207,-0.02064115,-0.06202481,-0.05112864,-0.00967045,0.0202575,-0.05021733,0.00735664,0.016219,-0.03243117,0.03239181,0.01536101,0.01159551,-0.02241517,-0.01448799,0.06443443,0.02194527,0.01046607,0.02726841,0.03268716,0.09342801],"last_embed":{"tokens":492,"hash":"v2h4o2"}}},"text":null,"length":0,"last_read":{"hash":"v2h4o2","at":1783058594815},"key":"sales/gmb_note_final_v3.md#note第3弾 第3稿（GMB / 信頼獲得・GPTs布石版）─ 磨き上げ完成版#「保存する拡張」は、もうあった。でも僕は満足できなかった","lines":[49,68],"size":502,"outlinks":[],"class_name":"SmartBlock"},
"smart_blocks:sales/gmb_note_final_v3.md#note第3弾 第3稿（GMB / 信頼獲得・GPTs布石版）─ 磨き上げ完成版#「保存する拡張」は、もうあった。でも僕は満足できなかった#{1}": {"path":null,"last_embed":{"hash":"9pc8nm","at":1783058594948},"embeddings":{"TaylorAI/bge-micro-v2":{"vec":[-0.0298492,0.0150665,-0.01473367,-0.03361033,0.01441417,-0.01607496,-0.04808513,0.05235357,0.04134439,0.01781598,-0.04918636,-0.0665172,0.03267647,0.01523156,-0.02515603,-0.02749242,-0.0002709,-0.00897211,-0.07672036,0.0079043,0.08422359,-0.02999429,0.01811361,-0.01018272,0.02702657,-0.00280962,-0.03437432,-0.03403795,-0.03866415,-0.13887495,-0.02650281,-0.02455735,0.04280376,-0.02009574,0.02161738,-0.02409759,-0.06139837,0.04178906,-0.06597422,0.03882616,-0.00824157,0.02837679,-0.04113592,-0.04309613,0.00593025,-0.06120058,-0.01319934,-0.01752152,0.00663078,-0.03174586,-0.03632718,-0.00091749,0.00355628,0.0108375,0.00898505,-0.01929338,0.05157971,0.00702292,0.01303792,0.03426948,0.07357522,0.01768545,-0.24244387,0.03427083,-0.0457585,0.04920879,-0.03339073,0.00052795,-0.0169082,-0.01471366,-0.05450022,-0.01976444,-0.01617458,0.08383283,-0.044915,0.00842026,0.0087889,0.00388051,-0.07704746,-0.00667401,-0.0065562,0.00197431,0.03191772,-0.001039,-0.01937642,-0.00731885,0.0213486,-0.02343103,0.02682793,0.07802661,0.01003182,-0.03945501,0.04107001,0.02989101,-0.09350431,0.00736467,0.02767149,0.05159428,-0.06755713,0.1070587,-0.0110607,-0.00123593,0.01682494,-0.03320554,0.03086172,-0.05165778,-0.011732,-0.05168847,-0.01316277,-0.02006454,-0.00919551,-0.01937906,0.03503495,-0.02963153,-0.00949445,0.01920475,0.03234266,-0.04044312,-0.00340849,-0.02988227,0.05254517,0.03033129,-0.01862986,-0.00317657,0.00546865,-0.01916048,0.02203793,0.03281166,0.04943066,0.04207838,0.02481938,0.03424123,-0.13118994,-0.03439838,-0.00801541,0.00173316,-0.06250644,0.04161999,-0.01259483,-0.03751732,0.00431772,-0.05551024,-0.06143836,-0.04576733,-0.03972394,0.07348473,-0.01854906,0.0070671,-0.03396947,0.00033021,-0.00687875,0.08946566,-0.00261315,0.00729898,0.02956646,0.05257992,0.08641501,0.11198484,-0.05227925,0.0116768,-0.02799237,-0.02575054,-0.01961152,0.10488081,0.06485774,-0.05361152,-0.03388882,0.00652202,0.03151818,-0.05991799,0.00552377,0.02367564,-0.02050023,-0.05427542,0.0712599,-0.03465998,0.0748417,-0.03165587,-0.0340749,0.00133742,0.03151265,-0.03308801,-0.06761541,0.02411471,0.02360474,-0.07590699,-0.03084512,-0.0371043,0.03398208,0.08899,-0.03958825,0.01755662,-0.02221694,-0.00388129,-0.00875392,-0.03846851,-0.09378745,-0.04534431,0.01705504,-0.02654314,0.09348819,0.01110498,-0.03723805,-0.08235653,0.02005754,0.04107568,0.0611467,-0.03058478,0.02087917,0.05287056,-0.01749522,0.02281615,0.04047346,0.11847003,-0.0361377,0.00789517,0.02337629,0.06563705,0.02537104,0.06477149,-0.02555075,0.01280278,-0.04352976,-0.23164183,0.00018674,-0.00111112,-0.04723994,0.05393761,-0.06432115,0.03954416,-0.02706987,0.03880342,-0.01151564,0.11288055,0.03748203,-0.07154056,0.01173795,-0.00358613,-0.01243959,-0.02623493,0.01808109,-0.01186978,0.03251043,-0.04357734,-0.01109817,-0.02409659,0.03952692,0.06090173,-0.07178901,0.15560299,0.01742227,-0.0077243,0.0081917,0.04068506,0.06212754,-0.03418726,-0.11678239,0.06542809,0.02691436,-0.086022,0.0285152,-0.01078603,-0.04564289,0.03932304,0.07173765,0.03446715,-0.03339006,-0.02578482,-0.05723459,-0.02704075,0.04439368,-0.01772003,0.08361926,0.012358,0.00822789,0.06574097,0.01887953,0.04291062,0.01138043,-0.05306646,0.0523734,-0.00679451,0.02844397,-0.00548988,0.00542752,0.02680296,-0.01622647,0.00013572,-0.01353461,0.02561972,0.0183879,-0.02459257,0.00464211,0.01298776,0.04219187,-0.02471422,-0.00683199,0.02130502,0.05548608,-0.00273503,-0.08258743,-0.06332044,-0.01242052,0.00217412,0.00684605,0.05329616,0.02689489,-0.01066232,0.07215652,0.02079969,-0.06204467,0.04066147,-0.04145202,-0.03108486,-0.0450643,0.00351758,-0.04303977,0.10221861,-0.06549966,-0.29150289,-0.00655247,-0.01453542,0.02492594,-0.0074206,0.03296506,-0.080155,-0.01814395,-0.10746384,0.06346251,-0.05888008,0.03745964,0.00272726,-0.05062472,-0.00519857,0.04152462,0.05153739,-0.01727389,0.09205154,-0.02454718,-0.04104646,0.02861173,0.18262088,0.08024295,-0.0110552,-0.0070873,-0.00851217,0.02166725,0.10242575,0.03678138,-0.07522696,0.00027149,0.14338776,0.01326957,0.09658968,0.0423657,-0.0366117,0.02678535,0.077637,0.01072251,-0.00166442,0.0464198,-0.07309706,0.02028626,0.09843124,-0.02009206,-0.0644891,-0.04812931,-0.01091925,0.02329763,-0.04692426,0.01360147,0.0168488,-0.03268233,0.03324601,0.01259483,0.01333755,-0.02341301,-0.01576498,0.06582267,0.01999508,0.01447165,0.03026032,0.03039658,0.08904758],"last_embed":{"tokens":491,"hash":"9pc8nm"}}},"text":null,"length":0,"last_read":{"hash":"9pc8nm","at":1783058594948},"key":"sales/gmb_note_final_v3.md#note第3弾 第3稿（GMB / 信頼獲得・GPTs布石版）─ 磨き上げ完成版#「保存する拡張」は、もうあった。でも僕は満足できなかった#{1}","lines":[51,68],"size":469,"outlinks":[],"class_name":"SmartBlock"},
"smart_blocks:sales/gmb_note_final_v3.md#note第3弾 第3稿（GMB / 信頼獲得・GPTs布石版）─ 磨き上げ完成版#作ったもの：朝、「前回の続き」がそこにある体験": {"path":null,"last_embed":{"hash":"2cz1r5","at":1783058595112},"embeddings":{"TaylorAI/bge-micro-v2":{"vec":[-0.01694962,-0.00976669,0.02116812,-0.01540805,0.03125405,-0.02819957,-0.05132838,0.04256764,0.02978269,0.012069,-0.02056611,-0.08474569,0.01313675,0.02304038,-0.02470491,-0.026329,0.00415421,-0.01267016,-0.03018536,0.00293091,0.07707042,-0.02345971,0.03065888,-0.00962781,0.04692771,0.02639072,-0.00389609,-0.04594781,-0.04170984,-0.1469862,-0.02069649,-0.01603937,0.08781845,-0.0280822,0.02227488,-0.01256897,-0.05986545,0.03698026,-0.03977532,0.04085877,0.01154875,0.05229031,-0.02722696,-0.04070326,0.00794063,-0.07508555,0.02140117,-0.00883997,-0.00248845,-0.04416203,-0.05720747,-0.02308505,0.00236631,-0.00462511,0.01175736,0.03105623,0.05722291,-0.01373162,0.00660224,0.06411882,0.05953805,0.0343424,-0.25042227,0.02400799,0.0220697,0.02916408,-0.04518828,0.01833926,-0.01569423,0.01447624,-0.02809446,0.01013536,-0.00025809,0.0496857,-0.02376317,0.00709741,0.00148497,-0.00164978,-0.05141888,-0.02586639,-0.03209925,-0.00367273,0.00970088,-0.03562626,-0.00586047,0.00356182,-0.01999391,0.01836767,0.00831888,0.08532298,0.00516438,-0.0286635,0.03010775,0.03242425,-0.08517364,0.00803585,0.01810151,0.03605865,-0.04905546,0.09996625,-0.04131064,0.03056351,0.0193509,-0.0058097,0.04992287,-0.00442625,-0.03039195,-0.03752306,0.00333895,0.00526468,0.01322968,-0.01819469,0.06236253,-0.03068387,-0.04976011,0.01908974,0.01773532,-0.04025835,0.01604722,-0.01043759,0.03274237,0.04982175,-0.02464478,0.00052306,-0.0000791,-0.0340269,0.03097669,0.03569269,0.04813265,0.05556719,0.00715823,0.03369981,-0.13021055,-0.02855268,-0.03000322,0.01696622,-0.02968652,0.00614513,-0.01135053,-0.01185255,-0.03108703,-0.08764265,-0.06513806,-0.0532888,-0.04636247,0.07935104,-0.02205265,0.01681771,-0.02063292,0.00677118,0.01202892,0.09826688,-0.00469058,-0.01462284,0.03959092,0.04121648,0.08045812,0.1102752,-0.04867293,-0.00182744,-0.04736383,-0.03774717,-0.04022834,0.10249924,0.05928234,-0.09264811,-0.01498272,0.02480311,0.03691182,-0.07663082,-0.01403481,0.03060837,0.00500626,-0.05682823,0.0880679,-0.03625485,0.08672271,0.00821139,0.00916292,0.04492243,0.03816395,-0.00207127,-0.0751747,0.01193972,0.02380704,-0.06959663,-0.03910355,-0.0213514,0.0313187,0.06882578,-0.05362487,0.00700829,0.00675232,0.00982974,0.00334026,-0.03713769,-0.10251293,-0.04223581,0.01801962,-0.03054548,0.12337112,0.01087134,-0.0396102,-0.07364991,0.00004434,0.03175718,0.0528329,-0.03339925,-0.01209368,0.02813178,0.0010693,0.00498153,0.05896135,0.10935704,-0.01413479,-0.03227418,0.01214498,0.04411048,-0.00450729,0.08678931,-0.04211994,0.01242506,-0.08373112,-0.23998772,0.0013866,0.05507386,-0.06525529,0.0138511,-0.03979958,0.05561549,-0.03383773,0.0508622,-0.00679623,0.08749506,0.04160961,-0.05522956,-0.05583598,0.00910229,-0.00239962,-0.01822336,0.05039906,-0.00380233,0.011449,-0.02729716,0.00980267,-0.0580673,0.00455115,0.07620641,-0.05727715,0.1541234,0.0297468,-0.04562952,-0.02091345,0.04757351,0.06195808,-0.04755884,-0.10407314,0.06224044,0.04769435,-0.0212491,0.0142835,0.00655055,-0.03098638,0.01339486,0.0723325,0.03096147,-0.02181848,-0.03076872,-0.04516739,0.01233046,0.00000616,0.00073381,0.0735606,0.01186266,0.01303158,0.06624179,0.04038044,0.06185802,-0.00630287,-0.0247363,0.02741408,-0.00556416,0.03287179,-0.00239858,0.00784705,-0.03597415,-0.00202019,-0.02057033,0.00431547,0.02502709,-0.01088575,-0.02778561,0.00090732,0.0384044,0.02898074,0.01057918,0.00541377,0.02709695,0.04607293,0.00966585,-0.06293079,-0.05263146,-0.00082475,-0.02266851,0.00109444,0.07394051,0.0303857,-0.01510436,0.05871071,0.01709068,-0.06905895,0.03553863,-0.02533073,-0.05322343,-0.01380037,0.00925685,-0.05902474,0.1189775,-0.0524236,-0.30512497,-0.00737767,-0.02315365,-0.01420207,-0.01535661,0.05962966,-0.02750033,-0.02429154,-0.10602225,0.03353579,-0.05893851,0.0229837,-0.00287271,-0.05484198,-0.01065763,0.01734801,0.08068007,-0.03604895,0.06454496,-0.02109667,-0.03374038,0.01493413,0.1927416,0.07391756,-0.02109764,0.00869922,-0.04465049,0.01016744,0.08494714,0.03046884,-0.06400704,0.01682757,0.12131408,-0.01073425,0.09068927,0.01633161,-0.02836867,-0.00358397,0.04175302,-0.0076057,-0.01503824,0.03873837,-0.07476293,0.02080635,0.10049313,0.01093414,-0.11403982,-0.06606515,-0.0023896,0.00260279,-0.06098438,-0.01407529,0.00262827,-0.02858097,0.03387179,0.02849101,-0.00204475,-0.01690151,-0.02912024,0.04877299,0.02480436,-0.00059328,-0.00546147,0.04291033,0.06963782],"last_embed":{"tokens":259,"hash":"2cz1r5"}}},"text":null,"length":0,"last_read":{"hash":"2cz1r5","at":1783058595112},"key":"sales/gmb_note_final_v3.md#note第3弾 第3稿（GMB / 信頼獲得・GPTs布石版）─ 磨き上げ完成版#作ったもの：朝、「前回の続き」がそこにある体験","lines":[69,90],"size":776,"outlinks":[],"class_name":"SmartBlock"},
"smart_blocks:sales/gmb_note_final_v3.md#note第3弾 第3稿（GMB / 信頼獲得・GPTs布石版）─ 磨き上げ完成版#作ったもの：朝、「前回の続き」がそこにある体験#{1}": {"path":null,"last_embed":{"hash":"1ak7khh","at":1783058595176},"embeddings":{"TaylorAI/bge-micro-v2":{"vec":[-0.01278999,-0.00854165,0.02120513,-0.01647626,0.02824025,-0.02779935,-0.05005035,0.04556382,0.03263019,0.01052653,-0.02287619,-0.08267317,0.01255424,0.02182466,-0.02423457,-0.02706337,0.0048814,-0.01162528,-0.02912727,0.0025718,0.07878248,-0.02449856,0.03207833,-0.00820205,0.04853645,0.02561607,-0.00483174,-0.04494983,-0.04119321,-0.1459083,-0.01927982,-0.01677771,0.09044992,-0.03048202,0.02560506,-0.01027896,-0.06096935,0.03702731,-0.03957204,0.03926167,0.01306434,0.05206595,-0.0240617,-0.04067659,0.0069622,-0.07563422,0.02197981,-0.01048595,-0.00070715,-0.04159043,-0.05669611,-0.02171841,0.00334299,-0.0064109,0.01131268,0.02978345,0.05669576,-0.01479638,0.00561596,0.06349002,0.05741843,0.03301067,-0.25055179,0.02487602,0.01988403,0.0297605,-0.04664763,0.02023087,-0.019254,0.01511243,-0.02914039,0.01085003,-0.00075237,0.0475965,-0.02247303,0.00377359,-0.00031223,-0.0001154,-0.0506427,-0.02684581,-0.03175016,-0.00034354,0.00662114,-0.03497462,-0.00669996,0.00084892,-0.02076011,0.01613672,0.00947235,0.0854267,0.00422193,-0.02887876,0.03025342,0.03418608,-0.08482449,0.00798131,0.01825973,0.0372793,-0.04774997,0.10039598,-0.04305793,0.03070559,0.02180337,-0.00706264,0.05040408,-0.00359484,-0.03121869,-0.04156617,0.0030574,0.00594398,0.01379124,-0.01644104,0.0602363,-0.03396555,-0.04831808,0.01749714,0.0187878,-0.03852605,0.0138296,-0.01003891,0.03252525,0.04871434,-0.02834329,0.0012931,0.00060388,-0.03414582,0.03033934,0.03665153,0.04806378,0.05762027,0.00742175,0.03204491,-0.1296469,-0.02718659,-0.02975304,0.01457247,-0.03217341,0.00724314,-0.0134457,-0.01224637,-0.02939215,-0.08884206,-0.06455009,-0.05373711,-0.04685539,0.07790201,-0.02294235,0.01671077,-0.01984667,0.00787072,0.01139387,0.09672629,-0.00416428,-0.01784506,0.04170973,0.04269455,0.08066695,0.10827918,-0.04793163,-0.00018624,-0.04756318,-0.0393191,-0.04060933,0.10290077,0.062575,-0.09236469,-0.01455271,0.02721398,0.03671919,-0.07667669,-0.01344112,0.03143318,0.00500274,-0.0564637,0.08742881,-0.03812743,0.08719496,0.00716165,0.00451047,0.04588179,0.03670188,-0.00218158,-0.07283691,0.00984873,0.02187297,-0.06722662,-0.03778031,-0.02448685,0.03086177,0.06778777,-0.0519814,0.00687717,0.00472499,0.00926889,0.0015864,-0.0365335,-0.10105629,-0.04151119,0.01953765,-0.03115615,0.12447126,0.00760093,-0.03510119,-0.07435236,0.00210276,0.0325487,0.05434943,-0.0329637,-0.01386359,0.02752475,0.00179906,0.00508761,0.05884143,0.1072158,-0.01638404,-0.03065489,0.01195822,0.04733885,-0.0023061,0.08564472,-0.04297234,0.01054392,-0.08702858,-0.23851706,0.00097422,0.05624973,-0.06377968,0.0148723,-0.04049077,0.05318623,-0.03412158,0.04839015,-0.00809924,0.08609068,0.04401188,-0.05600372,-0.05368667,0.00863226,-0.00272188,-0.01910177,0.05306206,-0.00526127,0.0139747,-0.0267212,0.00964174,-0.05824316,0.00625977,0.07764839,-0.05772882,0.15405098,0.03085263,-0.04541149,-0.0219092,0.04555558,0.06075895,-0.04822134,-0.10273158,0.06500342,0.0468865,-0.02138437,0.01325053,0.00806501,-0.03159442,0.01072578,0.07280822,0.03187685,-0.01736302,-0.03039897,-0.04593523,0.01242811,0.00278808,0.00048859,0.07607658,0.00984276,0.011097,0.06776971,0.04279104,0.06060343,-0.00860493,-0.02672289,0.02330927,-0.00576212,0.03445392,-0.00328939,0.01256039,-0.03479735,-0.00427166,-0.02121721,0.00426165,0.02516309,-0.0079526,-0.02882351,0.00548032,0.04053599,0.03009572,0.01038902,0.0040688,0.02752634,0.04527776,0.00751246,-0.06433723,-0.05315359,-0.00141377,-0.02134363,-0.00029755,0.07138843,0.03093567,-0.01680803,0.05891409,0.01760536,-0.0726287,0.0367732,-0.02644139,-0.05218181,-0.01558763,0.00863787,-0.05606821,0.11716209,-0.05072946,-0.3076084,-0.00771834,-0.02631857,-0.01454124,-0.014362,0.05945375,-0.02657363,-0.02479205,-0.10540055,0.03459109,-0.05761616,0.02389889,-0.00188251,-0.05582557,-0.01316745,0.01771813,0.0779447,-0.03355872,0.06637661,-0.0217727,-0.03153161,0.01622931,0.19443491,0.07426523,-0.02127725,0.00635437,-0.04493026,0.01176868,0.08482412,0.03165423,-0.06260045,0.01682696,0.12109044,-0.01013365,0.09022309,0.01682544,-0.0283548,-0.00479218,0.04242567,-0.00730709,-0.01454195,0.03757659,-0.07535252,0.01873427,0.10098406,0.01310837,-0.11246688,-0.06816512,-0.00252351,0.00297087,-0.06224919,-0.01016921,0.00517253,-0.02919116,0.03728757,0.02350318,-0.00175167,-0.01797459,-0.02887115,0.0452487,0.0253454,0.00030863,-0.0021082,0.0424768,0.06981453],"last_embed":{"tokens":258,"hash":"1ak7khh"}}},"text":null,"length":0,"last_read":{"hash":"1ak7khh","at":1783058595176},"key":"sales/gmb_note_final_v3.md#note第3弾 第3稿（GMB / 信頼獲得・GPTs布石版）─ 磨き上げ完成版#作ったもの：朝、「前回の続き」がそこにある体験#{1}","lines":[71,90],"size":748,"outlinks":[],"class_name":"SmartBlock"},
"smart_blocks:sales/gmb_note_final_v3.md#note第3弾 第3稿（GMB / 信頼獲得・GPTs布石版）─ 磨き上げ完成版#使ってみて、こう変わった": {"path":null,"last_embed":{"hash":"1t5p69j","at":1783058595238},"embeddings":{"TaylorAI/bge-micro-v2":{"vec":[-0.02662668,0.01939996,-0.00160488,-0.03429466,0.00613129,-0.01987127,-0.0289816,0.03084422,0.03226694,-0.00594348,-0.02935935,-0.09865025,0.02082334,-0.00773659,-0.02092437,-0.03523773,-0.00676076,-0.02611522,-0.04137469,0.00387671,0.09135492,-0.01532212,0.03009963,-0.01058437,0.02451568,-0.00577321,-0.01739796,-0.03534881,-0.04379427,-0.14498243,-0.02998237,-0.02802818,0.05668007,-0.02757682,0.02774568,0.00513973,-0.05349459,0.02410415,-0.06529736,0.03491306,0.01018232,0.04430968,-0.01966728,-0.046353,0.01756389,-0.06345049,-0.01278529,-0.00284467,0.01784249,-0.05483951,-0.04157972,0.00895619,0.00289731,-0.00282546,0.00240335,0.0058195,0.0338925,-0.01177734,0.00800815,0.05364532,0.0649425,0.02678562,-0.24098623,0.03528314,-0.00076825,0.03766476,-0.02719015,0.01491977,-0.01423029,0.01818383,-0.04788474,-0.01596902,-0.01721291,0.07415481,-0.04500263,0.00305574,0.02602339,0.00110053,-0.04861813,-0.02106138,-0.03666733,0.00121707,0.00744956,-0.00902905,-0.01392894,-0.02196685,0.00215719,0.01362544,0.02767088,0.06859634,-0.00026563,-0.03886901,0.01273972,0.03894986,-0.06668562,0.02197305,0.05240531,0.0336719,-0.0634853,0.10186623,-0.01787896,0.00947852,0.01441801,-0.02918416,0.03716584,-0.00815392,-0.00980406,-0.050097,0.00292982,0.00984667,0.00238701,-0.01980816,0.04644667,-0.03025948,-0.04076926,0.01978389,0.01763128,-0.05547992,0.0318706,-0.03035483,0.03505882,0.06333666,-0.00281582,0.00859305,-0.00094581,-0.05353243,0.02041391,0.04243385,0.03152873,0.03846952,0.01906148,0.03303279,-0.14838807,-0.05206918,0.00388429,-0.00552493,-0.04782681,0.02961639,-0.01780155,-0.00172954,-0.02784942,-0.05910007,-0.05176809,-0.05067066,-0.04056204,0.08024752,-0.01563139,0.01405698,-0.02847496,-0.00092983,0.01143333,0.0951956,0.01362637,-0.01039357,0.03266035,0.05004131,0.09628362,0.10814595,-0.07789081,-0.00984875,-0.01180079,-0.02383384,-0.03142845,0.10662463,0.05190822,-0.08338269,-0.02738218,-0.0112921,0.03855558,-0.06587836,-0.00079938,0.03073327,-0.02616463,-0.05244267,0.08855741,-0.04323326,0.09587597,-0.00370333,0.00868351,0.04601053,0.01365501,-0.01262945,-0.07411711,0.02183902,0.00543732,-0.06752423,-0.01432887,-0.01868812,0.05046834,0.06447674,-0.04524031,0.02839836,-0.00113586,0.02040104,-0.00928063,-0.05047537,-0.09564515,-0.04072795,0.02656812,-0.02918078,0.11700217,0.00309602,-0.02830424,-0.06715067,0.02639275,0.04450365,0.06395492,-0.0313336,0.01073233,0.01221921,-0.00674443,0.0196693,0.04284742,0.11452372,-0.02342776,-0.03069214,0.03261423,0.05642036,0.00738161,0.08671924,-0.03879432,0.03733076,-0.04322413,-0.23136152,0.0005414,0.02613149,-0.08218315,0.02864541,-0.03994418,0.05463828,-0.03180155,0.05302156,0.01222881,0.09624976,0.03736249,-0.0549481,-0.02346901,-0.01050676,-0.0188694,-0.03973604,0.03941587,-0.00319548,0.01369259,-0.02465664,-0.0095906,-0.05190919,0.00561957,0.06704466,-0.06907273,0.14858767,0.03223165,-0.02256604,-0.01226448,0.04854369,0.05439124,-0.04204533,-0.11445197,0.06261659,0.05331343,-0.03852018,0.02416317,-0.01014947,-0.02656384,0.01231066,0.07649693,0.03708718,-0.03043347,-0.03674533,-0.06106976,0.00536168,0.03433498,-0.00298611,0.08055005,0.02235361,0.02473307,0.05785983,0.02819452,0.04699764,-0.00428226,-0.03727336,0.02779019,-0.01812045,0.02801893,0.00195058,0.00117078,-0.01668244,0.00417882,-0.0358333,0.00404641,0.03580039,0.00852379,-0.014915,0.01045899,0.0381737,0.0573688,-0.01340985,0.01099011,0.00987027,0.04036494,0.00834666,-0.08196089,-0.05280798,-0.01124012,-0.01310034,0.00838592,0.06230554,0.00378016,-0.03570177,0.05800182,0.02363309,-0.07001465,0.01728555,-0.03324913,-0.03589152,-0.01863541,0.01034635,-0.04905093,0.09484075,-0.03993696,-0.29944348,-0.0039763,-0.0213921,0.00258158,-0.00492391,0.06470528,-0.0502412,-0.03337222,-0.11986443,0.0586844,-0.0742168,0.01371854,-0.0163896,-0.06189863,0.00048368,0.03233147,0.08088529,-0.0189817,0.08142904,-0.01956675,-0.02847953,0.02896428,0.19937944,0.08788458,-0.02263057,0.00007937,-0.03430015,0.01808468,0.11576033,0.01296959,-0.03952752,0.01319568,0.12328758,-0.00308086,0.09102294,0.04176658,-0.04517264,0.0138866,0.06364025,0.00270038,-0.00273437,0.02040364,-0.04837591,0.01517526,0.0922424,0.0055679,-0.09018966,-0.07824466,-0.02148184,0.02359906,-0.05793137,-0.00143614,-0.01217705,-0.04274274,0.04417306,0.02313235,0.00493118,-0.01851185,-0.02677695,0.07011759,0.02580429,-0.01900072,0.00013165,0.03754748,0.08443217],"last_embed":{"tokens":291,"hash":"1t5p69j"}}},"text":null,"length":0,"last_read":{"hash":"1t5p69j","at":1783058595238},"key":"sales/gmb_note_final_v3.md#note第3弾 第3稿（GMB / 信頼獲得・GPTs布石版）─ 磨き上げ完成版#使ってみて、こう変わった","lines":[91,100],"size":575,"outlinks":[],"class_name":"SmartBlock"},
"smart_blocks:sales/gmb_note_final_v3.md#note第3弾 第3稿（GMB / 信頼獲得・GPTs布石版）─ 磨き上げ完成版#使ってみて、こう変わった#{1}": {"path":null,"last_embed":{"hash":"12nbfyj","at":1783058595309},"embeddings":{"TaylorAI/bge-micro-v2":{"vec":[-0.02543332,0.01997367,-0.0007249,-0.03247537,0.00424887,-0.02078097,-0.02592979,0.03338507,0.03455753,-0.00512963,-0.0302547,-0.09920912,0.02069971,-0.00768219,-0.02072789,-0.0372994,-0.00601329,-0.02462787,-0.04461513,0.00203949,0.09523025,-0.01555668,0.02783443,-0.01276515,0.02582212,-0.00664892,-0.01872458,-0.03430975,-0.0446636,-0.14349893,-0.03063464,-0.03037156,0.06164018,-0.03071686,0.03111761,0.0074612,-0.05432171,0.02286323,-0.06816063,0.03216167,0.00941279,0.04308137,-0.01591562,-0.04401106,0.01857006,-0.06323352,-0.01424841,-0.00477564,0.01866573,-0.05268325,-0.04099805,0.0086501,0.00082311,-0.00480884,0.00278183,0.00574739,0.03478197,-0.0123729,0.00837877,0.05220823,0.06230523,0.02486297,-0.23743907,0.03424625,-0.00170694,0.03717557,-0.02481288,0.0137386,-0.01408686,0.01791737,-0.04832581,-0.01875258,-0.01755963,0.0732471,-0.04565748,0.00313147,0.02574413,0.00163609,-0.04850606,-0.02193124,-0.0382996,0.00570215,0.00745586,-0.00452471,-0.01377843,-0.02194797,0.00075588,0.01036124,0.02917594,0.07036173,-0.00155519,-0.04124385,0.01145715,0.03981799,-0.06830281,0.02266981,0.05265556,0.03293592,-0.06225762,0.09991664,-0.01612897,0.00996955,0.01530119,-0.03363173,0.03736134,-0.01158399,-0.01403781,-0.05090087,0.00236676,0.01125808,0.0022727,-0.01968906,0.04444499,-0.03117738,-0.04016754,0.02096111,0.01671156,-0.05301888,0.02920374,-0.02877008,0.03581446,0.06273137,-0.00462085,0.00709986,-0.00353982,-0.05443144,0.02077206,0.04449039,0.03181142,0.03694199,0.02027644,0.02952839,-0.14741398,-0.0521526,0.00394468,-0.00634406,-0.04813023,0.02921448,-0.01696493,-0.00244861,-0.02484428,-0.05994998,-0.0521248,-0.04934547,-0.04103175,0.07969393,-0.01670929,0.01004235,-0.0288929,0.00166334,0.01066516,0.09287205,0.01354268,-0.00902416,0.03271203,0.05119117,0.09508947,0.11010312,-0.07586244,-0.00943362,-0.01405285,-0.02111419,-0.03223935,0.10816057,0.05188862,-0.08315345,-0.0286513,-0.01066317,0.03662322,-0.06324694,-0.00025384,0.03252156,-0.02762026,-0.05003184,0.08960374,-0.04309703,0.09583402,-0.00497152,0.00540847,0.04493091,0.01173228,-0.01284741,-0.07198902,0.02409816,0.00489985,-0.06483173,-0.01386245,-0.0193715,0.04920928,0.06482669,-0.04377006,0.03044556,-0.00283054,0.02229607,-0.0123187,-0.05230671,-0.09461642,-0.0414325,0.02568781,-0.03125021,0.12040307,0.00203492,-0.02729447,-0.06722282,0.03023214,0.04378534,0.06649731,-0.03111378,0.0100058,0.01330011,-0.00514614,0.019432,0.04147721,0.11402836,-0.02088514,-0.03130817,0.03090883,0.05906562,0.00770505,0.08551561,-0.03977425,0.03630947,-0.04437412,-0.23164724,0.00003461,0.02596026,-0.07944761,0.02821728,-0.03971423,0.05099178,-0.02979223,0.05261889,0.01088835,0.09365965,0.03711815,-0.05371154,-0.02253195,-0.0112979,-0.01710631,-0.04179734,0.04037357,-0.00448467,0.0187796,-0.02302757,-0.01132741,-0.04969485,0.00963684,0.06957316,-0.06990067,0.14640675,0.03305167,-0.02228897,-0.01120115,0.04675058,0.05275986,-0.04310951,-0.11217384,0.06532981,0.05181925,-0.03843967,0.0211289,-0.00868649,-0.02973185,0.01099463,0.07683915,0.03723674,-0.02885876,-0.03627204,-0.06054166,0.00564298,0.03463477,-0.00147198,0.0803614,0.0220211,0.02459499,0.05903577,0.02916642,0.04881439,-0.00487886,-0.0401791,0.02333499,-0.01952984,0.02890987,0.00355192,0.00406848,-0.01593029,0.00409227,-0.03782508,0.0069769,0.03601369,0.01196318,-0.01449115,0.01419407,0.03766841,0.05813721,-0.01049174,0.00922959,0.00817552,0.04140482,0.00472831,-0.0826503,-0.0533119,-0.01064976,-0.01226803,0.00794251,0.06276084,0.00619954,-0.03289802,0.05827168,0.02292885,-0.07406626,0.01746084,-0.03624478,-0.03587856,-0.01995109,0.01056806,-0.04509259,0.09343015,-0.04142594,-0.30113944,-0.00467192,-0.02321984,0.00209874,-0.00573766,0.06564973,-0.04930134,-0.03348056,-0.11900481,0.05853447,-0.07588177,0.01464623,-0.01477021,-0.06350666,-0.00108575,0.03342573,0.07857525,-0.01853732,0.08456161,-0.01863074,-0.02769616,0.02905981,0.20087008,0.08631705,-0.02174044,0.00020067,-0.03295026,0.01784679,0.11651865,0.01281918,-0.03607954,0.01296129,0.12288157,-0.00157108,0.09176283,0.04019452,-0.04664243,0.01471498,0.06842779,0.0029466,-0.00459634,0.0176951,-0.05127283,0.0122851,0.09168939,0.00721924,-0.08879912,-0.08090778,-0.02242429,0.02650681,-0.057802,0.00184293,-0.01059519,-0.04208491,0.04617986,0.02102965,0.00478894,-0.02024614,-0.02628441,0.06915674,0.02637283,-0.01956069,0.00221735,0.03849842,0.08375386],"last_embed":{"tokens":290,"hash":"12nbfyj"}}},"text":null,"length":0,"last_read":{"hash":"12nbfyj","at":1783058595309},"key":"sales/gmb_note_final_v3.md#note第3弾 第3稿（GMB / 信頼獲得・GPTs布石版）─ 磨き上げ完成版#使ってみて、こう変わった#{1}","lines":[93,100],"size":558,"outlinks":[],"class_name":"SmartBlock"},
"smart_blocks:sales/gmb_note_final_v3.md#note第3弾 第3稿（GMB / 信頼獲得・GPTs布石版）─ 磨き上げ完成版#この記事で、いちばん伝えたかったこと": {"path":null,"last_embed":{"hash":"12q09cu","at":1783058595381},"embeddings":{"TaylorAI/bge-micro-v2":{"vec":[-0.04747849,0.02294617,-0.00253959,-0.03195813,-0.00193207,-0.0063823,-0.02605671,0.03758642,0.05177123,-0.00350746,-0.04629738,-0.07165669,0.03155892,0.01484396,-0.03024371,-0.03656149,0.00647285,-0.01664045,-0.05962265,0.00915261,0.10734145,-0.01524647,0.03265499,-0.00638099,0.02820526,-0.00579245,-0.02702718,-0.02038461,-0.04400599,-0.1417634,-0.04123804,-0.01011267,0.07492008,-0.02419684,0.02525746,0.00688918,-0.05413839,0.03035587,-0.06570062,0.0364986,0.01591996,0.03248282,-0.00899482,-0.04395017,0.01418307,-0.07499935,-0.01109123,-0.0309528,0.01505829,-0.05893976,-0.03986942,0.00089423,-0.00017658,0.01473519,0.01037228,-0.00180693,0.02951857,0.00142492,0.01536823,0.04406936,0.07418556,0.01622129,-0.24344425,0.03566952,-0.00231331,0.03433575,-0.02306869,-0.00076297,-0.01639405,0.00702802,-0.02523385,-0.01806298,-0.02818264,0.0752992,-0.0552384,0.00802488,0.02531335,-0.00637927,-0.05613934,-0.02705971,-0.01525564,-0.00704114,0.02747522,-0.00381681,-0.02116123,-0.00954682,0.03066712,-0.0081618,0.03068574,0.06014306,-0.00240112,-0.04547197,0.02023485,0.04686875,-0.07382771,0.00258304,0.04424419,0.04449346,-0.06225333,0.10646418,-0.01324631,-0.00825789,0.00714486,-0.04034774,0.04358465,-0.01197482,0.00185307,-0.05054095,-0.01462627,-0.00158987,-0.02126859,-0.02466496,0.04927959,-0.03008978,-0.03347667,0.03648029,0.03649726,-0.06255445,0.022405,-0.02560094,0.05915612,0.04625089,-0.01057932,0.01719533,0.00024802,-0.05004356,0.01609983,0.04010969,0.0414499,0.02179164,0.02906763,0.02958477,-0.13701153,-0.04591823,0.0132971,0.00087838,-0.03849589,0.04601479,-0.01024287,-0.01736761,-0.00460511,-0.0567255,-0.05579862,-0.06643128,-0.04358649,0.08146237,-0.02264723,0.00401114,-0.02940777,-0.00167943,-0.01409316,0.08061741,0.00674717,-0.00121185,0.02157818,0.04876232,0.08847495,0.11947838,-0.06354223,-0.01303297,-0.02597628,-0.01784882,-0.03047272,0.0804261,0.05964528,-0.05598638,-0.0398483,-0.00358543,0.03024631,-0.06832426,0.00596077,0.0297619,-0.0226079,-0.05880554,0.0817185,-0.03082297,0.11906175,0.00376639,0.0051202,0.01722652,0.00586798,-0.02479834,-0.06607641,0.01411686,0.0259222,-0.06740405,-0.02775402,-0.04538776,0.05122857,0.07904886,-0.04653554,0.01009878,-0.00117529,0.03192455,-0.02745945,-0.05285536,-0.09895941,-0.05082766,0.01272155,-0.04005901,0.10503834,0.00837893,-0.0300273,-0.09594236,0.02794999,0.04011066,0.07153872,-0.03263274,0.00569013,0.03375535,-0.02569828,0.03193671,0.03512687,0.1064136,-0.01026651,-0.02048441,0.02419292,0.06293844,0.01906712,0.07307742,-0.02504554,0.00603751,-0.04019464,-0.23436014,-0.00399047,0.0243776,-0.08310425,0.04233634,-0.045451,0.06214073,-0.02887059,0.05526121,0.00122216,0.09030348,0.02640461,-0.04555124,-0.00825561,0.00347797,-0.00667666,-0.01748098,0.01030196,0.00021621,0.00723314,-0.02708749,0.00103588,-0.03799673,0.03082464,0.07161237,-0.05247356,0.14845125,0.02676432,-0.01062749,0.00420727,0.03920964,0.06391767,-0.0361203,-0.10039207,0.05645931,0.05967037,-0.05688732,0.02889223,-0.00890995,-0.04693022,0.01697092,0.07417781,0.03782861,-0.03003984,-0.03479541,-0.06503256,-0.00195696,0.00669369,-0.02532498,0.08104351,0.01795091,0.01894971,0.06772702,0.01448188,0.03396129,0.01848889,-0.03446548,0.03123185,-0.00988427,0.02999979,0.00666085,-0.00023137,-0.00117691,-0.01518978,-0.03074662,0.0020767,0.03408571,0.01484022,-0.0145144,0.01448846,0.01184211,0.0539199,-0.01736114,0.00679768,0.01258839,0.04715466,0.01399019,-0.08290591,-0.04495716,-0.00416331,-0.01564354,0.01198049,0.05984689,0.01331175,-0.02976485,0.07712387,0.02800744,-0.0824011,0.03236332,-0.03970883,-0.04192802,-0.0258924,-0.00277987,-0.05213572,0.10198866,-0.03786847,-0.28824857,-0.01390403,-0.01588634,0.01839495,-0.01418803,0.04904079,-0.06801485,-0.02576702,-0.10714195,0.06897866,-0.08062291,0.03524395,-0.00593205,-0.05688777,0.00001853,0.02067361,0.06101486,-0.02311549,0.08212725,-0.0338534,-0.04021481,0.02094446,0.19005333,0.08524634,-0.0299213,-0.01189505,-0.01051566,0.01214894,0.0958278,0.02121558,-0.05292526,0.00290469,0.15566345,0.00653659,0.0835445,0.04526247,-0.04945106,0.03335855,0.05555202,-0.00494283,-0.00580917,0.04509518,-0.06599277,0.02630318,0.1037728,-0.00098472,-0.09266447,-0.059686,-0.01964452,0.02662244,-0.04510058,0.00511438,-0.01584681,-0.04113083,0.03206779,0.01935834,-0.00980114,-0.01551829,-0.02810126,0.06438293,0.01244969,-0.00480237,0.0107746,0.03265625,0.07521773],"last_embed":{"tokens":472,"hash":"12q09cu"}}},"text":null,"length":0,"last_read":{"hash":"12q09cu","at":1783058595381},"key":"sales/gmb_note_final_v3.md#note第3弾 第3稿（GMB / 信頼獲得・GPTs布石版）─ 磨き上げ完成版#この記事で、いちばん伝えたかったこと","lines":[101,112],"size":452,"outlinks":[],"class_name":"SmartBlock"},
"smart_blocks:sales/gmb_note_final_v3.md#note第3弾 第3稿（GMB / 信頼獲得・GPTs布石版）─ 磨き上げ完成版#この記事で、いちばん伝えたかったこと#{1}": {"path":null,"last_embed":{"hash":"wwsz0l","at":1783058595480},"embeddings":{"TaylorAI/bge-micro-v2":{"vec":[-0.04619638,0.02186208,-0.00115149,-0.03158096,-0.00330516,-0.00333312,-0.02183527,0.03975469,0.05447368,-0.00268732,-0.04970054,-0.06802472,0.0321574,0.01600104,-0.02956777,-0.03883653,0.00821005,-0.01515505,-0.05993862,0.00775921,0.11213451,-0.01433448,0.03292147,-0.00717272,0.0313391,-0.00487404,-0.02916756,-0.01489358,-0.04416055,-0.13974063,-0.04116946,-0.01060231,0.07912395,-0.02664567,0.02655026,0.00910138,-0.05568983,0.02927367,-0.06430694,0.03624107,0.01292404,0.0303557,-0.00651718,-0.04261839,0.01623315,-0.0766764,-0.00956692,-0.03435452,0.01777257,-0.05700919,-0.03960677,0.00017432,0.00141413,0.0149649,0.01053638,-0.001364,0.03036346,0.00047271,0.01586617,0.04365681,0.07337987,0.01525474,-0.24144492,0.03711968,-0.00078553,0.03318143,-0.02211701,0.000025,-0.01750946,0.00780062,-0.02522483,-0.02162301,-0.02644611,0.07440057,-0.05372657,0.00593172,0.02401952,-0.00539874,-0.05626956,-0.0282562,-0.0159806,-0.00584469,0.02607633,-0.00348788,-0.02275663,-0.00955136,0.03027239,-0.01062254,0.03130449,0.06157687,-0.00264796,-0.04571802,0.01912463,0.04781998,-0.0747111,0.00312015,0.0407732,0.04377719,-0.06209516,0.10465134,-0.01324887,-0.00587499,0.00504283,-0.04285338,0.04250393,-0.01353646,0.00073427,-0.05235031,-0.01609031,-0.00163071,-0.02005376,-0.02466527,0.04858857,-0.03009044,-0.03220556,0.03877466,0.03803558,-0.06205682,0.01947989,-0.02234708,0.05848739,0.0445706,-0.0117102,0.01700235,-0.00159549,-0.05137592,0.01620308,0.04145819,0.04093271,0.02090322,0.02925471,0.02656523,-0.13750282,-0.04351432,0.01352268,-0.00118838,-0.03892119,0.04581629,-0.00975013,-0.01743216,-0.00192932,-0.05779356,-0.05590134,-0.06486336,-0.04572732,0.08258278,-0.02313772,0.00157463,-0.02751392,-0.00246475,-0.0183317,0.07964893,0.00501241,0.00026149,0.01981946,0.04764806,0.08752209,0.11965749,-0.06179605,-0.01249142,-0.02978402,-0.01444422,-0.03208863,0.08242038,0.06050333,-0.05529272,-0.04112717,-0.00348235,0.02735621,-0.06921235,0.00616045,0.02891152,-0.02314838,-0.05782336,0.08101314,-0.03022599,0.12038529,0.00399895,0.00386892,0.01536438,0.00523711,-0.02538543,-0.06351694,0.01467531,0.02466307,-0.06397428,-0.02789138,-0.04586907,0.04994345,0.07812148,-0.0458351,0.0123466,-0.00042556,0.03267853,-0.02936317,-0.05439633,-0.09772449,-0.05067885,0.01208059,-0.04187785,0.10782993,0.00662685,-0.03011003,-0.09579542,0.03023045,0.03963597,0.07028884,-0.03205933,0.00592971,0.03368708,-0.02546504,0.03267341,0.03536097,0.10582534,-0.00971434,-0.02012347,0.0237577,0.06332921,0.0194616,0.07370778,-0.02378838,0.00430478,-0.04044167,-0.23483914,-0.00384624,0.02401637,-0.08261927,0.04051973,-0.04715537,0.06152315,-0.02920111,0.0564222,0.00115241,0.08799493,0.02591837,-0.04575452,-0.00913769,0.004612,-0.00615454,-0.01706151,0.00913658,-0.00124266,0.01176547,-0.02676801,0.00021759,-0.03889736,0.03244019,0.07395087,-0.05295176,0.14744845,0.02695394,-0.01275449,0.00175101,0.03931983,0.06254283,-0.03575734,-0.0984017,0.05863174,0.05875349,-0.0558997,0.02809682,-0.00902107,-0.048079,0.01292688,0.07475166,0.03993923,-0.02771101,-0.03578695,-0.06562064,-0.00081536,0.00483391,-0.02288231,0.08182954,0.01790611,0.01765525,0.06722594,0.0166313,0.03618632,0.01853327,-0.03547093,0.02824361,-0.01257205,0.03204504,0.00716683,0.00256694,0.00118397,-0.01599444,-0.03072075,0.00412522,0.03485504,0.0164238,-0.01548501,0.01863988,0.00979665,0.05621511,-0.01484518,0.00785315,0.01253017,0.04846941,0.01330188,-0.08342104,-0.04299617,-0.00408679,-0.01635004,0.01146371,0.06036745,0.01500407,-0.02888599,0.07609203,0.02760565,-0.08784822,0.0333401,-0.04016506,-0.04445798,-0.02652431,-0.00364306,-0.04772336,0.10222348,-0.03996795,-0.28968996,-0.01627829,-0.01995765,0.01624757,-0.01461062,0.04804236,-0.06665813,-0.02734358,-0.10572062,0.06861835,-0.08231865,0.03575024,-0.00515974,-0.05739497,-0.00188104,0.02060659,0.0581987,-0.02107575,0.08130793,-0.03350084,-0.0387352,0.02070736,0.19048616,0.08565938,-0.0300574,-0.01304323,-0.00959939,0.01364968,0.09513278,0.02215718,-0.04939593,0.00150232,0.15510143,0.00949484,0.08481612,0.04338978,-0.04873771,0.0350268,0.05875281,-0.00555737,-0.00667736,0.0422109,-0.06563492,0.02365201,0.1039776,0.00112669,-0.09274577,-0.05999374,-0.01972957,0.02568273,-0.04484182,0.00800055,-0.01571734,-0.04006607,0.03363536,0.0169338,-0.01008533,-0.01668213,-0.02776044,0.0627182,0.01318524,-0.00543742,0.01033717,0.03242042,0.07295568],"last_embed":{"tokens":471,"hash":"wwsz0l"}}},"text":null,"length":0,"last_read":{"hash":"wwsz0l","at":1783058595480},"key":"sales/gmb_note_final_v3.md#note第3弾 第3稿（GMB / 信頼獲得・GPTs布石版）─ 磨き上げ完成版#この記事で、いちばん伝えたかったこと#{1}","lines":[103,112],"size":429,"outlinks":[],"class_name":"SmartBlock"},
"smart_blocks:sales/gmb_note_final_v3.md#note第3弾 第3稿（GMB / 信頼獲得・GPTs布石版）─ 磨き上げ完成版#無料で公開しています（そして、次回予告）": {"path":null,"last_embed":{"hash":"1bf5zfd","at":1783058595608},"embeddings":{"TaylorAI/bge-micro-v2":{"vec":[-0.03012844,0.00524779,-0.00189254,-0.03908636,-0.0042132,-0.01521174,-0.04577831,0.03798607,0.04513217,-0.01477873,-0.03775496,-0.09917231,0.00634351,-0.00392639,-0.00513944,-0.02442787,0.00235536,-0.03547611,-0.05185224,0.00469652,0.09287103,-0.00828778,0.0417352,0.00928893,0.02536506,0.01602876,-0.0216473,-0.04782625,-0.01177952,-0.12498844,-0.02738502,-0.03634621,0.06292406,-0.03950886,0.03479031,-0.02439186,-0.03526858,0.024723,-0.06481715,0.03211663,0.02925775,0.04081884,-0.03036974,-0.01666412,0.01271838,-0.06405911,0.01512883,0.00797522,0.01706416,-0.05630236,0.00436683,0.01072183,0.01600821,-0.00832129,-0.00682628,0.00465311,0.01718943,-0.00571071,-0.00314737,0.05789064,0.09434793,0.0354493,-0.23964617,0.04500027,-0.00834169,0.04831933,-0.02867259,-0.00664184,-0.03196492,0.02724057,-0.04022959,-0.0202641,-0.02524071,0.0905238,-0.03811609,0.00779564,0.01534287,-0.02469645,-0.05741916,-0.04623395,-0.02481524,-0.02238234,0.00748507,-0.01123532,-0.00200655,-0.02805269,0.00073497,0.02466292,0.02918026,0.02378338,0.00736319,-0.04617851,0.04550554,0.03429544,-0.08755518,0.02260683,0.05828256,0.02246455,-0.05872667,0.14251631,-0.04311334,0.00867702,-0.00133042,-0.04868938,0.05493538,0.02267688,0.00347054,-0.0142899,0.00307691,-0.01199188,-0.02312422,-0.01032464,0.04097689,-0.04989795,-0.03057601,0.00839013,0.02057517,-0.03936791,0.04596737,-0.03365418,0.04155003,0.05827373,0.00269344,0.01647806,0.00675559,-0.04393462,0.0345947,0.04401201,0.02291115,0.04475166,0.01055738,0.01103589,-0.11427485,-0.06268208,-0.01792211,0.00939014,-0.02885887,0.03121414,-0.01034235,0.00001845,-0.0229186,-0.04875374,-0.01424773,-0.04571321,-0.01586423,0.07342331,-0.00533255,0.01360892,-0.03003615,-0.03312388,0.0081884,0.09031552,0.02456684,0.0028673,-0.01787399,0.04752077,0.10192991,0.09406468,-0.06384946,-0.02968625,-0.01271935,-0.01751707,-0.04435649,0.10734904,0.05800544,-0.10599159,-0.01246364,-0.01674864,0.01860391,-0.06711763,-0.00106315,0.03821321,-0.03817071,-0.0413876,0.10820374,-0.03538148,0.08216628,0.01996827,0.00562579,0.04336389,0.03776296,-0.01195733,-0.0699352,0.01722802,-0.0262242,-0.04565179,-0.0266755,-0.00963303,0.06703548,0.05057214,-0.06825108,0.02261533,0.01123293,-0.0141474,-0.01300606,-0.02191975,-0.09593696,-0.05103372,0.04940384,-0.04672064,0.14337347,0.01142771,-0.03022943,-0.08306402,0.0167335,0.04480183,0.046738,-0.0367219,0.00706931,0.01601867,-0.02424413,0.04541914,0.04862614,0.08687821,-0.02784938,-0.03608587,0.02954004,0.04834511,-0.0255287,0.08539588,-0.01899537,0.04549836,-0.07512401,-0.23868251,-0.00006795,0.02774215,-0.07302251,0.0327835,-0.02331971,0.05125823,-0.0127759,0.06836294,0.05475793,0.09060022,0.05383583,-0.05781684,-0.03639792,0.0031786,-0.01028767,0.00580193,0.00158541,-0.00923993,0.00654654,-0.03677682,-0.00249129,-0.02835395,-0.03655472,0.08534577,-0.03823202,0.14490657,0.04143871,-0.02419876,-0.03976246,0.05727536,0.05861395,-0.04024747,-0.14539723,0.06501427,0.07544275,0.00136072,0.02891978,-0.00273049,-0.02729535,0.00514423,0.03617051,0.01988368,-0.04307134,0.0003841,-0.07030397,0.01565284,-0.00399312,0.01342598,0.0662104,0.01257509,0.04851861,0.06181948,0.04304102,0.02146069,0.01867845,-0.02496546,0.0471439,-0.01674147,0.01669501,-0.01015948,-0.03321031,-0.00061304,-0.00315733,-0.02041925,-0.01673325,0.01468163,-0.01404562,0.01516261,0.01146173,0.0017671,0.04577292,-0.00354228,0.00960666,0.00516045,0.03605899,0.00845085,-0.04983691,-0.03718839,-0.03264775,-0.01689534,-0.0104361,0.07776483,-0.0147874,-0.02027596,0.0528393,0.01289116,-0.06012896,0.01735207,-0.03203682,-0.02208422,-0.02186908,-0.01287512,-0.07515188,0.09544051,-0.03116773,-0.28375438,-0.01554412,-0.01383057,0.02145918,0.02282293,0.05607931,-0.03030644,-0.03576379,-0.12880823,0.06295452,-0.06995081,0.01103266,-0.0374222,-0.06984909,0.00477924,0.03272831,0.08034953,-0.02774153,0.05659271,-0.00857927,-0.04579036,0.00903395,0.20807312,0.08953308,-0.01314151,0.00857054,-0.02250522,0.00555919,0.09599527,0.01552258,-0.02646312,-0.00120176,0.089215,-0.00025747,0.06297882,0.07319759,-0.03701009,-0.0064114,0.02529443,0.00899896,0.00329991,0.04355976,-0.06123389,0.02320502,0.08843479,-0.03261897,-0.08796415,-0.04850081,-0.00819641,0.00577836,-0.05390728,-0.0392438,-0.04276851,-0.03072614,0.01415708,0.03107918,0.02246429,-0.04212535,-0.01587144,0.06630418,0.01233608,-0.02454868,0.00288315,0.05727771,0.08800048],"last_embed":{"tokens":72,"hash":"1bf5zfd"}}},"text":null,"length":0,"last_read":{"hash":"1bf5zfd","at":1783058595608},"key":"sales/gmb_note_final_v3.md#note第3弾 第3稿（GMB / 信頼獲得・GPTs布石版）─ 磨き上げ完成版#無料で公開しています（そして、次回予告）","lines":[113,135],"size":597,"outlinks":[],"class_name":"SmartBlock"},
"smart_blocks:sales/gmb_note_final_v3.md#note第3弾 第3稿（GMB / 信頼獲得・GPTs布石版）─ 磨き上げ完成版#無料で公開しています（そして、次回予告）#{1}": {"path":null,"last_embed":{"hash":"y8d64e","at":1783058595637},"embeddings":{"TaylorAI/bge-micro-v2":{"vec":[-0.02694197,0.00460979,-0.00356183,-0.04138984,-0.00416502,-0.01452535,-0.04349614,0.03964004,0.0472559,-0.01601535,-0.04096549,-0.09454463,0.0068962,-0.00323663,-0.00589601,-0.0263096,0.00131102,-0.03276311,-0.05363789,0.00624753,0.09775644,-0.00528521,0.0415808,0.00986585,0.02713829,0.01704924,-0.02296082,-0.04661063,-0.01359573,-0.12490406,-0.02406889,-0.03952733,0.06502748,-0.04108888,0.03742103,-0.0258393,-0.03513143,0.02430123,-0.06732433,0.03001931,0.03083315,0.03887996,-0.02870559,-0.01630628,0.01237259,-0.06521304,0.01493572,0.00851906,0.01676031,-0.05603432,0.00612452,0.00936378,0.01575305,-0.00849035,-0.00688696,0.00553835,0.0160365,-0.00610643,-0.00583474,0.05859765,0.09500917,0.03507302,-0.23940907,0.04609417,-0.01021646,0.04897017,-0.02934409,-0.00717837,-0.03401209,0.02642378,-0.04164139,-0.02231175,-0.02472731,0.09052911,-0.03575502,0.00744938,0.0139606,-0.0237394,-0.05809387,-0.04503395,-0.02504157,-0.02343142,0.00732537,-0.01108383,-0.00145244,-0.03025702,0.00061003,0.02174098,0.02946145,0.02566939,0.00803774,-0.04799798,0.04317658,0.03337075,-0.08689553,0.02318169,0.05669203,0.02284023,-0.05691318,0.1422231,-0.04157865,0.00724589,0.00036398,-0.04904922,0.055963,0.02328325,0.00225366,-0.01327668,0.00440484,-0.01124672,-0.02293757,-0.00864489,0.03739442,-0.04913794,-0.02968424,0.00876519,0.02029714,-0.03875151,0.04579287,-0.03230781,0.04261039,0.05755652,0.00111312,0.01700063,0.00759059,-0.04438189,0.03371835,0.04747533,0.02186628,0.04503178,0.01000594,0.00749678,-0.11571895,-0.06259725,-0.01727488,0.00769342,-0.02688105,0.03422125,-0.01167367,-0.00056184,-0.02080551,-0.04860009,-0.01441338,-0.04376038,-0.01476523,0.07148889,-0.00618391,0.01153723,-0.02948948,-0.03084164,0.00742435,0.09046795,0.02543262,0.00309911,-0.02023729,0.04943342,0.10092422,0.09027153,-0.06156766,-0.03001118,-0.01647221,-0.01515082,-0.04557075,0.1092285,0.05948488,-0.10423341,-0.01395297,-0.01558939,0.01632988,-0.06564702,0.00014457,0.03833637,-0.03910077,-0.04252674,0.10558372,-0.0347895,0.07934361,0.02241663,0.00445213,0.0434593,0.03804828,-0.01286056,-0.06986631,0.01664387,-0.02868539,-0.04174069,-0.02509723,-0.01055104,0.0660829,0.05189309,-0.0671235,0.02505951,0.0097721,-0.01488015,-0.01222019,-0.0211349,-0.0957364,-0.05167533,0.05070544,-0.0480929,0.14663343,0.01075911,-0.02834826,-0.08386808,0.02055416,0.0457183,0.04642159,-0.03772665,0.00770511,0.01529289,-0.02489933,0.04623229,0.04829361,0.08669686,-0.02799186,-0.03610184,0.02992289,0.04788693,-0.02536615,0.08604213,-0.02075806,0.04453023,-0.07656205,-0.237459,-0.00187929,0.02695672,-0.0730279,0.032854,-0.02337825,0.05072733,-0.01050156,0.06642206,0.05239109,0.0871623,0.05338928,-0.05904728,-0.03609439,0.00080504,-0.00753895,0.00495917,0.00310363,-0.01224824,0.00963431,-0.03911071,-0.00398437,-0.02822638,-0.03415003,0.08905383,-0.03845186,0.14500083,0.04142961,-0.02392245,-0.0419772,0.05627782,0.05870379,-0.04257211,-0.14498764,0.06649537,0.07608708,0.00239016,0.02474725,-0.00017334,-0.02819412,0.00208242,0.03477242,0.02069427,-0.04237814,0.00228365,-0.07104063,0.01839893,-0.00423484,0.01467433,0.06710155,0.01183338,0.04733021,0.06390767,0.04331923,0.02366062,0.01857694,-0.02386055,0.04591371,-0.01794144,0.01884662,-0.0103459,-0.03109559,-0.00097038,-0.00444349,-0.0196269,-0.01748788,0.01444934,-0.01377873,0.01696803,0.01323365,0.00155819,0.04647209,-0.00288071,0.00901473,0.00470243,0.03577916,0.00632398,-0.05066929,-0.03753955,-0.03330285,-0.01715562,-0.00953943,0.07670186,-0.01519635,-0.01907847,0.05133353,0.01206889,-0.06520215,0.01750045,-0.03402507,-0.02040168,-0.02294284,-0.01541648,-0.07121181,0.09617133,-0.03346377,-0.28434587,-0.0152524,-0.01726955,0.02248921,0.02297673,0.05460443,-0.02908659,-0.03605289,-0.13032532,0.06307818,-0.06806999,0.0102999,-0.03823937,-0.06977437,0.00364373,0.0334135,0.07745007,-0.02542578,0.05899781,-0.00678761,-0.04632483,0.00825423,0.20803809,0.09112487,-0.01318211,0.01069102,-0.02113804,0.00588182,0.09576722,0.01610739,-0.02299153,-0.00164292,0.08903637,0.00037944,0.06549098,0.07428586,-0.03734478,-0.00882361,0.02695073,0.0078363,0.00309666,0.04272735,-0.06200149,0.02099407,0.08862472,-0.02992688,-0.08737092,-0.04810205,-0.00765748,0.0071054,-0.05383521,-0.03722553,-0.04265602,-0.0322453,0.01353785,0.02732453,0.02427608,-0.04287533,-0.01564794,0.06556324,0.01190096,-0.02393181,0.0021537,0.05568295,0.0865349],"last_embed":{"tokens":71,"hash":"y8d64e"}}},"text":null,"length":0,"last_read":{"hash":"y8d64e","at":1783058595637},"key":"sales/gmb_note_final_v3.md#note第3弾 第3稿（GMB / 信頼獲得・GPTs布石版）─ 磨き上げ完成版#無料で公開しています（そして、次回予告）#{1}","lines":[115,135],"size":572,"outlinks":[],"class_name":"SmartBlock"},
"smart_blocks:sales/gmb_note_final_v3.md#note第3弾 第3稿（GMB / 信頼獲得・GPTs布石版）─ 磨き上げ完成版#ハッシュタグ（記事末尾に付与推奨）": {"path":null,"last_embed":{"hash":null},"embeddings":{},"text":null,"length":0,"last_read":{"hash":"tdggb","at":1783058594170},"key":"sales/gmb_note_final_v3.md#note第3弾 第3稿（GMB / 信頼獲得・GPTs布石版）─ 磨き上げ完成版#ハッシュタグ（記事末尾に付与推奨）","lines":[136,141],"size":76,"outlinks":[],"class_name":"SmartBlock"},
"smart_blocks:sales/gmb_note_final_v3.md#note第3弾 第3稿（GMB / 信頼獲得・GPTs布石版）─ 磨き上げ完成版#ハッシュタグ（記事末尾に付与推奨）#{1}": {"path":null,"last_embed":{"hash":null},"embeddings":{},"text":null,"length":0,"last_read":{"hash":"11qb3jk","at":1783058594170},"key":"sales/gmb_note_final_v3.md#note第3弾 第3稿（GMB / 信頼獲得・GPTs布石版）─ 磨き上げ完成版#ハッシュタグ（記事末尾に付与推奨）#{1}","lines":[138,141],"size":54,"outlinks":[],"class_name":"SmartBlock"},
"smart_blocks:sales/gmb_note_final_v3.md#note第3弾 第3稿（GMB / 信頼獲得・GPTs布石版）─ 磨き上げ完成版#主要変更点まとめ（第2稿→第3稿）": {"path":null,"last_embed":{"hash":"1su7r7p","at":1783058595665},"embeddings":{"TaylorAI/bge-micro-v2":{"vec":[-0.01414755,0.00681861,0.00214063,-0.0487741,0.01187639,-0.00327263,-0.05820473,0.0283603,0.05778061,-0.00839436,-0.03700736,-0.07806216,0.02667989,0.02110843,-0.02083685,-0.01931335,-0.01035131,-0.01548238,-0.05148988,-0.02678962,0.08583596,-0.0239333,0.02637829,-0.00105283,0.05208369,-0.01097971,-0.02387394,-0.03227878,-0.03594222,-0.17497988,-0.03335774,-0.0200964,0.04464711,-0.04951013,0.02110628,-0.01367526,-0.05979006,0.04965465,-0.05928371,0.04448323,-0.000452,0.04604123,-0.01723626,-0.05695017,0.01779281,-0.06709491,0.00674897,-0.02245753,0.01827989,-0.06470664,-0.04444137,-0.01935693,0.0006503,0.01286172,0.01037224,-0.01585848,0.05683271,-0.01899458,0.00804257,0.05531895,0.09066573,0.01612993,-0.24554268,0.02790367,0.00040726,0.04864821,-0.02969804,-0.00006092,-0.01050851,0.04097922,-0.04744894,-0.02181447,-0.03331605,0.05065925,-0.04065199,0.00434414,0.02890676,-0.006305,-0.05627054,-0.03099554,-0.03083079,0.02695567,0.02725576,-0.01745651,-0.02887429,-0.02670325,0.01173726,-0.01877592,0.00610487,0.08726223,0.00972482,-0.04253974,0.01553097,0.04326646,-0.08761535,0.01552151,0.05150325,0.04006831,-0.03553136,0.10265733,-0.00921885,0.01450183,-0.01119703,-0.02204398,0.04694346,-0.02659323,-0.0102727,-0.03892215,-0.00859319,0.00794279,-0.00988879,-0.01916046,0.04865227,-0.0182118,-0.0292138,0.02698243,0.05334579,-0.04889943,0.03277461,-0.0445752,0.05615065,0.06216325,-0.00670834,-0.0196075,-0.00821402,-0.02760161,0.01953842,0.0476794,0.02879525,0.03899418,0.02238504,0.03167246,-0.13192739,-0.01873881,-0.00883093,-0.01002666,-0.06077436,0.03228559,-0.00709602,-0.02727006,-0.0195129,-0.04934372,-0.04745989,-0.06726626,-0.04212012,0.07681856,-0.03853989,0.00207259,-0.03390145,-0.00627549,0.01420602,0.10125016,0.01782609,-0.01311628,0.02404297,0.0393766,0.09164029,0.10308273,-0.04982408,-0.00467783,-0.04090907,-0.02711546,-0.04046879,0.08380328,0.07508692,-0.06591644,-0.02227247,0.00299887,0.04205142,-0.0461197,0.00647776,0.02720546,-0.01890529,-0.06203546,0.10038523,-0.04279626,0.07625154,-0.00205203,-0.00918635,0.03641278,0.01475455,-0.01302283,-0.05920256,0.01088357,0.01290747,-0.0773778,-0.03675394,-0.01174131,0.047699,0.06310188,-0.03536379,0.01688469,-0.00342137,0.00996991,-0.01536251,-0.05161219,-0.10641928,-0.0448679,0.0268235,-0.05245326,0.10450089,-0.00193637,-0.01814014,-0.08710752,-0.00103469,0.04298704,0.05456692,-0.04196849,0.01133567,0.01526976,-0.00505654,0.02228839,0.03855137,0.09723777,-0.00315729,-0.00859657,0.01273652,0.05899723,0.00036215,0.09208182,-0.04321156,0.0360687,-0.05412651,-0.22895339,0.00654833,0.02477113,-0.07298233,0.02269532,-0.05087045,0.05015029,-0.0170694,0.05261957,0.00322616,0.08206291,0.05362732,-0.04442837,-0.00209936,-0.01920068,-0.00200857,-0.00356132,0.03120348,-0.02186369,0.01725475,-0.0379148,0.01988098,-0.03854533,0.02418018,0.05130693,-0.08128664,0.14849973,0.03016208,-0.03806968,-0.00595093,0.04067317,0.05636614,-0.06135953,-0.10249005,0.06516194,0.05449799,-0.05163209,0.03221849,-0.01247991,-0.05199338,0.03633212,0.06421138,0.03279735,-0.01660681,-0.01763488,-0.06588086,-0.0143202,0.00459618,-0.00462423,0.07137457,0.01383233,0.01890588,0.03943384,0.02687818,0.03980656,0.00113732,-0.04863984,0.01526864,-0.00976723,0.04295881,0.00832753,0.01320993,-0.02025159,-0.00877226,-0.02839877,-0.00616074,0.0394374,0.01134682,0.0043362,0.03153464,0.01366798,0.0605537,-0.01787221,-0.00550253,0.04400158,0.04918948,0.00105999,-0.07564744,-0.04847309,-0.007542,-0.00538434,-0.00097531,0.05332123,0.01924096,-0.02924959,0.07513307,0.01628025,-0.07324132,0.01814811,-0.01936855,-0.05587737,-0.02344204,-0.00225095,-0.04454521,0.10458501,-0.03341866,-0.28636342,0.00117584,-0.01052373,0.01443042,0.02347308,0.03864549,-0.06505761,-0.03425835,-0.10471676,0.05555508,-0.06248013,0.04895636,0.0089882,-0.06702035,-0.01159318,0.03864548,0.08107788,-0.0083802,0.0790213,-0.0304527,-0.04732801,0.01674518,0.18689014,0.07564613,-0.01452724,-0.00349754,-0.00650874,0.01769788,0.09653839,0.03666292,-0.0372383,0.02081759,0.13963854,-0.00877868,0.09240928,0.04872349,-0.03841981,0.0372397,0.05467468,0.00407923,-0.01423698,0.02229557,-0.08065726,0.02165729,0.10873488,-0.01580614,-0.07851451,-0.07351108,-0.02601093,0.02100672,-0.04728529,0.01973455,-0.00244081,-0.0254783,0.03691079,0.01774104,0.00196714,-0.00614515,-0.02646759,0.0493907,0.02164094,-0.01213088,0.01454563,0.04327703,0.080849],"last_embed":{"tokens":428,"hash":"1su7r7p"}}},"text":null,"length":0,"last_read":{"hash":"1su7r7p","at":1783058595665},"key":"sales/gmb_note_final_v3.md#note第3弾 第3稿（GMB / 信頼獲得・GPTs布石版）─ 磨き上げ完成版#主要変更点まとめ（第2稿→第3稿）","lines":[142,168],"size":950,"outlinks":[],"class_name":"SmartBlock"},
"smart_blocks:sales/gmb_note_final_v3.md#note第3弾 第3稿（GMB / 信頼獲得・GPTs布石版）─ 磨き上げ完成版#主要変更点まとめ（第2稿→第3稿）#【提案1】冒頭強化（案A採用）": {"path":null,"last_embed":{"hash":"x0lxb6","at":1783058595757},"embeddings":{"TaylorAI/bge-micro-v2":{"vec":[-0.03162533,0.00174411,-0.00091267,-0.0406119,0.01467588,-0.00289915,-0.04628959,0.03202254,0.04528826,-0.0076381,-0.04816006,-0.07693114,0.02316197,0.02304599,-0.02134801,-0.02081129,-0.01232309,-0.01345755,-0.05269231,-0.00879922,0.10216346,-0.02470595,0.02403635,-0.00625578,0.04295729,-0.00009,-0.01865609,-0.0376043,-0.02916194,-0.1659535,-0.03957015,-0.01789226,0.04882727,-0.04491578,0.02858664,-0.00809029,-0.04659484,0.04409241,-0.0553288,0.04033566,0.00814443,0.0430374,-0.00691808,-0.06087081,0.01798272,-0.07840927,0.01339317,-0.02070904,0.02716778,-0.06753989,-0.04175285,-0.01197045,0.00066616,-0.00228469,0.01717865,-0.01387007,0.04437238,-0.01431529,0.00589699,0.05710939,0.08611172,0.01249521,-0.24457906,0.03200832,-0.0056277,0.04705374,-0.02736851,-0.00784356,-0.01712317,0.04592822,-0.03956071,-0.02704751,-0.03473384,0.05979577,-0.03893356,0.00963866,0.02554489,-0.00521916,-0.06044588,-0.02602979,-0.03187735,0.02157672,0.03366127,-0.01503549,-0.03611003,-0.02598182,0.01055858,-0.01361996,0.01024408,0.06844089,-0.00421963,-0.04075986,0.0227332,0.05079501,-0.08770289,0.01530144,0.05631502,0.03854069,-0.02953418,0.11553415,-0.01835941,0.0062856,-0.01213053,-0.02829988,0.04515545,-0.01885911,-0.00347791,-0.04267831,-0.00470153,0.00688558,-0.00725128,-0.01139559,0.05061874,-0.02347771,-0.02009805,0.03634473,0.04931034,-0.03973828,0.02187972,-0.03718282,0.06195295,0.05761151,-0.00308215,-0.00566447,0.00443528,-0.0382437,0.0170293,0.04304784,0.02580537,0.03314636,0.02399016,0.01953531,-0.13573767,-0.03016668,0.0015385,-0.00376895,-0.04662986,0.02575659,-0.00599174,-0.02279303,-0.01531486,-0.04995313,-0.03914358,-0.05940253,-0.03642999,0.08802902,-0.03340293,-0.0018433,-0.0385978,-0.00932079,0.00583164,0.09659007,0.01396907,-0.01654987,0.02571399,0.03177417,0.08735415,0.10439417,-0.05704814,-0.01270517,-0.04244958,-0.03344646,-0.03595239,0.08305713,0.07125292,-0.05650773,-0.02726241,-0.00000655,0.04269147,-0.05042588,-0.00142645,0.02986011,-0.02960723,-0.05749864,0.10408945,-0.03936191,0.0856569,0.00593428,-0.01514376,0.02756524,0.01146334,-0.01520716,-0.05258729,-0.00035128,0.01572371,-0.07231203,-0.0451175,-0.02070708,0.05470392,0.06362932,-0.03196139,0.02073546,-0.00274402,0.0135659,-0.02705337,-0.04998173,-0.10271011,-0.04746347,0.01831287,-0.05259033,0.11180776,-0.00240523,-0.02444366,-0.09573215,0.0092916,0.03813627,0.06142992,-0.04059825,-0.00255415,0.02360538,-0.01132953,0.03034874,0.0360703,0.10288858,-0.00819707,-0.01011302,0.01547004,0.06641982,-0.01044529,0.08635345,-0.02410707,0.0254636,-0.04873606,-0.22931565,0.00705217,0.02690965,-0.08584976,0.02627769,-0.04687686,0.05109678,-0.01409466,0.05609666,0.01107617,0.07881404,0.04197581,-0.04742122,-0.00190583,-0.01488299,0.00355206,-0.00596866,0.02001662,-0.02334465,0.00687632,-0.03983937,0.0107787,-0.04434604,0.02790228,0.06560028,-0.06451501,0.14756507,0.0373715,-0.02600169,-0.00267668,0.03348021,0.04970853,-0.06638057,-0.11761268,0.059703,0.04755461,-0.0601483,0.03841468,-0.01424893,-0.05813018,0.02922106,0.06586418,0.02176067,-0.01411425,-0.01982468,-0.0658037,-0.0072133,0.00568513,-0.01378566,0.07545112,0.01737806,0.02783556,0.03521625,0.03115047,0.0404514,0.01671312,-0.04104754,0.01751166,-0.01398378,0.04396151,-0.00050918,0.00981967,-0.01541448,-0.01399814,-0.027582,-0.01327313,0.03884014,0.00774833,0.01577312,0.02088505,0.00741517,0.04390081,-0.01259387,-0.00730378,0.05622678,0.05085014,0.00700189,-0.07459688,-0.05634679,-0.01167217,-0.00886218,0.00399492,0.06428445,0.01584669,-0.0128996,0.07921428,0.02033805,-0.07190915,0.01969523,-0.02734257,-0.04963412,-0.01887922,-0.00635257,-0.04599271,0.10895283,-0.0318636,-0.28562537,0.00290999,-0.00308801,0.02443306,0.0124304,0.02952759,-0.06687175,-0.03971506,-0.10667991,0.06330554,-0.06844511,0.03632382,-0.00068794,-0.05707338,-0.01118966,0.03984273,0.07876971,-0.00226984,0.07348424,-0.03025159,-0.05210979,0.01456954,0.18582816,0.07985241,-0.0181981,-0.01009987,-0.01135674,0.0226119,0.10269436,0.04089978,-0.03167893,0.01002368,0.14053248,-0.00428248,0.09371587,0.05020003,-0.04376877,0.0406547,0.05303686,0.00385533,-0.01429494,0.0281735,-0.08364483,0.0245085,0.10563337,-0.00941426,-0.08779665,-0.06223804,-0.02538137,0.01938685,-0.05093328,0.00999487,-0.00600616,-0.0272097,0.03046797,0.02742694,0.00101585,-0.01314597,-0.02982827,0.06322299,0.02575333,-0.00736677,0.02009695,0.03943311,0.06845744],"last_embed":{"tokens":228,"hash":"x0lxb6"}}},"text":null,"length":0,"last_read":{"hash":"x0lxb6","at":1783058595757},"key":"sales/gmb_note_final_v3.md#note第3弾 第3稿（GMB / 信頼獲得・GPTs布石版）─ 磨き上げ完成版#主要変更点まとめ（第2稿→第3稿）#【提案1】冒頭強化（案A採用）","lines":[144,148],"size":201,"outlinks":[],"class_name":"SmartBlock"},
"smart_blocks:sales/gmb_note_final_v3.md#note第3弾 第3稿（GMB / 信頼獲得・GPTs布石版）─ 磨き上げ完成版#主要変更点まとめ（第2稿→第3稿）#【提案1】冒頭強化（案A採用）#{1}": {"path":null,"last_embed":{"hash":null},"embeddings":{},"text":null,"length":0,"last_read":{"hash":"ek8f18","at":1783058594170},"key":"sales/gmb_note_final_v3.md#note第3弾 第3稿（GMB / 信頼獲得・GPTs布石版）─ 磨き上げ完成版#主要変更点まとめ（第2稿→第3稿）#【提案1】冒頭強化（案A採用）#{1}","lines":[145,145],"size":36,"outlinks":[],"class_name":"SmartBlock"},
"smart_blocks:sales/gmb_note_final_v3.md#note第3弾 第3稿（GMB / 信頼獲得・GPTs布石版）─ 磨き上げ完成版#主要変更点まとめ（第2稿→第3稿）#【提案1】冒頭強化（案A採用）#{2}": {"path":null,"last_embed":{"hash":null},"embeddings":{},"text":null,"length":0,"last_read":{"hash":"ycsnj8","at":1783058594170},"key":"sales/gmb_note_final_v3.md#note第3弾 第3稿（GMB / 信頼獲得・GPTs布石版）─ 磨き上げ完成版#主要変更点まとめ（第2稿→第3稿）#【提案1】冒頭強化（案A採用）#{2}","lines":[146,146],"size":67,"outlinks":[],"class_name":"SmartBlock"},
"smart_blocks:sales/gmb_note_final_v3.md#note第3弾 第3稿（GMB / 信頼獲得・GPTs布石版）─ 磨き上げ完成版#主要変更点まとめ（第2稿→第3稿）#【提案1】冒頭強化（案A採用）#{3}": {"path":null,"last_embed":{"hash":null},"embeddings":{},"text":null,"length":0,"last_read":{"hash":"c5sn1t","at":1783058594170},"key":"sales/gmb_note_final_v3.md#note第3弾 第3稿（GMB / 信頼獲得・GPTs布石版）─ 磨き上げ完成版#主要変更点まとめ（第2稿→第3稿）#【提案1】冒頭強化（案A採用）#{3}","lines":[147,148],"size":76,"outlinks":[],"class_name":"SmartBlock"},
"smart_blocks:sales/gmb_note_final_v3.md#note第3弾 第3稿（GMB / 信頼獲得・GPTs布石版）─ 磨き上げ完成版#主要変更点まとめ（第2稿→第3稿）#【提案2】「作ったもの」に具体シーン追加": {"path":null,"last_embed":{"hash":null},"embeddings":{},"text":null,"length":0,"last_read":{"hash":"1n0us3h","at":1783058594170},"key":"sales/gmb_note_final_v3.md#note第3弾 第3稿（GMB / 信頼獲得・GPTs布石版）─ 磨き上げ完成版#主要変更点まとめ（第2稿→第3稿）#【提案2】「作ったもの」に具体シーン追加","lines":[149,153],"size":174,"outlinks":[],"class_name":"SmartBlock"},
"smart_blocks:sales/gmb_note_final_v3.md#note第3弾 第3稿（GMB / 信頼獲得・GPTs布石版）─ 磨き上げ完成版#主要変更点まとめ（第2稿→第3稿）#【提案2】「作ったもの」に具体シーン追加#{1}": {"path":null,"last_embed":{"hash":null},"embeddings":{},"text":null,"length":0,"last_read":{"hash":"5km9t3","at":1783058594170},"key":"sales/gmb_note_final_v3.md#note第3弾 第3稿（GMB / 信頼獲得・GPTs布石版）─ 磨き上げ完成版#主要変更点まとめ（第2稿→第3稿）#【提案2】「作ったもの」に具体シーン追加#{1}","lines":[150,150],"size":20,"outlinks":[],"class_name":"SmartBlock"},
"smart_blocks:sales/gmb_note_final_v3.md#note第3弾 第3稿（GMB / 信頼獲得・GPTs布石版）─ 磨き上げ完成版#主要変更点まとめ（第2稿→第3稿）#【提案2】「作ったもの」に具体シーン追加#{2}": {"path":null,"last_embed":{"hash":null},"embeddings":{},"text":null,"length":0,"last_read":{"hash":"1dgkatg","at":1783058594170},"key":"sales/gmb_note_final_v3.md#note第3弾 第3稿（GMB / 信頼獲得・GPTs布石版）─ 磨き上げ完成版#主要変更点まとめ（第2稿→第3稿）#【提案2】「作ったもの」に具体シーン追加#{2}","lines":[151,151],"size":48,"outlinks":[],"class_name":"SmartBlock"},
"smart_blocks:sales/gmb_note_final_v3.md#note第3弾 第3稿（GMB / 信頼獲得・GPTs布石版）─ 磨き上げ完成版#主要変更点まとめ（第2稿→第3稿）#【提案2】「作ったもの」に具体シーン追加#{3}": {"path":null,"last_embed":{"hash":null},"embeddings":{},"text":null,"length":0,"last_read":{"hash":"1329b8k","at":1783058594170},"key":"sales/gmb_note_final_v3.md#note第3弾 第3稿（GMB / 信頼獲得・GPTs布石版）─ 磨き上げ完成版#主要変更点まとめ（第2稿→第3稿）#【提案2】「作ったもの」に具体シーン追加#{3}","lines":[152,153],"size":79,"outlinks":[],"class_name":"SmartBlock"},
"smart_blocks:sales/gmb_note_final_v3.md#note第3弾 第3稿（GMB / 信頼獲得・GPTs布石版）─ 磨き上げ完成版#主要変更点まとめ（第2稿→第3稿）#【提案3】「使ってみて」の順序入替": {"path":null,"last_embed":{"hash":null},"embeddings":{},"text":null,"length":0,"last_read":{"hash":"6nby6k","at":1783058594170},"key":"sales/gmb_note_final_v3.md#note第3弾 第3稿（GMB / 信頼獲得・GPTs布石版）─ 磨き上げ完成版#主要変更点まとめ（第2稿→第3稿）#【提案3】「使ってみて」の順序入替","lines":[154,158],"size":181,"outlinks":[],"class_name":"SmartBlock"},
"smart_blocks:sales/gmb_note_final_v3.md#note第3弾 第3稿（GMB / 信頼獲得・GPTs布石版）─ 磨き上げ完成版#主要変更点まとめ（第2稿→第3稿）#【提案3】「使ってみて」の順序入替#{1}": {"path":null,"last_embed":{"hash":null},"embeddings":{},"text":null,"length":0,"last_read":{"hash":"ghnj0k","at":1783058594170},"key":"sales/gmb_note_final_v3.md#note第3弾 第3稿（GMB / 信頼獲得・GPTs布石版）─ 磨き上げ完成版#主要変更点まとめ（第2稿→第3稿）#【提案3】「使ってみて」の順序入替#{1}","lines":[155,155],"size":38,"outlinks":[],"class_name":"SmartBlock"},
"smart_blocks:sales/gmb_note_final_v3.md#note第3弾 第3稿（GMB / 信頼獲得・GPTs布石版）─ 磨き上げ完成版#主要変更点まとめ（第2稿→第3稿）#【提案3】「使ってみて」の順序入替#{2}": {"path":null,"last_embed":{"hash":null},"embeddings":{},"text":null,"length":0,"last_read":{"hash":"14bki60","at":1783058594170},"key":"sales/gmb_note_final_v3.md#note第3弾 第3稿（GMB / 信頼獲得・GPTs布石版）─ 磨き上げ完成版#主要変更点まとめ（第2稿→第3稿）#【提案3】「使ってみて」の順序入替#{2}","lines":[156,156],"size":41,"outlinks":[],"class_name":"SmartBlock"},
"smart_blocks:sales/gmb_note_final_v3.md#note第3弾 第3稿（GMB / 信頼獲得・GPTs布石版）─ 磨き上げ完成版#主要変更点まとめ（第2稿→第3稿）#【提案3】「使ってみて」の順序入替#{3}": {"path":null,"last_embed":{"hash":null},"embeddings":{},"text":null,"length":0,"last_read":{"hash":"1jazrd1","at":1783058594170},"key":"sales/gmb_note_final_v3.md#note第3弾 第3稿（GMB / 信頼獲得・GPTs布石版）─ 磨き上げ完成版#主要変更点まとめ（第2稿→第3稿）#【提案3】「使ってみて」の順序入替#{3}","lines":[157,158],"size":78,"outlinks":[],"class_name":"SmartBlock"},
"smart_blocks:sales/gmb_note_final_v3.md#note第3弾 第3稿（GMB / 信頼獲得・GPTs布石版）─ 磨き上げ完成版#主要変更点まとめ（第2稿→第3稿）#細部の表現磨き": {"path":null,"last_embed":{"hash":"1a8epg8","at":1783058595806},"embeddings":{"TaylorAI/bge-micro-v2":{"vec":[-0.03378615,0.00180135,0.00241381,-0.02791495,-0.00228244,-0.00396313,-0.02481624,0.04133369,0.05616283,0.00625457,-0.03734942,-0.09397233,0.01481375,-0.00220621,-0.01246537,-0.04370194,-0.01140574,-0.0099103,-0.05927067,-0.02229424,0.09983978,-0.01706459,0.02354785,0.01259169,0.03866609,0.00528412,-0.024247,-0.0257743,-0.05922516,-0.15257558,-0.03737272,-0.01520384,0.06685376,-0.05112504,0.03404742,-0.00851706,-0.04823813,0.03533763,-0.06766358,0.02357857,0.02561013,0.04667911,-0.02263194,-0.0272752,0.00259979,-0.09218957,-0.00434559,-0.02102668,0.02719273,-0.05907109,-0.0199249,-0.01443716,0.00226761,0.00133339,0.01310302,0.00181319,0.0345954,-0.01729428,-0.01073912,0.05466298,0.08319933,0.02243301,-0.2301213,0.03002722,0.01153257,0.02959339,-0.03591638,-0.00091692,-0.01620403,0.01305928,-0.03358482,-0.02064683,-0.02336374,0.06866373,-0.05236182,-0.00560513,0.01079952,-0.01294194,-0.05065451,-0.02601927,-0.03158008,0.00505422,0.01381128,-0.0123103,-0.00778112,-0.01620528,0.00795376,0.00993084,0.02663712,0.06097127,-0.00340345,-0.03628816,0.00241216,0.03968265,-0.06892771,0.01388279,0.04507342,0.03707951,-0.05309995,0.10795958,-0.01435668,-0.00462626,-0.00959684,-0.03475993,0.04148482,-0.00045374,-0.02308079,-0.04587764,0.01310351,0.02106489,-0.01882538,-0.02016004,0.04608727,-0.0429711,-0.04718708,0.04910735,0.02471136,-0.07377144,0.03303522,-0.02513705,0.06422322,0.03942399,-0.01133268,0.00836576,-0.01449161,-0.05689813,0.01146189,0.04345049,0.03708088,0.03631015,0.02928771,0.02440046,-0.14234971,-0.03936613,-0.00393293,-0.00983977,-0.04684917,0.04509158,0.00603974,-0.00799814,-0.03456222,-0.06476227,-0.02851846,-0.07083955,-0.01924152,0.07833683,-0.02597845,0.00452105,-0.03944081,0.00322459,0.00823248,0.09059016,0.00692254,-0.00762649,0.02300187,0.02705003,0.09385563,0.10579994,-0.05724729,0.00361207,-0.0265558,-0.01442709,-0.02608093,0.10454669,0.04860216,-0.08219971,-0.02225295,0.0072604,0.0231607,-0.06939213,0.00799049,0.04076234,-0.02533708,-0.06886953,0.09607174,-0.02123517,0.08753574,0.00640573,0.00662989,0.04968726,-0.00691476,-0.00919553,-0.07526362,0.00512642,0.00565433,-0.07365214,-0.02289644,-0.03392315,0.03713258,0.04975849,-0.04901111,0.01443303,-0.00868803,0.03333056,-0.02248306,-0.05670378,-0.10756932,-0.02234063,0.02620387,-0.02343537,0.12672268,0.01004256,-0.00957966,-0.07476435,0.01402238,0.05843946,0.07199328,-0.02568504,0.0065085,0.02425058,-0.01767944,0.03051259,0.0346893,0.10128331,-0.00232521,-0.01887108,0.01275224,0.06996995,0.0035679,0.08497848,-0.04288053,0.03823937,-0.03999643,-0.23260017,-0.00806517,0.03125947,-0.07088494,0.02037338,-0.05702121,0.06433434,-0.0182149,0.05217608,0.010799,0.09452638,0.03603078,-0.03873814,-0.02044273,-0.01129896,0.00573863,-0.02068473,0.02207793,-0.00136227,0.02727551,-0.03805967,0.01112368,-0.02304021,0.03546616,0.06340921,-0.05757693,0.14597589,0.02575944,-0.02805659,0.00127757,0.0428056,0.06245475,-0.06269546,-0.09612506,0.06902103,0.0669646,-0.03719327,0.02364877,-0.00297541,-0.04392573,-0.00063672,0.06518869,0.01670273,-0.02210848,-0.02500779,-0.06386919,0.00207897,0.00338433,0.00112572,0.06586891,0.02494971,0.0462513,0.0633923,0.01596712,0.04782073,0.00756202,-0.02956613,0.01036085,-0.0104624,0.03704999,-0.0157293,0.01295238,-0.03023547,-0.00284586,-0.03155974,0.00517082,0.04048066,0.00305801,-0.00777827,0.01989595,0.01709135,0.0588668,-0.011234,0.00330104,0.02435892,0.04887047,0.00153101,-0.07742094,-0.03644496,-0.00501943,-0.00926441,-0.00087491,0.05188033,0.0084837,-0.03496444,0.0735935,0.01971373,-0.09011061,0.01582934,-0.03721364,-0.04724081,-0.02343903,-0.00139239,-0.0379462,0.10431187,-0.02332867,-0.2914775,-0.01692268,-0.02170329,0.00400265,-0.00347188,0.07906669,-0.05276099,-0.05094208,-0.10440373,0.06551772,-0.06436338,0.02398034,-0.01353658,-0.05672609,0.01493676,0.041902,0.07312099,-0.02773786,0.0907815,-0.01008345,-0.03914845,0.02141269,0.19924593,0.09125778,-0.02672831,0.00579655,-0.04295029,0.01387948,0.08473419,0.0257065,-0.0376042,0.00348217,0.13477845,0.00815692,0.0907184,0.02090742,-0.03249851,0.02024555,0.06227565,-0.02522647,-0.0028086,0.03360086,-0.07346281,0.01072918,0.09332551,0.00613234,-0.09219216,-0.07425032,-0.01644898,0.03514046,-0.04701224,0.00567621,-0.02244791,-0.04541638,0.02617681,0.03719696,-0.001122,-0.00284001,-0.02515227,0.05697584,0.02543682,-0.01451131,0.00510855,0.03184317,0.07705776],"last_embed":{"tokens":397,"hash":"1a8epg8"}}},"text":null,"length":0,"last_read":{"hash":"1a8epg8","at":1783058595806},"key":"sales/gmb_note_final_v3.md#note第3弾 第3稿（GMB / 信頼獲得・GPTs布石版）─ 磨き上げ完成版#主要変更点まとめ（第2稿→第3稿）#細部の表現磨き","lines":[159,168],"size":369,"outlinks":[],"class_name":"SmartBlock"},
"smart_blocks:sales/gmb_note_final_v3.md#note第3弾 第3稿（GMB / 信頼獲得・GPTs布石版）─ 磨き上げ完成版#主要変更点まとめ（第2稿→第3稿）#細部の表現磨き#{1}": {"path":null,"last_embed":{"hash":null},"embeddings":{},"text":null,"length":0,"last_read":{"hash":"1ralor5","at":1783058594170},"key":"sales/gmb_note_final_v3.md#note第3弾 第3稿（GMB / 信頼獲得・GPTs布石版）─ 磨き上げ完成版#主要変更点まとめ（第2稿→第3稿）#細部の表現磨き#{1}","lines":[160,160],"size":45,"outlinks":[],"class_name":"SmartBlock"},
"smart_blocks:sales/gmb_note_final_v3.md#note第3弾 第3稿（GMB / 信頼獲得・GPTs布石版）─ 磨き上げ完成版#主要変更点まとめ（第2稿→第3稿）#細部の表現磨き#{2}": {"path":null,"last_embed":{"hash":null},"embeddings":{},"text":null,"length":0,"last_read":{"hash":"1avqlfo","at":1783058594170},"key":"sales/gmb_note_final_v3.md#note第3弾 第3稿（GMB / 信頼獲得・GPTs布石版）─ 磨き上げ完成版#主要変更点まとめ（第2稿→第3稿）#細部の表現磨き#{2}","lines":[161,161],"size":41,"outlinks":[],"class_name":"SmartBlock"},
"smart_blocks:sales/gmb_note_final_v3.md#note第3弾 第3稿（GMB / 信頼獲得・GPTs布石版）─ 磨き上げ完成版#主要変更点まとめ（第2稿→第3稿）#細部の表現磨き#{3}": {"path":null,"last_embed":{"hash":null},"embeddings":{},"text":null,"length":0,"last_read":{"hash":"op8bdx","at":1783058594170},"key":"sales/gmb_note_final_v3.md#note第3弾 第3稿（GMB / 信頼獲得・GPTs布石版）─ 磨き上げ完成版#主要変更点まとめ（第2稿→第3稿）#細部の表現磨き#{3}","lines":[162,162],"size":40,"outlinks":[],"class_name":"SmartBlock"},
"smart_blocks:sales/gmb_note_final_v3.md#note第3弾 第3稿（GMB / 信頼獲得・GPTs布石版）─ 磨き上げ完成版#主要変更点まとめ（第2稿→第3稿）#細部の表現磨き#{4}": {"path":null,"last_embed":{"hash":null},"embeddings":{},"text":null,"length":0,"last_read":{"hash":"1f64tah","at":1783058594170},"key":"sales/gmb_note_final_v3.md#note第3弾 第3稿（GMB / 信頼獲得・GPTs布石版）─ 磨き上げ完成版#主要変更点まとめ（第2稿→第3稿）#細部の表現磨き#{4}","lines":[163,163],"size":44,"outlinks":[],"class_name":"SmartBlock"},
"smart_blocks:sales/gmb_note_final_v3.md#note第3弾 第3稿（GMB / 信頼獲得・GPTs布石版）─ 磨き上げ完成版#主要変更点まとめ（第2稿→第3稿）#細部の表現磨き#{5}": {"path":null,"last_embed":{"hash":null},"embeddings":{},"text":null,"length":0,"last_read":{"hash":"16hwcx1","at":1783058594170},"key":"sales/gmb_note_final_v3.md#note第3弾 第3稿（GMB / 信頼獲得・GPTs布石版）─ 磨き上げ完成版#主要変更点まとめ（第2稿→第3稿）#細部の表現磨き#{5}","lines":[164,164],"size":48,"outlinks":[],"class_name":"SmartBlock"},
"smart_blocks:sales/gmb_note_final_v3.md#note第3弾 第3稿（GMB / 信頼獲得・GPTs布石版）─ 磨き上げ完成版#主要変更点まとめ（第2稿→第3稿）#細部の表現磨き#{6}": {"path":null,"last_embed":{"hash":null},"embeddings":{},"text":null,"length":0,"last_read":{"hash":"g38t7f","at":1783058594170},"key":"sales/gmb_note_final_v3.md#note第3弾 第3稿（GMB / 信頼獲得・GPTs布石版）─ 磨き上げ完成版#主要変更点まとめ（第2稿→第3稿）#細部の表現磨き#{6}","lines":[165,165],"size":49,"outlinks":[],"class_name":"SmartBlock"},
"smart_blocks:sales/gmb_note_final_v3.md#note第3弾 第3稿（GMB / 信頼獲得・GPTs布石版）─ 磨き上げ完成版#主要変更点まとめ（第2稿→第3稿）#細部の表現磨き#{7}": {"path":null,"last_embed":{"hash":null},"embeddings":{},"text":null,"length":0,"last_read":{"hash":"hx0c0x","at":1783058594170},"key":"sales/gmb_note_final_v3.md#note第3弾 第3稿（GMB / 信頼獲得・GPTs布石版）─ 磨き上げ完成版#主要変更点まとめ（第2稿→第3稿）#細部の表現磨き#{7}","lines":[166,166],"size":62,"outlinks":[],"class_name":"SmartBlock"},
"smart_blocks:sales/gmb_note_final_v3.md#note第3弾 第3稿（GMB / 信頼獲得・GPTs布石版）─ 磨き上げ完成版#主要変更点まとめ（第2稿→第3稿）#細部の表現磨き#{8}": {"path":null,"last_embed":{"hash":null},"embeddings":{},"text":null,"length":0,"last_read":{"hash":"vx8r8o","at":1783058594170},"key":"sales/gmb_note_final_v3.md#note第3弾 第3稿（GMB / 信頼獲得・GPTs布石版）─ 磨き上げ完成版#主要変更点まとめ（第2稿→第3稿）#細部の表現磨き#{8}","lines":[167,168],"size":21,"outlinks":[],"class_name":"SmartBlock"},
"smart_sources:sales/gmb_note_final_v3.md": {"path":"sales/gmb_note_final_v3.md","last_embed":{"hash":"1kojqwf","at":1783139112451},"embeddings":{"TaylorAI/bge-micro-v2":{"vec":[-0.05655901,-0.00153104,0.00773164,-0.03400989,-0.00081008,0.00179229,-0.05450087,0.03068864,0.03450866,0.0002864,-0.03435113,-0.07326286,0.03372137,0.00784897,-0.02029959,-0.0256049,-0.00216197,-0.03342909,-0.03614034,0.00090708,0.11292083,-0.03084175,0.04110439,-0.00912639,0.03988172,0.00414056,-0.02169279,-0.04904195,-0.02740051,-0.15887509,-0.04145559,-0.01101323,0.07859574,-0.05761123,0.01345671,-0.0162952,-0.04775921,0.04977842,-0.05995138,0.03113464,-0.00142489,0.04439456,-0.00690947,-0.03806023,0.01482743,-0.0692125,-0.00604989,-0.01223493,0.02328714,-0.05629906,-0.03844419,-0.00348244,0.00120431,0.02163685,0.0111325,0.00273404,0.01994844,-0.01319973,0.0046914,0.05430604,0.08470882,0.02082926,-0.24539359,0.03455281,-0.00283132,0.03045853,-0.0252146,0.00387643,-0.0048162,0.0038334,-0.04168755,-0.0173237,0.00359246,0.07179683,-0.05362093,0.00767476,0.02488402,-0.007613,-0.05825592,-0.03578199,-0.04441104,0.007253,0.00577683,-0.0152667,-0.02683525,-0.00886208,0.00672056,0.00714093,0.01912643,0.06156569,0.00601356,-0.03400521,0.01191632,0.05149018,-0.08682466,0.01774039,0.04700064,0.0422791,-0.05537183,0.11575962,-0.01751983,0.00302389,-0.00237527,-0.0313165,0.03611233,-0.00738791,-0.00313233,-0.02606081,-0.02007968,0.01095016,-0.02760993,-0.0160527,0.04210189,-0.04160855,-0.01433833,0.03070634,0.04844948,-0.05227908,0.03446594,-0.03825862,0.06348599,0.05296304,-0.00580602,0.01120827,-0.01732987,-0.04397521,0.01138558,0.03928915,0.01990901,0.03098217,0.03472841,0.03148682,-0.1415959,-0.05411334,0.00627833,-0.00348887,-0.04060318,0.03369442,-0.01841736,-0.00392071,-0.02983322,-0.04481679,-0.02585572,-0.0648489,-0.01656161,0.08258535,-0.0266596,0.00853859,-0.00864451,-0.0065893,0.00768883,0.08979537,-0.00618374,-0.02804896,0.00633197,0.04156118,0.09550703,0.10548073,-0.05787317,-0.01289936,-0.03262908,-0.02457787,-0.04590851,0.09566212,0.07565357,-0.07695141,-0.03324753,0.00848976,0.02794576,-0.0698223,0.00060366,0.03849776,-0.01695422,-0.03899229,0.11906537,-0.02763631,0.08771735,-0.00239604,-0.00005487,0.03663378,0.01748475,-0.02586193,-0.05839716,0.01127176,0.00956906,-0.0700352,-0.03796728,-0.02908118,0.03379247,0.05388747,-0.04304023,0.01833055,-0.01949358,0.00951444,-0.01378892,-0.0497625,-0.10313474,-0.04036468,0.03192407,-0.04361364,0.12210497,-0.00009567,-0.03142191,-0.08289225,-0.00401189,0.02884033,0.06273882,-0.03154005,-0.00974285,0.01745862,-0.02532957,0.02221682,0.04554075,0.09905757,-0.02301906,-0.02371857,0.01109996,0.05526922,-0.01943614,0.07171114,-0.0147288,0.04246556,-0.0527182,-0.22730434,0.00265142,0.0365744,-0.07629839,0.01281593,-0.04777241,0.06495974,-0.0213355,0.06454749,0.02712615,0.0917439,0.03610974,-0.05626304,-0.01068363,-0.00553282,-0.00424336,0.00474612,0.0217835,-0.01650878,0.00150391,-0.02434553,0.01836055,-0.03691248,0.02734309,0.07002518,-0.06600633,0.13592918,0.02512429,-0.03256762,0.00304457,0.0562842,0.07083006,-0.06212319,-0.10424458,0.05437275,0.07260431,-0.04950405,0.04760975,-0.01674676,-0.03719137,0.0113983,0.08172548,0.01737366,-0.01807668,-0.01976273,-0.0575188,0.01121407,0.01720116,0.00099047,0.05931762,0.00719258,0.03206925,0.06266677,0.01914381,0.03890862,0.00422285,-0.04740063,0.0198804,-0.00729551,0.03312768,-0.00406825,-0.00162037,-0.02495422,-0.00668358,-0.04310137,-0.00753036,0.02639326,0.0210556,0.00644064,0.03412917,0.01169015,0.04430564,-0.0110818,0.01646015,0.03594182,0.02106656,0.01316786,-0.07845374,-0.03148687,-0.01379315,-0.01169342,-0.01302248,0.0632645,0.00013093,-0.01616709,0.07777543,0.0214998,-0.06673468,0.03035142,-0.0245918,-0.03147012,-0.01077988,-0.00896444,-0.04049215,0.11247328,-0.03177705,-0.30098084,-0.00437311,-0.01312725,0.02632523,0.00476365,0.05545064,-0.0642983,-0.03311391,-0.08671088,0.0545015,-0.08016405,0.03691816,-0.00922978,-0.06982564,-0.00581392,0.02184532,0.07834487,-0.01362025,0.08948237,-0.02211947,-0.06220379,0.01975393,0.19311237,0.09180716,-0.02775497,-0.00738194,-0.02871543,0.00187766,0.08673982,0.01611192,-0.02752253,0.00332703,0.11867351,0.00319771,0.07834379,0.06644399,-0.04033939,0.02084814,0.03469372,0.00435807,-0.01495836,0.03527273,-0.0825078,0.04126089,0.10449542,-0.01632978,-0.08838985,-0.05705477,-0.00486524,0.01981782,-0.03182081,-0.00628182,-0.02183879,-0.04123025,0.01970001,0.01978561,0.01088627,-0.00681116,-0.02110983,0.06668178,0.03066,-0.00442004,0.01824066,0.04178304,0.08196101],"last_embed":{"tokens":289,"hash":"1kojqwf"}}},"last_read":{"hash":"1kojqwf","at":1783139112451},"class_name":"SmartSource","last_import":{"mtime":1783139096734,"size":13953,"at":1783139112444,"hash":"1kojqwf"},"blocks":{"#note第3弾 第3稿（GMB / 信頼獲得・GPTs布石版）─ 磨き上げ完成版":[1,168],"#note第3弾 第3稿（GMB / 信頼獲得・GPTs布石版）─ 磨き上げ完成版#{1}":[3,3],"#note第3弾 第3稿（GMB / 信頼獲得・GPTs布石版）─ 磨き上げ完成版#{2}":[4,4],"#note第3弾 第3稿（GMB / 信頼獲得・GPTs布石版）─ 磨き上げ完成版#{3}":[5,5],"#note第3弾 第3稿（GMB / 信頼獲得・GPTs布石版）─ 磨き上げ完成版#{4}":[6,6],"#note第3弾 第3稿（GMB / 信頼獲得・GPTs布石版）─ 磨き上げ完成版#{5}":[7,8],"#note第3弾 第3稿（GMB / 信頼獲得・GPTs布石版）─ 磨き上げ完成版#{6}":[9,10],"#note第3弾 第3稿（GMB / 信頼獲得・GPTs布石版）─ 磨き上げ完成版#タイトル":[11,16],"#note第3弾 第3稿（GMB / 信頼獲得・GPTs布石版）─ 磨き上げ完成版#タイトル#{1}":[13,16],"#note第3弾 第3稿（GMB / 信頼獲得・GPTs布石版）─ 磨き上げ完成版#本文":[17,30],"#note第3弾 第3稿（GMB / 信頼獲得・GPTs布石版）─ 磨き上げ完成版#本文#{1}":[19,30],"#note第3弾 第3稿（GMB / 信頼獲得・GPTs布石版）─ 磨き上げ完成版#きっかけ：AIが「さっき言ったよね?」という顔をし始めた":[31,48],"#note第3弾 第3稿（GMB / 信頼獲得・GPTs布石版）─ 磨き上げ完成版#きっかけ：AIが「さっき言ったよね?」という顔をし始めた#{1}":[33,48],"#note第3弾 第3稿（GMB / 信頼獲得・GPTs布石版）─ 磨き上げ完成版#「保存する拡張」は、もうあった。でも僕は満足できなかった":[49,68],"#note第3弾 第3稿（GMB / 信頼獲得・GPTs布石版）─ 磨き上げ完成版#「保存する拡張」は、もうあった。でも僕は満足できなかった#{1}":[51,68],"#note第3弾 第3稿（GMB / 信頼獲得・GPTs布石版）─ 磨き上げ完成版#作ったもの：朝、「前回の続き」がそこにある体験":[69,90],"#note第3弾 第3稿（GMB / 信頼獲得・GPTs布石版）─ 磨き上げ完成版#作ったもの：朝、「前回の続き」がそこにある体験#{1}":[71,90],"#note第3弾 第3稿（GMB / 信頼獲得・GPTs布石版）─ 磨き上げ完成版#使ってみて、こう変わった":[91,100],"#note第3弾 第3稿（GMB / 信頼獲得・GPTs布石版）─ 磨き上げ完成版#使ってみて、こう変わった#{1}":[93,100],"#note第3弾 第3稿（GMB / 信頼獲得・GPTs布石版）─ 磨き上げ完成版#この記事で、いちばん伝えたかったこと":[101,112],"#note第3弾 第3稿（GMB / 信頼獲得・GPTs布石版）─ 磨き上げ完成版#この記事で、いちばん伝えたかったこと#{1}":[103,112],"#note第3弾 第3稿（GMB / 信頼獲得・GPTs布石版）─ 磨き上げ完成版#無料で公開しています（そして、次回予告）":[113,135],"#note第3弾 第3稿（GMB / 信頼獲得・GPTs布石版）─ 磨き上げ完成版#無料で公開しています（そして、次回予告）#{1}":[115,135],"#note第3弾 第3稿（GMB / 信頼獲得・GPTs布石版）─ 磨き上げ完成版#ハッシュタグ（記事末尾に付与推奨）":[136,141],"#note第3弾 第3稿（GMB / 信頼獲得・GPTs布石版）─ 磨き上げ完成版#ハッシュタグ（記事末尾に付与推奨）#{1}":[138,141],"#note第3弾 第3稿（GMB / 信頼獲得・GPTs布石版）─ 磨き上げ完成版#主要変更点まとめ（第2稿→第3稿）":[142,168],"#note第3弾 第3稿（GMB / 信頼獲得・GPTs布石版）─ 磨き上げ完成版#主要変更点まとめ（第2稿→第3稿）#【提案1】冒頭強化（案A採用）":[144,148],"#note第3弾 第3稿（GMB / 信頼獲得・GPTs布石版）─ 磨き上げ完成版#主要変更点まとめ（第2稿→第3稿）#【提案1】冒頭強化（案A採用）#{1}":[145,145],"#note第3弾 第3稿（GMB / 信頼獲得・GPTs布石版）─ 磨き上げ完成版#主要変更点まとめ（第2稿→第3稿）#【提案1】冒頭強化（案A採用）#{2}":[146,146],"#note第3弾 第3稿（GMB / 信頼獲得・GPTs布石版）─ 磨き上げ完成版#主要変更点まとめ（第2稿→第3稿）#【提案1】冒頭強化（案A採用）#{3}":[147,148],"#note第3弾 第3稿（GMB / 信頼獲得・GPTs布石版）─ 磨き上げ完成版#主要変更点まとめ（第2稿→第3稿）#【提案2】「作ったもの」に具体シーン追加":[149,153],"#note第3弾 第3稿（GMB / 信頼獲得・GPTs布石版）─ 磨き上げ完成版#主要変更点まとめ（第2稿→第3稿）#【提案2】「作ったもの」に具体シーン追加#{1}":[150,150],"#note第3弾 第3稿（GMB / 信頼獲得・GPTs布石版）─ 磨き上げ完成版#主要変更点まとめ（第2稿→第3稿）#【提案2】「作ったもの」に具体シーン追加#{2}":[151,151],"#note第3弾 第3稿（GMB / 信頼獲得・GPTs布石版）─ 磨き上げ完成版#主要変更点まとめ（第2稿→第3稿）#【提案2】「作ったもの」に具体シーン追加#{3}":[152,153],"#note第3弾 第3稿（GMB / 信頼獲得・GPTs布石版）─ 磨き上げ完成版#主要変更点まとめ（第2稿→第3稿）#【提案3】「使ってみて」の順序入替":[154,158],"#note第3弾 第3稿（GMB / 信頼獲得・GPTs布石版）─ 磨き上げ完成版#主要変更点まとめ（第2稿→第3稿）#【提案3】「使ってみて」の順序入替#{1}":[155,155],"#note第3弾 第3稿（GMB / 信頼獲得・GPTs布石版）─ 磨き上げ完成版#主要変更点まとめ（第2稿→第3稿）#【提案3】「使ってみて」の順序入替#{2}":[156,156],"#note第3弾 第3稿（GMB / 信頼獲得・GPTs布石版）─ 磨き上げ完成版#主要変更点まとめ（第2稿→第3稿）#【提案3】「使ってみて」の順序入替#{3}":[157,158],"#note第3弾 第3稿（GMB / 信頼獲得・GPTs布石版）─ 磨き上げ完成版#主要変更点まとめ（第2稿→第3稿）#細部の表現磨き":[159,168],"#note第3弾 第3稿（GMB / 信頼獲得・GPTs布石版）─ 磨き上げ完成版#主要変更点まとめ（第2稿→第3稿）#細部の表現磨き#{1}":[160,160],"#note第3弾 第3稿（GMB / 信頼獲得・GPTs布石版）─ 磨き上げ完成版#主要変更点まとめ（第2稿→第3稿）#細部の表現磨き#{2}":[161,161],"#note第3弾 第3稿（GMB / 信頼獲得・GPTs布石版）─ 磨き上げ完成版#主要変更点まとめ（第2稿→第3稿）#細部の表現磨き#{3}":[162,162],"#note第3弾 第3稿（GMB / 信頼獲得・GPTs布石版）─ 磨き上げ完成版#主要変更点まとめ（第2稿→第3稿）#細部の表現磨き#{4}":[163,163],"#note第3弾 第3稿（GMB / 信頼獲得・GPTs布石版）─ 磨き上げ完成版#主要変更点まとめ（第2稿→第3稿）#細部の表現磨き#{5}":[164,164],"#note第3弾 第3稿（GMB / 信頼獲得・GPTs布石版）─ 磨き上げ完成版#主要変更点まとめ（第2稿→第3稿）#細部の表現磨き#{6}":[165,165],"#note第3弾 第3稿（GMB / 信頼獲得・GPTs布石版）─ 磨き上げ完成版#主要変更点まとめ（第2稿→第3稿）#細部の表現磨き#{7}":[166,166],"#note第3弾 第3稿（GMB / 信頼獲得・GPTs布石版）─ 磨き上げ完成版#主要変更点まとめ（第2稿→第3稿）#細部の表現磨き#{8}":[167,168]},"outlinks":[],"metadata":{"tags":["#Chrome拡張機能","#Genspark","#AI活用","#ノーコード","#生産性向上","#業務効率化"]},"task_lines":[],"tasks":{},"codeblock_ranges":[],"key":"sales/gmb_note_final_v3.md"},